151.99,7.61,15.22,22.85,30.86,38.16,45.84,53.37,61.05,68.77,268.47,82.42,83.46,84.6,82.54,82.81,84.4,83.96,83.88,83.67,83.98
150.95,7.56,15.09,22.67,30.2,37.76,45.32,53.15,60.83,68.14,261.17,79.86,83.65,84.54,83.93,84.45,84.1,84.61,84.66,84.41,375.22
148.26,7.41,14.83,22.29,29.65,37.21,44.62,51.97,59.61,67.04,74.67,81.47,83.59,84.38,84.26,84.35,84.18,84.36,84.27,84.21,84.4
106.52,5.33,10.67,16.01,21.37,26.72,32.06,37.44,42.77,48.19,53.61,58.91,64.41,69.39,75.19,80.4,82.54,83.73,84.44,84.47,84.5
320.56,16.07,32.19,48.31,64.51,80.42,81.8,84.26,84.67,84.42,84.7,84.44,84.04,83.9,84.48,84.43,84.4,84.46,84.14,84.53,84.35
114.91,5.75,11.5,17.26,23.04,28.69,34.62,40.27,46.05,51.84,57.64,63.54,69.76,75.57,80.14,82.96,83.64,391.47,84.68,84.35,84.39
149.63,7.49,14.96,22.46,30.03,37.56,45.03,52.56,137.31,67.81,75.99,83.16,83.34,384.25,84.25,84.47,84.53,84.43,386.0,84.85,83.92
162.22,8.12,16.25,24.32,32.49,40.71,89.81,57.07,65.64,73.5,81.93,83.34,84.64,84.08,84.64,84.41,406.56,84.34,84.21,84.38,84.58
85.3,4.26,8.52,12.8,17.05,21.36,25.58,29.9,34.21,38.53,42.79,82.98,51.4,55.69,60.28,64.47,68.58,72.9,76.54,81.85,82.44
84.54,4.23,8.47,12.69,16.96,21.23,25.45,29.77,49.63,38.2,42.37,46.66,50.98,55.14,59.88,63.88,68.26,72.45,75.84,80.95,83.06
114.6,5.73,11.47,17.21,22.98,28.7,34.49,40.25,46.08,51.9,57.63,63.53,69.21,75.12,80.4,83.71,84.4,84.19,84.44,84.55,84.43
84.52,4.23,8.46,12.71,16.95,21.16,25.42,41.12,33.95,38.11,42.44,46.87,50.94,55.3,59.59,63.83,67.73,272.76,76.31,81.02,82.62
151.5,7.59,15.19,22.85,30.37,38.03,45.46,53.37,61.03,68.76,77.06,82.82,83.61,84.51,84.28,84.45,84.29,84.43,84.63,84.31,84.48
84.1,4.21,8.42,12.65,16.87,21.1,25.36,29.55,33.8,38.0,42.31,81.99,50.84,55.0,59.29,63.39,179.39,72.11,76.41,80.52,82.42
110.61,5.53,11.07,16.62,22.16,27.78,33.33,38.91,44.45,49.96,55.52,61.02,66.69,72.49,78.16,82.8,83.52,83.2,84.62,84.58,84.54
150.73,7.55,15.1,22.68,30.28,37.86,45.49,53.08,60.78,68.35,75.8,351.42,83.65,84.53,84.48,84.14,392.3,83.95,83.98,84.38,84.32
162.19,8.12,16.22,24.37,32.51,65.88,48.76,57.47,65.32,73.38,81.56,83.7,84.29,84.58,84.44,84.51,84.5,84.6,83.43,84.55,84.06
107.49,5.37,10.75,16.11,21.52,26.91,32.33,37.79,43.13,48.54,53.96,130.72,64.84,70.3,76.7,80.74,373.32,85.06,84.48,84.29,84.74
109.01,5.46,10.89,16.37,21.84,27.31,32.67,38.24,73.63,49.3,54.66,60.35,65.74,210.86,76.29,82.17,83.51,83.73,385.78,84.38,84.01
144.91,7.25,14.5,21.8,29.06,36.34,43.7,51.36,58.26,65.59,72.59,80.06,83.13,83.86,83.73,84.23,84.39,84.31,84.4,84.42,83.61
148.23,7.42,14.83,22.24,29.7,37.21,44.64,52.05,59.62,67.22,74.43,341.31,83.33,84.29,84.09,84.19,381.32,84.27,84.28,84.38,84.46
148.34,7.43,14.85,22.31,29.79,37.25,44.75,52.21,59.41,67.0,75.06,82.39,83.69,84.36,84.61,84.5,84.48,84.33,84.62,84.64,380.05
114.47,5.72,11.45,17.19,22.93,28.64,34.44,40.24,45.97,51.79,57.5,63.31,69.12,74.93,80.36,83.39,83.65,84.55,83.73,84.58,396.27
152.69,7.64,15.27,22.93,30.61,38.29,80.66,53.73,61.38,68.83,76.94,359.86,83.43,84.27,84.37,84.48,361.8,84.37,84.67,84.2,84.31
150.97,7.56,15.11,22.7,30.28,37.89,45.73,53.02,60.64,68.1,76.43,82.56,83.57,84.27,84.17,84.25,84.04,84.36,84.48,84.29,84.36
84.45,4.22,8.45,12.66,16.91,21.17,25.39,29.63,33.88,38.14,42.24,81.96,50.94,55.18,59.42,63.78,183.34,72.38,76.32,80.9,82.76
106.97,5.35,10.69,16.1,21.44,26.81,32.14,37.62,43.05,48.41,106.44,59.49,64.51,70.05,74.77,328.14,82.93,83.64,84.31,84.25,382.2
84.52,4.23,8.46,12.71,16.93,21.19,25.41,29.68,33.93,38.26,42.52,81.89,51.0,55.3,59.83,63.82,184.94,72.42,76.46,81.09,83.09
150.84,7.55,15.1,22.71,30.26,37.88,45.46,53.06,60.72,68.26,251.65,82.41,83.26,84.2,84.29,388.15,84.35,84.55,84.31,84.39,374.33
107.01,5.35,10.72,16.08,21.45,26.78,32.16,37.6,42.95,48.42,53.78,58.91,64.41,70.19,75.66,80.46,83.13,83.9,84.18,84.56,84.26
444.4,22.31,44.61,67.21,85.04,84.34,84.35,83.78,84.67,83.93,84.4,84.6,84.39,84.51,84.32,84.23,84.24,84.34,84.16,84.43,84.33
149.83,7.5,14.99,28.5,29.61,37.59,44.94,52.67,60.1,67.72,75.09,82.15,83.59,84.32,84.31,84.16,83.96,84.35,83.92,84.28,84.37
151.0,7.57,15.12,22.71,30.29,37.91,79.09,53.18,60.88,68.12,76.31,82.91,83.74,84.55,84.28,84.36,378.75,84.24,84.65,84.45,83.99
84.67,4.23,8.46,12.7,16.95,21.16,25.44,29.69,33.91,38.19,42.35,80.49,51.04,55.33,59.54,63.8,187.61,72.47,76.51,80.95,83.11
108.38,5.42,10.86,16.28,21.73,27.16,32.55,38.01,43.57,48.97,54.51,59.78,65.21,70.51,76.5,81.37,82.9,83.67,84.47,84.32,84.64
152.68,7.64,15.28,22.93,30.67,38.34,46.0,53.72,61.37,69.18,76.48,82.59,378.62,83.5,84.25,84.36,84.29,391.17,84.32,84.32,84.46
84.46,4.22,8.45,12.68,16.92,21.13,25.33,29.6,33.86,38.11,42.35,81.26,50.87,55.08,59.3,63.89,184.75,72.22,77.11,80.25,82.98
148.64,7.44,14.88,22.34,29.82,37.29,44.76,52.1,59.68,67.16,74.44,82.19,83.58,84.41,84.51,84.39,84.35,84.27,84.32,84.53,84.43
85.15,4.26,9.28,12.79,17.05,21.35,25.62,41.39,34.22,38.54,42.75,47.08,98.03,55.56,59.84,64.37,68.43,72.98,76.85,81.66,82.75
106.52,5.33,11.88,16.03,21.34,26.74,32.07,37.38,42.79,48.31,53.35,58.81,64.37,70.01,74.66,80.41,82.66,82.25,84.44,84.07,84.49
150.1,7.51,15.02,22.52,30.1,37.64,78.72,53.21,60.33,67.91,75.57,82.65,83.65,391.42,84.25,84.33,84.41,84.05,416.23,84.34,84.47
151.58,7.59,15.19,22.78,30.42,38.06,45.7,53.37,60.96,68.74,75.97,83.01,368.35,84.39,84.46,84.43,84.57,378.12,84.44,84.46,84.27
94.84,4.76,9.48,14.22,18.98,23.73,28.5,33.22,37.91,42.73,47.43,101.84,57.34,61.51,66.48,69.61,70.99,72.25,73.32,74.37,75.17
123.92,6.23,12.39,18.61,24.81,31.06,37.27,43.49,49.95,55.86,61.91,68.57,70.7,71.96,73.69,244.78,75.28,75.05,76.06,75.08,74.94
93.67,4.7,9.36,14.04,18.77,23.44,38.23,32.81,37.45,42.32,46.83,99.02,56.54,61.05,65.35,69.73,212.29,72.19,73.26,73.99,75.42
93.97,4.72,9.4,14.1,18.81,23.53,28.23,33.0,37.75,42.33,47.03,51.63,56.59,61.28,65.89,70.3,212.42,72.15,73.02,73.8,74.97
93.6,4.7,9.36,14.02,18.74,23.37,28.11,32.88,37.46,42.22,46.93,51.78,55.91,61.11,65.93,69.69,204.48,71.74,73.54,73.83,74.52
126.39,6.35,12.64,18.95,25.31,31.62,37.94,44.42,50.81,56.94,63.42,69.65,71.13,72.8,73.85,75.3,74.98,74.97,74.95,75.35,75.07
93.88,4.71,9.38,16.21,18.78,23.47,28.23,32.93,37.53,42.45,47.02,51.82,56.26,61.15,66.06,69.58,70.75,72.12,73.22,73.96,74.37
75.68,3.79,7.57,11.34,15.13,18.94,22.69,26.49,30.28,34.03,37.95,68.03,45.53,49.35,53.02,56.75,138.48,64.56,68.05,70.18,71.01
125.51,6.31,12.56,18.85,33.05,31.44,37.8,44.04,50.45,56.66,62.99,69.16,71.02,72.66,73.8,75.17,75.1,75.38,74.99,74.94,75.34
124.94,6.28,12.5,18.75,25.06,31.36,37.66,44.04,50.03,56.34,62.6,192.56,71.38,72.61,73.82,75.04,250.63,75.45,75.05,75.03,74.93
126.92,6.38,12.7,19.08,25.44,31.78,59.19,44.32,50.69,57.4,63.53,195.47,71.3,72.69,74.29,74.93,250.66,75.19,75.09,75.4,75.34
98.98,4.97,9.9,14.85,19.84,24.76,29.73,34.75,39.62,44.62,49.68,54.85,133.7,64.77,69.05,70.72,71.65,231.02,74.04,74.97,74.97
76.01,3.81,7.6,11.41,15.2,19.04,29.08,26.63,30.45,34.36,37.88,41.91,45.64,49.43,53.24,56.87,60.84,64.62,68.6,70.21,71.54
94.06,4.72,9.41,14.1,18.81,23.52,38.28,32.91,37.66,42.38,47.23,51.73,56.46,61.04,66.16,69.77,205.39,71.68,73.68,73.87,75.23
97.13,4.88,9.73,14.58,19.48,24.37,29.2,34.04,38.93,43.77,88.41,53.33,58.37,63.48,68.52,70.14,71.32,72.52,73.85,74.92,75.21
124.07,6.23,12.4,18.61,24.82,31.05,37.26,43.42,49.97,55.71,62.39,68.09,70.82,72.68,73.37,75.25,74.87,75.33,75.16,75.0,75.07
75.7,3.79,7.56,12.69,15.14,18.91,22.65,26.48,30.25,34.09,37.86,41.67,45.47,91.38,53.07,57.2,60.96,64.16,185.16,70.08,71.2
93.13,4.68,9.32,13.99,18.66,23.33,27.94,32.57,37.4,42.19,46.69,98.92,56.0,60.99,65.2,69.87,205.07,71.81,72.72,73.8,74.94
93.57,4.7,9.36,16.18,18.76,23.4,28.05,32.78,37.54,42.13,47.01,51.62,56.18,60.67,65.64,69.62,71.3,72.39,73.29,74.64,74.98
75.91,3.81,7.6,11.4,15.2,19.04,22.82,26.68,30.46,34.24,59.05,41.95,45.74,49.3,53.26,120.85,61.16,64.77,68.59,70.1,71.02
100.6,5.05,10.06,15.09,20.13,25.22,42.23,35.33,40.41,45.52,50.33,55.65,60.7,65.25,69.64,71.03,72.22,73.14,74.33,75.29,75.29
75.66,3.79,7.56,11.35,15.12,18.92,22.72,26.54,30.29,34.08,37.85,41.6,45.35,49.22,52.81,119.89,60.75,64.37,68.05,69.93,70.67
75.58,3.79,7.56,11.35,15.14,18.91,22.71,26.57,30.35,34.06,58.16,41.53,45.42,49.26,52.95,56.83,60.42,64.61,68.53,70.58,70.9
94.07,4.72,9.4,14.1,18.84,23.52,28.27,33.07,57.78,42.33,47.19,51.96,56.5,61.23,65.89,69.68,71.12,72.11,72.94,73.65,75.0
93.9,4.71,9.38,14.09,18.77,23.46,38.27,32.76,37.75,42.24,46.84,99.75,56.59,61.19,65.53,70.38,205.67,72.41,69.32,74.68,74.91
93.96,4.72,9.41,14.1,18.82,23.47,28.23,32.94,37.7,42.46,47.13,53.81,56.42,61.47,65.87,70.11,201.46,72.08,73.45,73.85,75.01
153.64,7.73,15.38,23.09,30.68,38.41,46.48,54.23,61.5,69.6,71.86,73.0,74.52,75.47,75.18,75.26,75.11,74.97,74.95,75.15,75.15
123.11,6.19,12.33,18.47,24.66,30.84,36.97,43.19,49.31,55.44,61.72,183.41,70.65,72.09,73.23,74.5,247.25,75.0,75.02,75.07,74.94
93.26,4.68,9.33,13.97,18.67,23.3,38.09,32.65,37.17,42.06,46.66,74.44,56.07,60.79,65.12,69.54,70.54,71.65,72.66,74.16,74.72
94.61,4.75,9.46,14.2,18.94,23.67,28.41,33.16,37.93,42.63,47.37,100.81,56.93,61.62,66.48,70.23,209.74,72.4,73.49,74.41,75.05
75.52,3.79,7.56,11.34,15.13,18.92,28.86,26.49,30.32,34.17,37.85,41.65,45.46,49.18,53.04,56.76,60.69,64.51,68.55,70.2,71.01
153.84,7.74,15.4,23.08,30.81,38.59,46.17,54.39,61.98,69.67,71.58,73.15,74.52,75.08,75.22,75.18,75.13,75.06,246.73,74.64,74.89
93.98,4.72,9.39,14.1,18.81,23.47,28.23,33.0,37.66,42.27,47.07,98.52,56.44,61.37,66.3,69.69,212.48,72.08,73.03,73.86,74.98
88.91,4.49,8.9,13.35,17.79,22.24,26.71,31.19,35.77,40.14,44.64,49.2,106.49,57.06,58.8,60.57,61.75,152.11,64.31,65.64,66.32
107.13,5.41,10.72,16.09,21.46,26.8,32.27,37.53,71.93,48.46,53.68,57.5,59.83,61.33,62.91,64.56,65.84,67.24,67.73,67.76,67.66
108.53,5.48,10.86,16.3,21.74,27.24,32.59,38.07,43.41,49.03,54.37,57.74,59.96,61.74,63.24,64.56,65.89,67.26,67.7,67.74,67.67
82.66,4.16,8.26,12.4,16.52,20.62,24.81,28.96,33.0,37.19,41.36,45.37,49.64,53.7,57.39,58.71,136.63,61.7,62.85,63.76,64.98
148.91,7.54,14.93,22.34,29.78,37.2,44.72,52.04,125.29,60.52,62.87,64.62,66.47,184.85,67.72,67.59,67.67,67.71,67.8,67.7,67.73
82.95,4.18,8.31,12.45,16.58,20.75,24.91,29.12,33.15,37.4,41.51,45.76,49.82,53.94,57.03,58.68,137.89,61.71,62.64,64.15,64.97
92.34,4.66,9.25,13.88,18.49,23.11,27.74,32.31,37.02,41.6,46.22,50.93,55.55,58.06,59.5,61.33,62.49,63.9,65.41,66.31,67.28
106.88,5.39,10.68,16.01,21.38,35.65,32.05,37.4,42.75,48.11,53.47,57.4,59.46,61.33,62.91,161.44,66.0,66.75,67.72,67.71,68.17
68.44,3.44,6.84,10.26,13.68,17.11,20.53,23.96,27.37,30.81,34.22,37.54,41.08,44.64,47.96,51.54,54.71,57.33,129.79,59.84,60.87
107.35,5.42,10.74,16.12,21.51,26.86,32.27,37.61,42.87,48.44,53.66,57.43,103.87,61.71,62.91,64.15,65.88,178.53,67.82,67.84,67.73
105.59,5.33,10.56,15.84,21.13,26.48,31.67,36.91,42.27,47.78,52.85,57.31,59.36,60.96,63.09,64.26,65.45,66.75,67.7,68.12,67.73
107.78,5.44,10.78,16.19,21.57,26.97,32.33,37.75,43.01,48.54,53.84,57.71,59.84,144.86,63.33,64.56,65.51,67.21,67.7,67.69,67.72
106.69,5.38,10.67,15.97,21.29,26.66,32.07,37.43,42.65,47.99,53.19,57.42,59.41,61.46,62.63,64.11,65.45,66.9,68.31,67.85,68.21
68.24,3.43,6.82,10.24,13.65,17.05,20.43,23.93,27.34,30.73,34.04,37.5,40.93,44.23,47.88,51.16,110.77,57.38,58.44,59.51,60.89
86.89,4.37,8.69,13.03,17.37,21.66,26.06,30.46,34.73,39.08,43.44,85.35,52.24,56.69,58.18,59.8,143.2,62.54,63.68,65.01,65.88
82.53,4.16,8.26,12.39,16.51,20.6,24.85,28.99,33.08,37.14,41.32,45.45,49.74,53.72,57.23,58.44,59.89,61.75,62.51,63.71,65.21
174.59,8.86,17.46,26.2,52.14,43.67,52.27,58.56,61.38,64.25,66.33,67.77,67.73,68.17,67.82,67.89,68.16,67.72,67.84,68.14,67.73
68.36,3.44,6.84,10.25,13.68,17.11,20.56,23.94,27.32,30.83,34.14,37.64,41.06,44.39,47.88,51.51,111.83,57.32,58.78,59.64,60.98
68.53,3.45,6.86,10.29,13.73,17.15,20.58,24.03,27.42,30.88,34.32,37.66,41.07,44.62,48.08,51.46,54.92,123.63,58.44,59.85,60.92
82.72,4.17,8.29,12.43,16.59,20.72,24.85,28.93,33.13,37.24,41.41,78.73,49.51,53.81,57.39,58.87,136.74,61.71,63.01,63.73,64.99
114.96,5.81,11.51,17.26,23.04,39.23,34.53,40.27,45.98,51.75,56.99,59.06,61.33,62.9,64.2,65.99,67.25,67.67,68.13,68.16,67.69
83.04,4.18,8.3,12.45,16.59,20.71,24.9,29.06,33.25,37.31,41.44,45.76,49.77,54.18,57.31,58.79,60.24,61.66,62.89,63.75,65.42
91.45,4.6,9.14,13.71,22.05,22.86,27.45,32.07,36.61,41.11,45.74,50.39,54.81,57.74,59.46,60.67,62.14,63.59,65.0,65.89,66.78
83.67,4.21,8.35,12.55,16.75,20.92,25.09,29.26,33.48,37.51,41.82,46.1,50.2,54.33,57.38,59.03,60.22,61.76,62.84,64.14,65.43
106.93,5.4,10.71,16.07,21.43,26.73,31.78,37.46,42.8,48.18,53.4,57.65,59.52,61.32,62.95,64.66,65.84,66.81,67.71,67.7,68.14
68.38,3.44,6.84,11.36,13.69,17.1,20.54,23.94,27.38,30.83,34.21,37.73,41.06,44.67,47.9,51.44,54.74,57.15,58.28,59.86,60.73
68.69,3.45,6.86,10.29,13.74,20.44,20.58,24.02,27.47,30.88,34.31,37.65,41.24,44.66,48.12,51.53,55.17,57.5,58.9,59.81,60.87
82.07,4.13,8.2,12.3,16.39,20.51,24.61,28.76,32.82,36.95,41.02,45.12,91.66,53.33,57.06,58.77,59.99,61.33,62.68,63.71,65.11
107.27,5.41,10.72,16.08,21.47,26.81,46.11,37.53,43.07,48.32,53.52,57.35,59.45,61.36,62.98,64.57,65.86,66.75,67.84,67.8,67.8
106.73,5.39,10.69,16.02,21.36,26.71,32.02,37.5,42.74,48.12,53.42,124.54,59.54,61.48,62.92,64.56,65.85,66.76,67.7,67.7,67.7
68.67,3.45,6.86,10.29,13.73,17.14,20.59,23.99,27.44,30.82,34.33,58.09,41.09,44.66,48.1,51.47,54.73,57.41,58.78,59.8,60.96
82.96,4.18,8.3,12.46,16.6,20.74,24.91,29.13,33.32,37.4,41.51,45.71,49.89,53.97,57.26,59.12,137.02,61.72,62.91,64.08,65.02
82.26,4.14,8.22,13.95,16.47,20.58,24.68,28.79,32.9,36.96,41.25,45.14,49.56,106.21,56.95,58.61,59.75,61.37,62.54,63.72,65.01
82.39,4.15,8.24,12.35,16.48,20.6,24.75,28.85,33.0,37.21,41.24,45.35,49.52,53.6,57.13,58.83,59.86,61.34,62.91,63.67,64.73
82.95,4.18,8.31,12.46,16.59,75.46,24.89,29.09,33.17,37.35,41.42,45.68,50.05,53.86,57.13,58.73,60.57,61.76,63.01,64.1,64.97
87.28,4.39,8.72,13.08,17.45,21.82,26.19,30.54,34.91,39.26,43.61,48.2,52.33,56.6,58.41,59.66,61.74,62.53,63.87,65.06,66.36
92.3,4.65,9.21,13.83,18.43,23.11,27.67,32.28,36.89,41.52,46.04,50.91,55.31,58.18,59.61,61.27,62.47,63.75,65.01,65.91,67.24
68.92,3.47,6.9,10.35,13.8,17.24,20.72,31.19,27.66,31.04,34.56,37.92,41.44,44.93,48.16,51.76,55.2,59.2,58.64,60.09,61.25
68.26,3.43,6.82,10.24,13.64,20.33,20.47,23.88,27.28,30.76,34.11,37.56,40.95,44.33,47.83,51.23,54.56,57.21,58.42,59.84,60.93
68.84,3.46,6.88,10.32,13.76,17.19,20.63,24.08,27.53,30.97,34.52,37.86,41.3,44.74,48.04,51.61,55.12,57.39,58.42,59.71,60.84
90.66,4.57,9.07,13.59,18.12,22.69,27.2,31.75,36.23,40.79,45.32,50.06,54.38,57.34,59.16,60.6,62.26,63.23,64.6,65.86,66.84
86.24,4.34,8.63,12.94,17.2,21.57,34.21,30.11,34.54,38.94,43.0,47.42,51.96,55.98,57.99,59.55,60.99,62.12,63.69,64.62,65.83
74.05,3.74,7.4,11.09,14.82,18.52,22.26,25.87,29.61,33.33,36.99,40.72,44.22,46.15,47.88,49.23,50.88,52.24,53.65,55.13,56.42
92.98,4.72,9.3,13.97,18.59,23.23,27.89,32.65,37.28,41.8,45.22,45.69,49.59,51.66,53.33,54.92,56.45,57.88,58.79,60.33,61.36
92.5,4.7,9.26,13.89,18.52,23.16,27.81,32.49,56.78,41.73,45.02,47.42,49.59,51.4,53.17,54.55,56.12,57.71,59.13,60.2,61.35
74.69,3.77,7.46,11.19,14.92,24.23,22.44,26.12,29.86,33.53,37.29,41.01,44.37,46.28,47.9,92.83,51.13,52.8,53.94,55.55,56.39
74.31,3.76,7.44,11.16,14.89,18.6,22.32,26.09,29.77,33.54,37.26,41.04,44.41,46.1,47.88,49.56,51.12,52.48,53.96,55.14,56.12
74.14,3.75,7.42,11.14,14.85,18.54,22.26,25.99,29.67,33.49,37.1,40.8,44.42,46.35,47.93,49.62,50.88,52.48,53.74,55.13,56.18
62.55,3.16,6.25,9.39,12.53,15.63,18.78,21.92,25.01,28.19,31.32,34.53,37.63,40.72,43.75,78.85,47.23,48.59,49.8,51.2,52.23
74.5,3.76,7.44,11.17,14.88,22.53,22.35,25.99,29.79,33.54,37.16,41.02,44.26,46.36,47.89,49.62,51.11,52.48,54.02,55.17,446.81
74.16,3.75,7.43,11.14,14.84,18.52,28.14,25.99,29.73,33.32,37.06,172.11,44.29,46.09,47.88,49.34,51.12,52.48,53.64,55.16,56.4
93.16,4.73,9.31,14.0,18.65,23.32,27.93,46.95,37.3,41.96,45.24,47.72,49.57,51.67,53.36,54.84,56.12,57.74,58.91,60.38,61.71
62.36,3.15,6.24,9.36,12.5,15.62,18.75,21.87,24.97,28.06,31.2,34.23,37.38,40.72,43.71,45.44,46.98,48.42,49.84,51.18,52.28
62.73,3.17,6.28,9.43,12.57,15.69,18.81,22.0,25.13,28.25,31.41,34.58,37.58,40.82,44.06,45.5,83.56,48.59,50.14,51.4,52.23
92.89,4.71,9.28,13.91,18.53,23.21,27.91,32.52,37.13,41.75,45.23,47.41,49.57,51.38,53.07,54.84,118.14,57.74,59.11,60.21,61.31
94.2,4.78,9.42,16.3,18.82,23.56,28.2,32.97,37.78,42.35,45.45,47.88,49.92,52.62,53.62,55.16,56.72,58.08,59.48,59.82,61.72
101.66,5.16,10.16,15.24,20.34,25.37,30.49,35.58,40.53,44.76,47.22,92.58,51.69,53.63,55.44,56.76,58.33,59.57,61.08,62.12,62.11
73.83,3.73,7.38,11.07,14.76,18.45,22.15,25.84,29.63,33.23,36.99,40.54,43.97,46.07,47.65,49.35,51.12,52.49,53.72,55.19,56.35
74.41,3.76,7.44,11.16,14.89,18.64,22.34,26.03,29.76,33.49,37.3,40.95,44.49,46.11,47.88,49.57,51.12,52.51,53.91,55.15,56.46
82.99,4.2,8.3,12.46,16.61,20.74,24.88,29.11,33.2,37.37,41.45,77.26,46.97,48.86,50.42,52.23,108.16,55.06,56.41,57.77,58.74
77.46,3.92,7.74,11.62,15.49,19.38,121.9,27.11,30.97,34.86,38.66,42.46,45.23,47.19,48.8,50.34,51.97,53.63,54.88,55.84,57.07
74.5,3.77,7.46,11.2,14.92,18.66,22.39,26.12,29.87,33.54,37.31,66.79,44.18,46.33,47.94,49.58,97.08,52.48,53.94,55.23,56.42
62.41,3.15,6.24,9.36,12.48,15.59,18.73,21.83,24.99,28.08,31.2,34.25,37.47,40.7,43.75,45.48,83.09,48.35,49.65,51.2,52.24
125.63,6.4,12.55,18.85,25.15,31.42,37.66,43.84,84.28,49.81,52.5,54.63,56.73,58.42,59.48,61.72,61.74,62.14,145.25,62.11,61.74
62.36,3.15,6.24,9.36,12.47,15.62,18.72,21.82,24.92,28.09,31.17,34.37,37.55,40.5,43.69,45.44,83.36,48.36,49.88,51.13,52.22
92.91,4.72,9.3,13.95,18.61,23.31,27.93,32.51,37.23,41.98,45.16,47.65,49.58,51.35,53.09,54.82,56.41,124.83,58.79,60.6,61.48
73.88,3.73,7.39,11.07,14.77,18.45,22.13,25.86,29.55,33.3,37.03,40.62,44.01,45.95,47.71,49.33,96.7,52.5,53.9,55.1,55.95
83.73,4.25,8.38,12.56,16.76,21.0,25.18,29.31,33.54,37.83,41.92,45.02,47.24,49.11,50.86,52.51,53.98,55.17,56.75,58.07,59.23
74.1,3.75,7.42,11.13,14.84,18.59,22.28,25.98,29.71,33.33,37.06,40.97,44.22,46.07,47.88,49.62,51.2,52.5,54.01,55.15,56.46
74.45,3.76,7.44,11.17,14.89,18.62,22.34,26.02,29.75,33.49,37.3,40.93,44.2,46.29,47.95,49.58,51.12,52.57,53.92,55.14,56.38
93.62,4.68,9.36,14.05,18.73,23.43,28.07,32.78,37.4,42.24,45.52,47.89,49.82,51.68,53.37,55.05,119.81,58.07,59.14,60.2,61.39
74.39,3.76,7.44,11.16,14.88,18.62,22.36,26.05,29.8,33.41,37.29,41.07,44.48,46.14,47.89,49.57,51.11,52.51,53.66,55.23,56.41
62.3,3.14,6.22,9.32,12.44,15.54,18.65,21.74,32.4,28.03,31.14,34.21,37.33,40.45,43.66,45.23,46.92,48.36,49.56,51.11,52.12
77.14,3.91,7.72,11.59,15.45,23.59,23.21,27.04,30.96,34.68,38.72,42.4,45.23,47.17,48.84,95.31,52.27,53.37,54.86,56.08,57.35
62.65,3.16,6.26,9.39,12.52,15.67,54.22,21.92,25.04,28.2,31.32,34.53,37.61,40.63,43.8,45.44,83.51,48.37,49.89,51.16,52.22
74.29,3.75,7.42,11.13,14.85,18.57,22.28,25.97,29.68,33.43,37.15,40.98,44.21,46.13,47.87,49.64,51.12,52.52,53.93,55.16,56.39
74.49,3.76,7.44,11.17,14.89,53.0,22.35,26.09,29.77,33.42,37.24,40.87,44.12,46.07,48.11,92.6,51.12,52.48,54.01,55.23,56.15
62.3,3.14,6.22,9.33,12.44,15.54,53.1,21.73,24.87,28.05,31.16,34.23,37.32,40.45,43.38,45.25,46.95,48.42,49.81,50.87,52.2
77.22,3.91,7.72,11.57,15.44,19.32,23.17,27.05,30.94,34.83,60.26,42.6,45.01,47.19,48.85,95.0,52.2,53.36,54.83,55.79,57.17
74.81,3.78,7.48,11.22,14.97,18.72,28.37,26.15,29.93,33.68,37.42,66.87,44.38,46.32,48.11,49.59,97.55,52.77,53.95,55.18,56.49
62.34,3.15,6.24,9.37,12.48,15.6,18.72,21.82,24.99,28.07,31.21,34.31,37.38,40.67,43.73,45.48,46.98,48.4,50.14,51.12,52.24
62.69,3.16,6.26,9.39,12.51,18.35,18.78,21.89,25.0,28.18,31.35,34.49,37.61,40.72,43.72,45.45,46.97,48.36,49.72,51.13,52.34
62.64,3.16,6.26,10.29,12.53,15.63,18.78,21.96,25.09,28.17,31.24,34.41,37.57,42.7,43.87,45.66,46.96,48.62,93.13,50.89,52.24
75.01,3.79,7.5,11.25,15.01,18.73,22.55,26.26,30.06,33.75,37.51,41.32,44.41,46.36,48.17,49.9,51.14,52.85,53.95,55.24,56.75
62.34,3.15,6.24,9.36,12.48,15.62,18.72,21.88,24.95,28.16,31.31,34.38,37.41,40.46,43.74,45.44,46.75,48.32,92.55,51.11,52.21
74.07,3.74,7.4,11.1,14.8,52.2,22.19,25.93,29.61,33.33,37.05,40.72,43.99,45.88,47.65,49.56,51.12,52.52,53.69,55.15,56.17
74.26,3.75,7.42,11.12,14.84,18.55,22.32,25.97,29.63,33.4,37.11,40.85,44.21,46.14,47.88,49.56,97.5,52.57,53.67,55.13,56.4
74.27,3.75,7.42,11.13,14.84,18.54,22.26,25.97,29.73,33.4,37.21,65.9,44.18,46.06,47.87,49.57,98.29,52.49,53.73,54.91,56.4
62.34,3.15,6.24,9.36,12.48,15.6,18.72,21.88,24.99,28.15,31.19,34.26,37.48,40.58,43.57,45.41,46.97,48.35,49.59,50.88,52.21
92.96,4.72,9.3,13.95,18.6,123.82,27.99,32.5,37.29,41.76,45.47,47.45,49.58,51.66,53.34,111.97,56.14,57.84,59.13,60.21,61.35
92.73,4.71,9.27,16.0,18.59,23.24,27.85,32.51,37.13,41.74,45.18,47.49,49.57,51.39,53.07,54.56,56.13,57.77,59.16,60.28,61.37
92.95,4.72,9.3,13.97,18.59,23.26,27.89,32.64,37.15,41.73,44.96,47.64,49.82,51.34,53.34,54.83,56.4,57.73,58.78,60.21,61.73
73.99,3.74,7.4,11.09,14.8,18.48,22.2,25.92,29.61,33.31,36.91,65.66,44.01,46.1,47.89,49.58,68.82,52.48,53.73,54.86,56.09
77.6,3.93,7.76,11.64,15.51,19.41,23.28,27.17,31.11,34.99,38.93,71.01,45.2,47.18,48.83,50.62,101.67,53.64,54.94,56.1,57.39
93.08,4.72,9.29,13.97,22.5,23.24,27.9,32.55,37.14,41.97,45.22,47.65,49.54,51.58,53.38,55.24,56.53,57.73,58.9,60.31,61.38
83.68,4.24,8.36,12.54,16.73,26.04,25.13,29.28,33.45,37.62,41.74,45.02,47.18,48.9,50.85,102.48,53.92,55.16,56.83,57.82,59.23
93.19,4.73,9.33,14.0,18.64,23.34,27.97,32.64,37.29,42.0,45.15,47.58,49.53,51.41,53.32,54.84,118.08,57.83,59.23,60.25,61.33
93.36,4.74,9.34,14.02,18.71,23.34,28.04,32.71,37.51,41.89,45.46,47.64,49.86,51.45,53.35,55.14,56.52,57.74,59.14,60.2,61.86
75.95,3.87,7.6,11.41,15.22,19.03,22.82,26.61,30.37,33.16,53.1,37.75,39.59,41.42,43.24,76.74,46.37,47.88,49.14,50.59,51.65
77.2,3.93,7.72,11.58,15.43,19.32,23.16,27.03,30.81,33.4,35.83,37.97,39.9,41.78,43.62,45.22,46.74,48.17,49.34,50.85,51.92
82.46,4.2,8.93,12.36,16.47,20.59,24.73,28.83,32.3,34.94,37.2,39.37,41.59,43.27,45.04,46.74,48.35,92.51,50.88,52.21,53.64
67.45,3.43,6.74,10.1,13.49,16.85,20.2,23.61,26.96,30.38,32.83,34.82,36.78,38.7,40.41,42.02,43.7,44.82,46.1,47.43,48.92
82.42,4.2,8.25,12.37,16.48,20.57,24.74,28.84,45.94,34.94,37.32,39.37,41.42,43.43,45.02,46.76,48.14,49.57,51.13,52.23,53.65
67.08,3.41,6.7,10.07,13.4,16.74,20.11,23.47,26.81,30.23,32.61,51.46,36.62,38.5,40.23,41.78,73.02,45.03,46.3,47.44,48.58
67.2,3.42,6.72,10.08,13.45,16.81,20.13,23.5,26.91,30.23,32.71,51.54,36.77,38.65,40.26,41.95,43.43,44.84,46.3,47.42,48.83
66.96,3.41,6.7,10.05,13.4,16.74,20.13,23.41,26.78,30.13,32.7,34.81,36.76,38.51,40.2,41.94,43.23,44.81,45.85,47.44,48.58
81.68,4.16,8.16,12.24,16.35,20.44,24.45,28.63,32.08,34.69,37.05,61.73,41.31,43.05,44.83,46.51,86.59,49.65,50.85,52.22,53.34
82.16,4.19,8.21,12.33,16.42,20.56,24.71,28.7,32.23,34.82,37.2,39.42,67.44,43.26,45.05,46.74,48.34,49.67,50.87,52.21,53.63
82.78,4.23,8.28,12.42,16.56,20.72,24.9,28.94,32.41,34.93,37.15,39.44,41.59,43.26,45.3,46.73,48.35,49.82,97.5,52.48,53.63
82.5,4.21,8.25,12.4,16.5,20.63,24.74,39.54,32.33,34.97,37.32,39.58,67.59,43.24,45.23,46.76,48.57,49.6,50.87,52.28,53.39
57.52,2.92,5.76,8.63,11.53,16.66,17.28,20.19,23.05,25.9,28.83,31.45,33.39,35.06,36.76,38.34,39.74,41.25,42.49,43.83,45.03
83.39,4.29,8.34,12.52,16.68,20.82,24.99,29.18,32.52,35.05,57.76,39.6,41.78,43.63,45.26,46.97,48.59,50.07,51.42,52.77,53.93
57.51,2.92,5.76,8.64,11.52,14.39,17.33,20.19,23.07,25.9,28.8,31.45,33.32,35.17,36.78,38.35,39.74,41.24,42.51,43.81,45.11
67.52,3.44,7.22,10.15,13.52,16.91,20.31,30.39,27.05,30.5,29.65,34.96,56.0,38.79,40.39,42.12,43.61,44.83,46.52,47.64,48.82
81.8,4.17,8.18,12.27,16.35,20.49,24.55,28.57,32.07,34.69,56.75,39.32,41.31,43.23,44.89,46.53,47.9,49.32,50.84,52.23,53.41
66.86,3.4,6.68,10.03,13.36,16.71,20.06,23.42,26.71,30.1,32.61,34.56,36.63,38.38,40.23,41.77,43.24,44.82,45.87,47.43,48.36
67.14,3.42,6.72,10.08,13.43,16.81,20.18,23.55,26.92,30.27,32.74,34.81,36.63,38.53,40.24,41.94,43.46,44.84,46.1,47.64,48.82
66.97,3.41,6.7,10.04,13.4,16.73,24.78,23.47,26.82,30.2,32.62,34.81,36.65,38.55,40.23,41.95,43.25,44.82,46.08,47.41,48.6
76.56,3.9,7.66,11.49,15.3,19.15,29.27,26.82,30.64,33.28,35.58,37.77,39.74,41.65,43.25,44.85,46.74,47.84,49.36,50.67,51.68
66.98,3.4,6.7,10.06,13.41,16.77,20.13,23.47,26.84,30.23,32.76,34.7,36.63,38.51,40.23,41.77,43.44,44.63,46.09,47.47,48.59
82.48,4.2,8.24,12.36,16.48,20.63,24.77,28.92,32.29,34.97,37.23,62.01,41.42,43.28,45.09,46.73,48.34,49.81,51.12,52.49,53.37
67.0,3.41,6.7,11.09,13.4,16.76,20.13,23.49,26.81,30.2,32.64,34.69,36.63,38.59,40.23,41.77,43.43,44.89,46.08,47.42,48.69
66.98,3.41,6.7,10.04,13.41,16.77,20.13,23.49,26.81,30.13,32.72,34.66,36.63,38.5,40.2,41.78,43.36,44.81,46.3,47.42,48.79
77.85,3.96,7.78,11.67,15.57,19.45,23.35,27.17,31.17,33.62,36.01,38.0,40.06,41.95,43.81,45.54,46.96,48.34,91.97,51.13,52.23
66.93,3.41,6.7,11.1,13.4,16.73,20.11,23.41,26.81,30.33,32.62,34.68,36.76,38.45,40.26,41.82,43.43,44.82,46.15,47.42,48.59
124.13,6.52,12.42,18.65,24.81,30.98,34.95,38.48,41.59,44.28,46.75,49.07,51.2,53.05,54.96,56.35,56.86,56.83,57.16,56.73,57.06
83.74,4.28,8.38,12.57,16.76,20.95,25.11,29.41,32.62,35.19,37.6,39.77,41.78,43.82,45.46,47.19,48.64,50.06,51.4,52.51,53.94
77.29,3.93,7.73,11.58,15.43,59.2,23.21,27.03,30.93,33.37,35.82,37.9,39.95,41.78,43.62,45.04,46.76,48.11,49.56,50.85,51.93
82.3,4.2,8.24,12.36,16.48,20.62,24.78,28.86,32.28,34.94,37.33,39.41,41.41,43.25,45.02,46.8,48.12,49.59,51.19,52.22,53.36
67.48,3.43,6.74,10.11,13.49,16.85,20.19,23.59,26.94,30.38,32.73,34.85,36.8,38.65,40.25,41.99,43.45,44.84,46.38,47.65,48.85
67.11,3.41,6.72,10.08,13.45,16.81,20.19,23.57,26.84,30.23,32.73,34.81,36.76,38.57,40.25,41.94,72.87,44.81,46.12,47.65,48.83
57.34,2.91,5.74,8.61,19.17,14.37,17.02,20.13,23.0,25.8,28.8,31.36,33.17,34.94,36.63,38.35,39.59,41.08,42.39,43.83,44.88
82.37,4.2,8.24,12.35,16.48,73.39,24.7,28.8,32.29,34.93,37.3,39.46,41.42,43.43,45.03,46.72,48.35,49.54,50.87,52.29,53.63
67.32,3.43,6.74,11.17,13.48,16.85,20.25,23.57,26.92,30.28,32.72,34.84,36.77,38.65,40.28,41.96,43.43,44.81,46.29,47.64,48.83
57.23,2.9,5.72,8.58,12.82,14.3,17.15,20.06,22.86,25.72,28.66,31.37,33.16,34.82,55.28,38.05,39.74,41.14,42.33,43.62,44.85
67.23,3.41,6.72,10.08,15.38,16.81,20.17,23.48,26.91,30.23,32.75,34.82,36.78,38.6,40.24,41.95,43.46,44.83,46.1,47.65,48.62
82.79,4.23,8.28,12.42,16.55,20.7,32.4,28.95,32.41,34.98,37.51,39.45,41.59,43.3,45.29,46.8,48.59,49.85,51.22,52.48,53.66
82.31,4.2,8.25,12.38,16.47,20.63,24.71,28.8,32.3,34.93,37.21,39.43,41.41,43.25,45.23,46.73,48.15,92.86,51.12,52.2,53.34
82.64,4.21,8.26,12.4,16.51,20.63,24.82,28.92,32.3,34.92,37.28,39.45,41.59,43.24,45.23,46.76,48.36,49.83,51.12,52.21,53.64
82.3,4.2,8.25,12.36,16.48,20.58,24.74,28.78,32.31,34.94,37.32,62.31,41.47,43.24,45.1,46.85,48.24,49.91,51.14,52.23,53.46
57.53,2.92,5.76,8.64,11.51,14.4,17.33,20.14,23.01,25.88,28.8,31.53,33.29,35.04,36.8,38.34,39.73,41.25,42.68,43.82,45.02
82.61,4.21,8.26,12.4,16.51,20.7,24.83,28.94,32.3,34.92,37.32,39.43,41.41,43.43,45.04,46.96,48.35,49.82,51.11,52.48,53.63
82.84,4.22,8.28,12.42,16.59,20.71,24.82,29.06,32.41,34.94,37.47,39.58,41.59,43.58,45.25,46.76,48.35,49.83,51.11,52.51,53.92
67.21,3.41,6.72,10.08,13.45,16.81,24.8,23.54,26.89,30.25,32.75,51.45,36.68,38.49,40.23,41.95,72.9,44.82,46.17,47.4,48.82
57.98,2.97,5.78,8.42,10.87,13.22,15.42,17.57,19.51,21.39,23.28,24.92,26.53,28.21,29.66,31.2,32.27,33.77,35.07,36.21,37.33
56.11,2.89,5.6,8.18,10.57,13.3,17.48,17.11,19.03,20.85,22.69,24.48,25.97,27.58,28.88,30.51,31.87,33.17,34.33,35.31,36.5
57.67,2.96,5.74,8.35,10.81,14.97,15.37,17.47,19.4,21.35,23.1,24.92,26.46,28.05,29.51,30.97,32.43,33.73,34.81,35.97,37.05
56.45,2.9,5.62,8.18,10.6,14.68,15.09,17.14,19.18,20.93,22.78,24.5,26.11,27.6,28.96,30.61,31.87,33.27,34.32,35.44,36.62
66.28,3.38,6.53,9.47,12.21,14.83,17.23,19.49,21.68,23.72,231.34,27.42,29.15,30.78,32.29,49.29,35.19,36.63,37.95,39.26,40.45
49.27,2.52,4.92,7.23,9.39,11.47,13.43,15.32,17.14,18.81,20.47,27.8,23.6,25.0,26.39,27.76,28.96,30.21,31.37,32.54,33.77
56.23,2.89,5.6,8.16,10.58,12.9,15.04,17.13,19.07,20.94,22.73,24.38,25.97,27.66,28.96,30.39,44.74,33.05,34.33,35.32,36.76
100.91,5.07,9.63,13.73,17.47,76.47,24.01,27.0,29.48,31.88,34.33,36.21,38.54,40.07,41.78,43.62,77.27,46.8,48.18,48.82,49.08
66.28,3.38,6.53,10.39,12.23,14.81,17.23,19.56,21.64,23.72,25.7,27.43,29.14,43.1,32.3,33.85,35.19,36.49,58.47,39.27,40.23
67.04,3.42,6.6,9.58,12.34,15.0,17.39,19.72,21.92,24.01,25.84,27.7,29.57,31.07,32.74,34.33,35.44,37.09,38.49,39.43,40.76
66.87,3.41,6.58,9.55,12.32,31.1,17.38,19.64,21.82,23.89,251.97,27.74,29.48,31.1,32.77,49.67,35.31,36.9,38.2,39.42,40.57
49.01,2.51,4.9,7.21,9.36,18.95,13.41,15.27,17.03,18.77,20.37,21.97,23.49,24.92,26.2,27.66,28.79,30.11,31.27,32.62,33.5
65.34,3.34,6.46,9.37,12.11,14.66,17.05,19.37,21.4,23.5,25.52,27.22,29.04,30.49,32.22,33.62,51.97,36.36,37.91,38.99,39.9
56.64,2.91,5.64,8.42,10.65,12.95,15.13,17.17,19.18,20.98,22.78,24.54,34.56,27.66,29.13,30.43,32.0,47.87,34.32,35.69,36.9
67.32,3.44,6.64,9.64,12.41,15.04,17.51,19.79,21.84,24.07,34.34,27.83,29.58,31.37,32.76,50.65,35.82,37.08,38.38,39.79,40.73
65.93,3.37,6.51,9.45,12.2,14.79,17.15,19.52,21.65,23.6,25.58,27.35,29.14,30.78,32.33,33.97,51.98,36.5,37.91,39.11,40.11
65.56,3.35,6.47,9.4,13.7,14.68,17.07,19.38,21.49,23.54,25.38,27.27,29.13,30.58,45.65,33.62,35.18,36.49,37.76,39.12,40.24
64.99,3.32,6.42,9.33,12.03,14.59,17.03,19.26,21.34,23.43,25.24,27.05,28.79,30.3,31.98,33.61,51.35,36.22,37.32,38.64,39.74
66.34,3.39,6.55,9.5,12.27,14.86,17.26,19.52,21.78,23.72,25.73,27.5,29.22,30.78,32.49,33.88,52.39,36.77,37.9,39.11,40.28
66.37,3.39,6.55,9.5,12.26,14.84,17.23,19.52,21.72,23.72,33.83,27.58,29.31,30.89,32.51,49.44,35.44,36.77,37.9,39.27,40.57
57.89,2.97,5.76,8.37,10.86,13.19,17.97,17.49,19.47,21.39,23.16,182.42,26.53,28.01,29.57,30.97,46.44,33.73,35.06,36.22,37.32
49.56,2.54,4.96,7.27,9.47,11.55,13.53,15.41,17.2,18.96,20.6,22.22,23.73,25.2,26.47,27.97,29.08,30.39,31.7,32.83,34.01
66.8,3.41,6.59,9.54,12.34,14.9,17.36,19.68,27.33,23.77,25.84,27.59,29.4,31.1,32.73,34.09,35.52,36.9,37.95,39.43,40.55
56.23,2.89,5.6,8.16,10.58,23.31,15.04,17.12,19.07,20.89,22.67,24.43,25.9,27.58,28.96,30.39,44.97,32.97,34.34,35.44,36.63
66.52,3.4,6.57,9.53,12.28,14.9,20.63,19.63,21.77,23.77,25.77,229.68,29.49,30.97,32.61,34.08,46.97,36.9,37.9,39.42,40.39
65.41,3.34,6.46,9.37,12.11,14.66,17.05,19.37,21.44,23.54,25.43,27.12,28.96,30.61,32.08,33.63,35.06,36.36,37.94,38.95,40.08
66.04,3.37,6.52,9.45,12.17,14.76,17.17,19.52,21.63,23.66,25.57,27.35,29.25,30.79,32.33,33.89,35.31,36.5,37.9,60.98,40.4
65.46,3.34,6.46,9.36,12.11,14.68,17.11,19.29,21.5,23.53,25.31,27.21,28.9,30.68,32.19,33.65,35.06,36.22,37.6,38.8,40.07
66.71,3.41,6.59,9.55,12.33,17.33,17.38,19.68,21.82,23.89,25.77,27.58,29.31,31.0,32.61,34.15,35.44,36.9,38.34,39.28,40.73
66.34,3.39,6.55,9.5,12.24,17.27,17.26,19.56,21.72,23.73,25.64,27.58,29.14,31.0,32.41,34.12,35.47,36.8,38.04,39.48,40.44
58.59,3.01,5.83,8.48,11.0,13.34,15.58,17.69,19.71,21.62,23.38,32.83,26.68,28.38,29.96,31.3,32.62,33.97,35.31,36.41,37.61
65.93,3.37,6.52,9.44,12.19,14.79,17.21,19.46,21.64,23.67,33.51,27.5,29.24,30.87,32.3,33.74,35.2,36.49,37.75,39.11,40.23
49.53,2.54,4.96,7.27,9.46,11.55,13.55,15.41,17.2,18.96,20.6,27.93,23.71,25.24,26.54,27.89,29.31,30.31,31.77,32.72,33.85
66.06,3.37,6.52,9.46,12.19,17.13,17.22,19.49,21.58,23.66,233.07,27.35,29.13,30.87,32.3,33.85,35.35,36.77,38.05,39.01,40.06
56.45,2.9,5.62,8.2,10.63,12.92,15.08,17.18,19.14,20.98,22.67,24.43,25.97,27.74,29.16,30.59,31.87,33.05,34.21,35.7,36.63
56.5,2.91,5.64,8.23,10.65,12.94,15.11,17.19,19.14,21.02,22.83,24.57,26.11,27.67,29.24,30.49,31.88,33.17,34.56,35.57,36.64
67.21,3.43,6.63,9.6,12.4,15.33,17.44,19.76,21.92,23.95,25.97,27.65,29.57,31.07,32.72,34.08,35.7,37.25,38.35,39.43,40.73
57.89,2.97,5.75,8.37,10.86,15.02,15.41,17.47,19.51,21.36,23.16,24.94,26.46,27.97,29.57,42.25,32.29,33.5,34.84,36.11,42.91
56.89,2.92,5.66,8.23,10.69,14.76,15.17,17.25,19.21,21.08,22.89,24.67,26.18,27.66,29.31,39.97,31.84,33.28,34.6,35.57,36.9
56.44,2.9,5.62,8.2,10.64,14.7,15.11,17.14,19.12,20.93,108.63,24.37,26.11,27.52,29.14,30.43,31.88,33.21,34.37,35.61,36.91
67.46,3.44,6.64,9.63,12.43,15.03,17.5,19.83,22.01,24.0,34.11,27.81,29.57,31.37,32.72,50.31,35.7,37.05,38.49,39.58,41.08
57.6,2.96,5.74,8.35,10.83,13.15,17.9,17.44,19.4,21.35,23.1,32.29,26.48,28.13,29.48,30.87,45.97,33.62,34.81,36.09,37.36
56.41,2.9,5.62,8.2,10.62,14.7,15.09,17.2,19.14,20.98,22.83,24.43,26.11,27.74,28.96,30.39,31.98,33.16,34.34,35.44,36.82
48.54,2.49,4.86,7.15,9.3,11.34,13.26,15.15,16.93,18.68,20.29,89.87,23.39,24.67,26.25,27.5,28.7,29.93,31.06,32.29,33.61
66.08,3.37,6.52,9.46,12.19,17.13,17.17,19.48,21.63,23.66,25.56,27.35,29.13,30.68,32.29,33.89,35.19,36.63,38.05,39.11,40.08
66.2,3.38,6.53,9.48,12.24,14.83,17.22,19.52,27.07,23.77,25.7,27.42,29.3,30.69,32.41,33.97,35.44,36.5,57.86,39.27,40.42
58.02,2.98,5.77,8.39,10.9,15.1,15.44,17.56,19.48,21.44,120.75,24.93,26.49,28.24,29.67,30.98,32.51,33.73,35.07,36.09,37.47
66.01,3.37,6.51,9.44,12.19,14.76,17.18,19.49,21.64,23.64,25.52,27.43,29.13,30.77,32.4,33.96,35.44,36.67,37.94,39.12,40.1
56.48,2.9,5.62,8.19,10.62,12.9,15.13,17.14,19.15,20.92,22.74,24.43,26.04,27.66,29.05,30.49,31.91,47.87,34.21,35.59,36.63
66.42,3.39,6.55,9.5,12.24,14.86,17.25,19.56,21.72,23.83,25.79,27.68,29.13,30.77,32.54,34.0,35.44,36.77,38.19,39.26,40.56
