233.45,7.60,15.21,22.82,30.45,38.08,45.72,53.46,61.21,68.69,76.07,83.65,91.30,98.90,106.67,114.21,122.57,129.55,137.09,144.79,152.27
232.47,7.55,15.10,22.68,30.20,37.75,45.32,52.95,60.70,68.01,75.50,83.12,90.97,99.34,106.63,114.28,121.00,129.36,137.03,145.47,153.15
232.90,7.41,14.82,22.26,29.65,37.17,44.58,51.92,59.48,66.95,74.43,81.92,89.42,97.19,104.50,112.11,119.46,126.98,134.52,142.10,150.25
233.03,5.39,10.79,16.18,21.59,26.95,32.40,37.80,43.27,48.55,54.07,59.62,65.05,70.30,75.84,81.36,86.92,92.39,97.46,103.10,108.82
229.63,5.53,11.07,16.60,22.16,27.73,33.18,38.79,44.31,49.95,55.49,61.04,66.60,72.21,77.47,83.01,88.93,95.03,100.39,105.67,112.04
232.08,5.33,10.67,16.01,21.37,26.73,32.05,37.39,42.75,48.11,53.47,58.88,64.21,69.38,74.99,80.32,85.79,91.33,96.78,101.90,107.30
232.13,8.32,16.65,25.00,33.34,41.70,50.06,58.43,66.84,75.21,83.62,91.68,100.78,109.12,117.36,125.76,134.38,142.79,151.18,159.65,167.56
233.39,5.32,10.65,15.97,21.28,26.68,31.98,37.32,42.73,48.01,53.44,58.71,64.13,69.43,74.80,80.17,85.57,91.31,96.50,101.88,107.17
227.30,16.03,32.12,48.28,64.37,80.21,96.53,113.08,129.16,146.08,162.10,178.36,194.72,208.98,225.41,241.81,260.30,128.45,134.70,137.67,146.21
230.93,5.75,11.50,17.25,23.00,28.76,34.51,40.27,46.04,51.77,57.53,63.39,69.22,74.98,80.61,86.73,92.74,98.60,104.16,110.25,115.95
232.80,7.48,14.96,22.45,30.01,37.48,44.99,52.52,60.04,67.58,75.13,82.56,90.25,97.84,105.64,113.05,120.48,128.17,135.72,142.35,149.93
232.61,8.11,16.24,24.34,32.49,40.68,48.79,56.96,65.11,73.30,81.49,89.69,97.91,105.63,114.72,122.68,131.09,139.36,147.29,155.70,163.80
232.69,5.37,10.74,16.12,21.51,26.89,32.31,37.67,43.11,48.47,53.96,59.35,64.77,70.25,75.65,81.09,86.36,92.07,97.58,102.79,108.43
234.09,7.57,15.15,22.75,30.34,37.97,45.53,53.08,60.78,68.52,75.99,83.72,91.32,99.00,106.70,114.69,121.99,130.10,137.52,145.13,153.42
232.57,4.26,8.53,12.79,17.05,21.35,25.61,29.89,34.18,38.50,42.75,47.03,51.34,55.57,59.77,64.19,68.54,72.85,76.80,81.29,85.32
197.41,4.23,8.46,12.69,16.93,21.17,25.42,29.65,33.85,38.16,42.47,46.65,50.91,55.04,59.39,63.82,67.95,72.24,76.24,80.89,85.10
232.63,5.73,11.47,17.21,22.95,28.70,34.47,40.20,45.97,51.85,57.55,63.25,69.02,74.93,80.46,86.35,92.36,97.81,103.81,109.58,115.69
232.33,4.23,8.47,12.70,16.94,21.16,25.43,29.68,33.91,38.22,42.40,46.70,50.91,55.16,59.41,63.67,67.95,72.10,76.46,80.86,85.04
231.68,7.58,15.17,22.76,30.37,37.98,45.62,53.31,60.97,68.60,76.11,83.96,91.66,99.63,106.84,115.06,122.35,130.18,137.62,145.94,152.64
189.62,4.21,8.42,12.64,16.86,21.08,25.29,29.54,33.74,38.00,42.19,46.45,50.74,54.99,59.24,63.41,67.73,72.00,76.27,80.64,84.44
231.79,5.34,10.69,16.03,21.37,26.74,32.06,37.47,42.81,48.26,53.64,59.04,64.34,69.84,75.23,80.46,85.91,91.41,97.02,101.68,107.74
231.27,5.53,11.07,16.61,22.15,27.72,33.26,38.88,44.40,49.92,55.49,61.05,66.68,72.21,77.75,83.40,89.20,95.09,100.15,105.70,111.39
225.14,5.37,10.75,16.11,21.48,26.89,32.28,37.75,43.06,48.47,53.87,59.27,64.69,70.30,75.66,80.91,86.45,91.80,97.48,102.62,108.11
231.70,7.54,15.09,22.67,30.27,37.83,45.43,53.03,60.64,68.28,75.73,83.35,90.97,99.17,106.28,113.30,121.46,128.48,135.97,145.02,152.28
232.39,8.11,16.24,24.36,32.50,40.59,48.75,56.96,65.13,73.30,81.53,89.65,97.91,106.09,114.71,122.49,131.35,139.77,147.32,155.53,164.33
230.26,5.37,10.75,16.11,21.52,26.91,32.30,37.68,43.05,48.51,53.89,59.36,64.78,70.21,75.74,80.98,86.23,92.10,97.43,102.84,108.16
231.56,5.45,10.90,16.36,21.83,27.29,32.73,38.24,43.71,49.19,54.67,60.16,65.69,71.14,76.67,82.16,87.65,93.17,98.73,104.23,109.24
194.45,7.25,14.50,21.77,29.05,36.35,43.61,50.89,58.20,65.50,72.80,80.08,87.45,94.32,101.64,109.09,117.23,124.48,131.27,139.07,146.34
227.41,7.59,15.19,22.81,30.37,38.00,45.72,53.30,61.01,68.69,76.26,83.76,91.77,99.60,107.18,115.04,122.95,130.05,138.36,146.09,153.99
230.90,7.41,14.83,22.26,29.69,37.13,44.58,52.02,59.48,67.07,74.43,81.91,89.40,96.92,104.43,111.92,119.01,127.00,134.91,141.98,149.78
232.52,5.42,10.85,16.28,21.72,27.16,32.54,38.06,43.51,48.99,54.37,59.70,65.39,70.73,76.31,81.74,87.17,92.27,98.40,104.55,109.42
237.18,7.78,15.57,23.40,31.18,39.00,46.82,54.64,62.59,70.33,78.21,86.07,93.89,101.52,109.68,117.96,125.30,133.37,141.28,149.96,157.18
232.34,4.23,8.46,12.70,16.94,21.18,25.42,29.66,33.85,38.11,42.47,46.66,50.97,55.15,59.52,63.79,67.95,72.25,76.65,80.94,85.08
231.63,7.66,15.34,23.01,30.69,38.39,46.13,53.79,61.57,69.40,76.93,84.71,91.96,99.85,107.97,115.44,122.96,131.28,139.11,146.91,154.97
231.81,5.35,10.70,16.07,21.43,26.81,32.18,37.53,42.91,48.34,53.67,59.05,64.44,69.60,75.07,80.80,86.18,91.43,96.93,102.38,107.18
232.71,7.41,14.83,22.26,29.69,37.13,44.61,51.89,59.51,66.96,74.43,81.46,89.56,96.90,104.44,111.69,119.81,126.98,134.53,142.08,150.17
229.29,7.42,14.86,22.28,29.73,37.18,44.62,52.17,59.68,67.17,74.41,82.24,89.54,97.01,104.42,112.66,120.08,127.15,134.64,142.11,149.91
233.45,5.70,11.41,17.12,22.81,28.58,34.29,40.03,45.78,51.40,57.08,62.92,68.78,74.44,80.19,85.96,91.53,97.76,103.51,109.07,115.21
230.70,7.46,14.93,22.41,29.89,37.38,44.87,52.44,59.97,67.66,75.06,82.61,90.16,97.54,105.38,112.95,121.07,128.21,134.45,143.02,149.55
198.14,4.25,8.50,12.76,17.03,21.29,25.55,29.84,34.01,38.33,42.61,46.88,51.23,55.43,59.70,64.11,68.27,72.58,76.85,81.28,85.62
232.76,266.08,178.46,182.38,175.91,185.52,167.20,166.61,169.15,172.34,189.19,172.75,178.27,181.76,179.29,170.09,166.08,161.00,183.09,166.61,163.70
233.66,7.66,15.33,22.98,30.65,38.39,46.13,53.77,61.61,69.24,76.94,84.70,92.44,100.21,107.93,115.73,123.84,130.93,139.64,146.92,155.40
233.29,5.72,11.45,17.17,22.91,28.61,34.38,40.12,45.88,51.63,57.44,63.15,68.91,74.68,80.47,86.35,92.03,98.16,104.04,109.87,115.09
232.15,7.52,15.05,22.59,30.13,37.69,45.23,52.80,60.40,67.96,75.53,83.21,90.29,98.38,106.22,113.63,121.13,128.53,136.51,144.16,152.03
230.62,7.66,15.32,23.02,30.70,38.39,46.07,53.80,61.35,69.23,76.98,84.72,92.47,100.18,107.95,115.76,123.46,131.27,139.69,146.74,154.79
233.36,5.52,11.05,16.58,22.09,27.64,33.21,38.72,44.28,49.83,55.38,60.78,66.28,72.06,77.63,83.33,88.61,94.65,100.06,105.60,111.17
231.90,7.63,15.27,22.94,30.57,38.23,45.90,53.65,61.28,69.04,76.78,84.13,92.02,99.81,107.80,115.32,122.75,130.80,138.59,146.32,154.41
231.35,5.42,10.85,16.27,21.70,27.15,32.57,38.04,43.52,48.93,54.32,59.94,65.30,70.50,76.21,81.91,87.42,92.69,98.16,103.99,108.58
231.43,7.55,15.11,22.68,30.25,37.83,45.43,52.90,60.52,68.24,75.72,83.69,91.12,98.76,106.42,114.08,121.74,129.56,137.75,144.78,152.48
231.38,7.59,15.19,22.80,30.42,38.03,45.65,53.16,61.09,68.85,76.38,83.92,91.62,99.36,106.99,114.62,122.36,130.19,138.08,145.55,152.07
232.49,4.22,8.45,12.67,16.91,21.13,25.38,29.60,33.82,38.12,42.24,46.61,50.87,55.04,59.28,63.66,67.92,72.21,76.28,80.59,84.88
232.28,7.63,15.27,22.92,30.58,38.23,45.91,53.58,61.27,68.95,76.65,84.50,92.41,100.00,107.78,114.77,122.39,129.90,137.82,146.94,154.71
232.26,5.53,11.07,16.60,22.15,27.70,33.21,38.81,44.35,49.91,55.48,61.04,66.75,72.20,77.76,83.57,88.64,94.55,100.18,105.58,111.29
227.16,5.70,11.40,17.12,22.83,28.54,34.27,39.99,45.72,51.46,57.13,62.93,68.78,74.44,80.04,85.95,91.70,97.51,103.27,109.03,114.81
232.10,4.24,8.48,12.73,16.98,21.23,25.45,29.76,33.99,38.22,42.54,46.81,51.11,55.24,59.65,63.86,68.19,72.40,76.53,80.97,85.24
231.91,7.64,15.29,22.95,30.61,38.29,45.96,53.76,61.16,68.96,76.72,84.46,92.20,99.94,107.67,115.77,123.46,131.87,139.24,146.54,153.73
231.06,7.28,14.57,21.87,29.17,36.48,43.77,51.10,58.44,65.78,73.10,80.17,87.84,94.81,102.34,109.95,117.66,125.09,132.55,138.67,147.48
233.61,7.56,15.14,22.71,30.29,37.85,45.49,53.05,60.70,68.32,75.92,83.74,91.24,98.88,106.53,114.19,121.89,129.85,137.28,144.90,152.65
194.92,4.23,8.46,12.70,16.92,21.19,25.42,29.68,33.96,38.19,42.44,46.73,50.99,55.25,59.56,63.69,68.15,72.01,76.32,80.51,85.05
232.86,5.28,10.56,15.86,21.16,26.44,31.75,37.04,42.34,47.64,53.06,58.28,63.40,68.71,74.07,79.75,85.08,90.47,95.91,101.29,106.34
233.26,7.35,14.71,22.09,29.45,36.83,44.21,51.55,58.97,66.34,73.94,81.22,88.62,96.38,103.81,111.28,118.75,126.28,133.83,141.02,148.48
230.93,5.35,10.70,16.06,21.43,26.79,32.11,37.57,42.90,48.35,53.66,59.04,64.18,69.81,74.98,80.64,86.36,91.67,97.08,102.36,108.02
227.17,7.57,15.15,22.75,30.36,37.97,45.59,53.29,60.78,68.19,76.17,83.88,91.52,99.21,106.61,114.71,121.94,130.06,137.94,145.56,153.38
230.29,4.23,8.46,12.70,16.94,21.17,25.39,29.66,33.93,38.18,42.46,46.70,50.94,55.19,59.35,63.74,67.95,72.25,76.50,80.94,85.03
231.33,7.35,14.71,22.08,29.44,36.83,44.21,51.60,59.03,66.16,73.58,81.24,88.30,96.38,103.88,111.30,118.93,126.68,133.80,141.28,148.36
233.67,4.25,8.50,12.76,17.02,21.27,25.55,29.83,34.09,38.37,42.64,46.93,51.21,55.50,59.79,64.22,68.27,72.46,76.85,81.27,85.60
233.37,7.54,15.09,22.65,30.19,37.78,45.35,52.96,60.61,68.23,75.85,83.36,90.63,98.75,106.60,113.90,121.91,128.88,137.48,144.70,152.83
232.61,8.63,17.28,25.91,34.57,43.30,51.89,60.63,69.42,78.19,86.98,95.72,104.59,113.00,121.77,130.44,139.32,148.55,156.81,165.69,175.37
232.95,5.35,10.71,16.08,21.43,26.76,32.15,37.53,42.91,48.27,53.70,58.89,64.44,69.85,75.54,80.64,85.70,91.47,96.88,102.30,108.26
231.35,22.22,44.57,66.83,89.31,112.62,134.63,157.54,179.45,200.58,225.36,245.33,271.28,135.84,139.87,146.68,150.57,155.55,159.96,163.44,166.14
232.74,5.43,10.86,16.30,21.73,27.21,32.59,38.09,43.55,49.06,54.49,59.92,65.44,70.80,76.15,81.84,87.37,92.89,98.65,103.84,109.43
180.38,4.15,8.30,12.45,16.62,20.78,24.93,29.15,33.21,37.48,41.64,45.76,49.95,54.12,58.30,62.50,66.64,70.85,75.04,79.21,83.27
230.19,7.49,14.98,22.47,29.96,37.52,44.98,52.65,60.08,67.68,75.23,82.47,90.41,98.11,105.77,113.19,119.95,128.28,136.59,143.56,151.40
232.56,7.40,14.82,22.25,29.67,37.13,44.56,51.96,59.33,66.86,74.51,81.79,89.54,96.83,104.32,111.31,119.91,126.24,133.66,141.85,150.02
232.21,5.32,10.65,15.97,21.31,26.68,32.00,37.33,42.66,48.00,53.36,58.74,64.08,69.54,74.81,80.04,85.56,90.96,96.55,101.26,107.13
233.45,7.46,14.93,22.41,29.91,37.38,44.88,52.46,59.89,67.41,74.94,82.45,90.01,97.58,105.15,112.11,120.26,127.50,135.68,143.21,151.10
232.66,4.23,8.46,12.70,16.94,21.19,25.44,29.62,33.92,38.19,42.45,46.71,50.98,55.19,59.44,63.69,67.94,72.36,76.62,80.76,85.12
231.45,7.74,15.49,23.25,31.02,38.83,46.61,54.35,62.08,69.96,77.65,85.57,93.06,100.76,109.46,116.98,125.20,132.07,140.66,148.26,157.00
232.74,7.55,15.12,22.70,30.27,37.87,45.47,53.10,60.60,68.25,75.82,83.48,91.31,99.39,106.84,114.18,122.06,129.04,137.08,145.41,152.81
233.14,7.58,15.17,22.78,30.40,37.91,45.60,53.36,61.02,68.56,76.25,83.85,91.47,99.20,107.19,114.48,122.21,130.35,138.02,145.28,153.63
232.56,7.39,14.79,22.20,29.61,37.02,44.46,51.89,59.33,66.74,74.16,81.72,88.86,96.19,103.57,111.57,118.87,126.68,134.71,141.60,149.94
232.26,4.23,8.46,12.70,16.94,21.18,25.41,29.66,33.91,38.15,42.41,46.66,50.91,55.17,59.43,63.67,67.94,72.33,76.58,80.74,85.05
233.41,5.42,10.85,16.28,21.71,27.14,32.54,37.96,43.43,48.92,54.38,59.70,65.39,70.88,76.12,81.70,86.99,92.67,98.22,103.89,109.42
232.94,7.63,15.27,22.93,30.57,38.24,45.96,53.69,61.29,69.07,76.78,84.38,92.12,99.80,107.54,115.10,123.02,130.80,138.49,145.85,154.89
194.79,4.24,8.48,12.73,16.98,21.22,25.49,29.73,33.99,38.18,42.50,46.77,51.03,55.34,59.59,63.94,68.22,72.14,76.62,81.07,85.35
232.08,5.33,10.67,16.00,21.35,26.70,32.04,37.39,42.79,48.10,53.46,58.67,64.29,69.71,75.06,80.36,85.83,91.31,96.67,101.95,107.63
233.22,4.22,8.44,12.67,16.89,21.13,25.36,29.59,33.83,38.06,42.30,46.51,50.84,55.10,59.22,63.76,67.70,72.04,76.17,80.62,84.86
232.99,145.49,181.89,189.19,178.52,175.70,178.35,172.11,186.08,186.18,180.22,177.53,178.55,171.16,213.02,182.59,179.37,164.44,182.38,183.28,174.99
231.27,5.40,10.81,16.22,21.64,27.03,32.52,37.91,43.37,48.79,54.23,59.80,64.94,70.50,75.93,81.55,86.87,92.48,98.11,103.49,108.74
213.59,7.43,14.88,22.32,29.78,37.26,44.74,52.20,59.65,67.29,74.62,81.99,89.59,97.48,104.68,112.23,119.80,127.32,134.93,142.35,150.61
235.67,4.26,8.52,12.79,17.06,21.33,25.60,29.89,34.21,38.44,42.71,47.07,51.28,55.41,59.70,64.14,68.57,72.88,77.17,81.30,85.83
232.30,5.31,10.63,15.94,21.27,26.59,31.92,37.27,42.59,47.93,53.14,58.63,63.94,69.33,74.68,80.04,85.52,90.78,96.16,101.61,106.87
224.22,7.37,14.76,22.14,29.53,36.86,44.25,51.74,59.30,66.61,74.00,81.19,88.92,96.38,103.87,111.41,118.49,126.36,133.89,141.26,147.98
230.34,5.33,10.67,16.00,21.35,26.71,32.06,37.37,42.74,48.09,53.35,58.88,64.28,69.61,74.96,80.34,85.72,90.93,96.51,101.90,107.33
173.45,5.86,11.72,17.58,23.47,29.37,35.26,41.17,47.07,52.90,58.78,64.83,70.61,76.57,82.37,88.01,94.44,100.23,105.73,111.51,117.72
233.23,5.47,10.95,16.42,21.92,27.39,32.89,38.38,43.90,49.44,54.99,60.38,65.90,71.42,77.01,82.69,87.99,93.81,98.86,105.06,109.96
229.96,7.50,15.01,22.51,30.05,37.58,45.12,52.58,60.23,67.78,75.38,82.89,90.49,98.04,105.82,113.58,120.89,128.55,135.78,144.18,151.31
232.62,4.26,8.52,12.79,17.04,21.33,25.60,29.87,34.15,38.47,42.71,46.99,51.37,55.50,59.84,64.13,68.42,72.72,76.79,81.09,85.78
231.34,7.58,15.18,22.77,30.38,38.02,45.64,53.23,60.94,68.53,76.14,84.00,91.65,99.16,107.04,114.51,122.53,129.98,138.49,145.47,153.17
231.09,8.51,17.02,25.57,34.12,42.66,51.19,59.77,68.33,76.93,85.53,94.05,102.83,111.38,120.01,129.58,137.75,145.99,155.28,163.30,171.95
209.16,6.26,12.52,18.78,25.09,31.36,37.58,43.82,50.20,56.39,62.73,68.91,75.21,81.57,88.13,94.43,100.57,106.65,112.88,119.16,125.80
209.17,4.74,9.48,14.22,18.96,23.71,28.49,33.20,37.94,42.73,47.38,52.32,56.97,61.66,66.39,71.14,75.95,80.66,85.48,90.14,95.00
208.44,6.20,12.40,18.61,24.81,31.04,37.22,43.42,49.61,55.87,62.06,68.47,74.85,80.78,87.48,93.52,99.78,105.65,112.12,118.01,124.27
212.19,3.78,7.56,11.35,15.12,18.91,22.71,26.47,30.25,34.03,37.82,41.64,45.36,49.27,52.96,56.71,60.53,64.28,68.33,71.85,75.68
208.28,4.71,9.42,14.14,18.85,23.58,28.30,33.07,37.79,42.40,47.13,51.84,56.59,61.40,66.04,70.84,75.37,80.17,85.49,89.90,94.61
208.20,4.68,9.36,14.04,18.72,23.43,28.08,32.77,37.45,42.22,46.83,51.52,56.34,60.93,65.57,70.51,74.98,79.63,84.32,89.00,94.22
208.37,4.67,9.35,14.01,18.69,23.36,28.04,32.70,37.40,42.07,46.72,51.40,56.24,60.86,65.45,70.29,74.78,79.44,84.35,88.85,93.88
207.90,3.79,7.58,11.37,15.16,18.95,22.74,26.53,30.34,34.11,37.91,41.81,45.50,49.34,53.33,56.92,60.67,64.83,68.61,72.09,76.05
207.83,6.84,13.68,20.52,27.40,34.21,41.06,47.89,54.84,61.59,68.47,75.31,82.50,89.09,95.96,102.82,110.23,116.90,123.50,130.87,137.95
208.61,4.70,9.40,14.10,18.81,23.52,28.21,32.97,37.61,42.33,47.02,51.76,56.61,61.11,65.82,70.73,75.26,79.96,85.06,89.43,94.16
209.18,6.29,12.58,18.90,25.17,31.47,37.76,44.04,50.48,56.65,63.15,69.26,75.85,81.87,88.74,94.71,101.48,107.11,113.99,119.64,125.92
208.12,6.28,12.57,18.85,25.16,31.42,37.71,43.97,50.39,56.56,62.84,69.10,75.48,81.73,88.03,94.27,100.58,107.04,113.23,120.27,126.27
206.25,6.26,12.52,18.79,25.09,31.37,37.59,43.89,50.10,56.44,62.77,69.13,75.62,81.95,88.10,94.05,100.34,107.16,113.12,119.14,125.64
208.54,5.04,10.08,15.12,20.17,25.20,30.25,35.31,40.35,45.39,50.56,55.56,60.70,65.55,70.87,76.09,81.06,86.15,90.80,96.16,101.42
206.47,3.78,7.56,11.34,15.12,18.91,22.69,26.47,30.25,34.03,37.89,41.60,45.49,49.17,52.95,56.89,60.50,64.29,68.10,72.16,75.99
207.22,4.68,9.36,14.04,18.73,23.41,28.09,32.82,37.46,42.19,46.81,51.69,56.20,61.06,65.78,70.26,75.35,79.73,84.88,89.04,93.70
204.04,6.24,12.48,18.72,24.97,31.21,37.45,43.75,49.95,56.36,62.47,68.78,74.91,81.25,87.56,93.72,100.01,106.25,112.50,118.71,126.14
207.99,125.63,164.97,178.26,184.57,191.99,189.72,195.63,179.32,200.42,175.99,166.61,203.43,175.87,175.51,176.47,204.29,203.76,191.90,203.39,207.74
208.38,3.78,7.56,11.35,15.12,18.91,22.68,26.47,30.32,34.12,37.83,41.59,45.41,49.17,52.98,56.73,60.49,64.31,68.10,72.28,75.69
210.31,6.32,12.64,18.96,25.29,31.61,37.94,44.36,50.72,56.93,63.29,69.68,75.88,82.28,88.64,95.60,101.30,107.74,113.96,120.85,126.62
208.39,6.28,12.56,18.84,25.13,31.41,37.71,43.98,50.27,56.56,62.91,69.23,75.85,82.25,88.06,94.29,101.12,107.77,113.81,119.44,125.71
208.50,4.65,9.30,13.95,18.63,23.27,27.91,32.61,37.23,41.86,46.53,51.30,56.07,60.50,65.66,69.96,74.48,79.58,83.92,88.50,93.21
208.37,4.69,9.38,14.07,18.78,23.47,28.20,32.89,37.54,42.26,46.91,51.60,56.30,60.99,65.93,70.41,75.10,79.84,84.53,89.23,93.92
208.00,4.68,9.36,14.04,18.75,23.40,28.08,32.77,37.47,42.13,46.84,51.59,56.29,60.96,65.61,70.25,75.13,79.61,84.34,88.99,93.81
207.85,3.78,7.56,11.34,15.12,18.92,22.68,26.47,30.25,34.03,37.88,41.60,45.48,49.29,52.94,56.83,60.70,64.50,68.10,71.95,75.73
207.94,6.28,12.56,18.84,25.16,31.43,37.69,43.96,50.25,56.56,62.86,69.15,75.46,81.77,88.03,94.53,100.70,107.54,113.26,119.52,126.66
208.16,7.71,15.42,23.18,30.85,38.57,46.31,54.00,61.77,69.47,77.19,84.93,92.59,100.34,108.10,115.91,123.81,132.19,139.96,147.53,154.42
208.07,6.25,12.50,18.75,25.05,31.37,37.53,43.76,50.03,56.30,62.74,68.98,75.34,81.43,87.70,94.03,100.29,106.95,112.74,119.02,125.19
196.29,6.42,12.85,19.29,25.69,32.11,38.59,45.10,51.40,57.82,64.53,70.71,77.36,83.69,89.98,96.39,102.82,109.33,115.67,122.22,128.92
207.94,4.68,9.36,14.04,18.72,23.40,28.09,32.78,37.45,42.14,46.82,51.59,56.22,61.06,65.57,70.27,74.92,79.64,84.59,89.22,94.15
208.04,6.35,12.70,19.08,25.42,31.76,38.16,44.50,50.83,57.19,63.64,70.20,76.56,82.56,89.29,95.36,101.83,108.23,114.48,121.28,128.02
208.38,4.74,9.48,14.22,18.96,23.73,28.44,33.19,37.94,42.67,47.41,52.31,57.18,61.67,66.44,71.21,76.22,80.97,85.55,90.34,94.94
208.03,6.21,12.43,18.64,24.85,31.06,37.28,43.49,49.69,55.92,62.26,68.40,74.58,81.12,87.08,93.41,100.26,106.55,111.86,118.21,124.41
206.66,4.95,9.90,14.85,19.82,24.76,29.72,34.66,39.62,44.57,49.65,54.47,59.59,64.69,69.37,74.31,79.25,84.47,89.20,94.23,99.22
211.64,3.80,7.60,11.40,15.20,19.02,22.82,26.60,30.40,34.21,38.02,41.81,45.62,49.43,53.25,57.15,60.86,64.68,68.60,72.31,76.57
207.57,4.73,9.46,14.20,18.92,23.65,28.39,33.14,37.87,42.62,47.32,52.23,56.77,61.52,66.49,71.14,75.76,80.81,85.81,91.17,94.89
208.09,4.70,9.41,14.10,18.81,23.50,28.21,32.93,37.61,42.31,47.13,51.74,56.43,61.14,66.05,70.72,75.28,80.03,85.34,89.58,94.54
207.78,6.25,12.50,18.75,25.03,31.27,37.51,43.78,50.03,56.29,62.54,68.82,75.09,81.31,88.18,93.83,100.69,107.02,113.29,118.94,125.22
208.41,4.86,9.73,14.58,19.44,24.31,29.17,34.04,38.90,43.77,48.78,53.55,58.37,63.34,68.30,73.03,77.93,82.75,87.60,92.44,97.87
208.37,6.31,12.62,18.93,25.25,31.56,37.87,44.16,50.52,56.84,63.19,69.71,76.05,82.11,88.43,94.78,101.89,107.50,113.84,120.18,126.95
208.13,3.78,7.56,11.34,15.13,18.90,22.70,26.47,30.29,34.09,37.89,41.59,45.37,49.17,52.96,56.80,60.52,64.37,68.32,71.93,75.72
207.50,4.63,9.26,13.89,18.53,23.15,27.83,32.49,37.06,41.83,46.47,51.09,55.63,60.20,64.87,69.51,74.13,78.78,83.70,88.54,93.39
207.85,6.29,12.58,18.89,25.16,31.45,37.73,44.06,50.38,56.63,62.97,69.25,75.64,81.91,88.19,94.46,101.61,108.30,113.31,120.52,126.22
208.31,6.20,12.40,18.60,24.81,31.05,37.22,43.42,49.74,55.82,62.16,68.33,74.89,81.15,86.94,93.69,99.28,106.26,111.69,118.12,124.22
208.98,3.78,7.56,11.34,15.12,18.90,22.68,26.50,30.25,34.06,37.84,41.63,45.36,49.17,53.03,56.83,60.63,64.35,68.33,71.86,75.64
207.98,6.26,12.52,18.79,25.05,31.39,37.68,43.86,50.14,56.36,62.64,68.96,75.48,81.42,87.74,94.47,100.35,106.53,112.94,119.17,125.34
208.10,4.66,9.32,13.98,18.66,23.30,27.97,32.63,37.36,41.96,46.62,51.38,55.96,61.00,65.35,70.30,74.88,79.30,83.98,88.56,93.28
208.15,4.68,9.36,14.04,18.75,23.43,28.09,32.78,37.45,42.14,46.93,51.59,56.18,60.86,65.79,70.30,74.92,79.52,84.36,89.43,93.73
207.83,3.78,7.56,11.34,15.12,18.90,22.69,26.51,30.29,34.03,37.88,41.64,45.38,49.17,52.96,56.77,60.75,64.60,68.08,72.06,75.73
210.46,3.80,7.60,11.40,15.20,19.01,22.80,26.66,30.41,34.22,38.02,41.91,45.73,49.44,53.25,57.05,60.90,64.64,68.62,72.32,76.04
174.82,5.96,11.92,17.89,23.87,29.81,35.84,41.82,47.70,53.68,59.76,65.70,71.88,77.57,83.53,89.84,95.61,101.98,107.39,113.77,119.37
208.22,4.69,9.38,14.07,18.76,23.48,28.15,32.84,37.54,42.32,46.95,51.63,56.31,61.01,65.75,70.46,75.11,79.89,84.65,89.22,94.44
207.93,3.78,7.56,11.34,15.13,18.90,22.69,26.52,30.24,34.04,37.83,41.67,45.40,49.16,52.94,56.75,60.72,64.54,68.41,71.92,75.70
208.14,3.78,7.56,11.34,15.12,18.92,22.68,26.46,30.32,34.07,37.89,41.60,45.42,49.30,52.95,56.84,60.61,64.58,68.45,72.12,75.97
208.25,5.03,10.06,15.09,20.13,25.16,30.20,35.28,40.34,45.38,50.33,55.58,60.51,65.44,70.49,75.56,80.62,85.57,90.67,96.18,101.31
208.46,3.78,7.56,11.35,15.12,18.92,22.69,26.49,30.25,34.03,37.88,41.61,45.51,49.18,53.10,56.91,60.70,64.32,68.24,72.13,75.95
208.05,3.78,7.56,11.34,15.12,18.90,22.71,26.47,30.27,34.05,37.81,41.60,45.39,49.16,52.96,56.94,60.64,64.31,68.08,71.88,75.61
208.45,6.30,12.61,18.92,25.21,31.54,37.81,44.11,50.61,56.90,63.04,69.36,75.66,82.33,88.56,94.75,101.67,107.14,114.25,120.19,127.02
208.33,3.78,7.56,11.35,15.14,18.92,22.72,26.50,30.33,34.04,37.88,41.63,45.54,49.30,52.97,56.73,60.54,64.60,68.30,71.87,75.67
208.10,4.65,9.30,13.95,18.60,23.28,27.91,32.61,37.32,41.86,46.52,51.16,56.02,60.48,65.36,70.17,74.51,79.72,83.87,89.15,93.11
209.05,4.70,9.40,14.10,18.83,23.52,28.25,32.91,37.72,42.42,47.01,51.86,56.42,61.12,65.89,70.82,75.24,79.85,84.84,89.62,94.21
208.55,4.69,9.38,14.07,18.76,23.46,28.15,32.85,37.56,42.24,46.98,51.62,56.47,61.02,65.74,70.40,75.17,80.34,85.08,89.58,93.89
208.45,4.68,9.36,14.04,18.72,23.43,28.10,32.76,37.50,42.27,47.00,51.50,56.18,61.07,65.61,70.30,74.96,79.64,84.47,89.07,93.77
208.03,4.70,9.40,14.10,18.80,23.50,28.21,32.93,37.69,42.32,47.12,51.87,56.43,61.13,65.87,70.80,75.68,79.95,84.68,89.43,94.28
207.97,6.28,12.56,18.84,25.12,31.41,37.69,43.98,50.26,56.62,62.97,69.47,75.42,81.68,88.26,95.09,101.10,107.04,113.79,119.57,126.56
205.53,3.76,7.52,11.29,15.04,18.81,22.57,26.35,30.09,33.85,37.72,41.50,45.29,48.91,52.68,56.44,60.20,63.97,67.78,71.69,75.55
207.02,4.67,9.34,14.01,18.68,23.35,28.07,32.70,37.43,42.13,46.72,51.40,56.11,61.02,65.43,70.14,74.92,79.48,84.16,88.92,93.51
207.09,4.65,9.30,13.95,18.60,23.28,27.93,32.57,37.32,41.88,46.62,51.16,55.98,60.47,65.46,69.97,74.80,79.12,84.20,89.05,93.11
206.70,3.82,7.64,11.46,15.28,19.11,22.93,26.76,30.61,34.43,38.28,42.03,45.96,49.77,53.50,57.43,61.18,65.27,68.86,72.67,76.45
208.13,7.68,15.38,23.08,30.74,38.42,46.21,53.87,61.48,69.40,77.28,84.57,92.26,100.46,107.69,115.62,123.11,130.95,138.64,146.31,154.72
207.61,4.65,9.30,13.95,18.60,23.26,27.92,32.59,37.22,41.87,46.68,51.32,55.83,60.52,65.16,69.81,74.47,79.27,83.83,88.65,93.35
199.39,3.79,7.58,11.37,15.16,18.97,22.74,26.54,30.34,34.12,37.94,41.79,45.61,49.30,53.10,56.90,60.87,64.49,68.35,72.35,76.16
207.70,4.68,9.36,14.04,18.73,23.41,28.10,32.76,37.52,42.17,46.93,51.64,56.20,60.88,65.57,70.23,75.16,79.64,84.37,88.93,93.73
208.15,3.78,7.56,11.35,15.13,18.90,22.70,26.47,30.30,34.05,37.89,41.61,45.39,49.23,52.94,56.74,60.54,64.55,68.14,71.86,75.65
208.11,6.31,12.62,18.94,25.26,31.55,37.88,44.20,50.49,56.88,63.43,69.62,75.89,82.21,88.50,94.77,101.13,107.45,113.76,120.11,126.42
208.05,4.92,9.84,14.76,19.68,24.61,29.54,34.51,39.36,44.45,49.30,54.17,59.11,64.02,69.26,73.90,78.80,83.81,89.27,94.28,99.01
209.34,5.03,10.07,15.09,20.12,25.15,30.20,35.22,40.24,45.40,50.32,55.49,60.37,65.65,70.64,75.58,80.60,85.57,90.59,95.71,100.71
203.93,6.31,12.62,18.93,25.25,31.61,37.87,44.25,50.51,56.83,63.16,69.50,75.79,82.14,88.48,95.41,101.87,107.62,114.77,120.04,126.42
205.75,6.16,12.33,18.48,24.68,30.81,36.97,43.12,49.31,55.49,61.68,67.81,73.97,80.48,86.32,92.71,98.75,104.99,111.06,117.51,123.33
207.63,6.09,12.19,18.28,24.39,30.46,36.55,42.63,48.74,54.92,61.10,67.26,73.16,79.24,85.37,91.74,97.85,104.21,109.77,115.93,121.92
208.36,4.66,9.32,13.98,18.65,23.31,28.00,32.62,37.30,41.95,46.60,51.30,56.13,60.59,65.29,69.94,74.64,79.30,84.01,89.27,93.75
208.58,6.22,12.44,18.66,24.89,31.11,37.43,43.69,49.77,56.01,62.24,68.47,74.97,81.38,87.23,93.46,100.04,105.86,112.16,118.53,124.55
208.49,4.72,9.44,14.16,18.91,23.60,28.32,33.08,37.87,42.48,47.32,52.05,56.70,61.42,66.22,71.24,75.61,80.36,85.44,90.17,94.95
209.56,6.32,12.64,18.98,25.29,31.62,37.99,44.36,50.58,56.91,63.26,69.75,75.92,82.45,88.55,95.32,101.57,107.64,114.04,120.20,126.70
204.15,3.79,7.58,11.38,15.18,18.96,22.75,26.54,30.32,34.13,37.91,41.81,45.59,49.32,53.10,56.88,60.66,64.46,68.54,72.06,76.20
207.89,6.25,12.50,18.76,25.01,31.28,37.52,43.76,50.02,56.28,62.50,68.85,75.04,81.79,87.66,93.84,100.01,106.51,112.70,118.96,125.20
208.22,4.69,9.38,14.07,18.79,23.46,28.16,32.89,37.53,42.25,46.92,51.67,56.32,61.10,65.70,70.44,75.11,79.81,84.51,89.45,93.84
209.71,6.36,12.72,19.09,25.45,31.81,38.19,44.55,51.05,57.44,63.64,70.29,76.67,82.80,89.75,95.52,102.52,108.30,115.11,121.18,127.56
211.78,4.70,9.40,14.10,18.80,23.53,28.21,32.99,37.61,42.31,47.06,51.73,56.44,61.41,66.19,70.56,75.31,79.98,84.82,89.37,94.17
208.10,4.73,9.46,14.20,18.93,23.66,28.39,33.12,37.96,42.58,47.33,52.06,56.84,61.61,66.44,71.41,75.81,80.94,85.60,90.04,94.79
208.56,3.78,7.56,11.34,15.13,18.90,22.72,26.47,30.28,34.03,37.82,41.71,45.38,49.17,52.95,56.73,60.50,64.49,68.33,72.07,75.64
208.55,6.28,12.56,18.84,25.15,31.41,37.73,44.07,50.26,56.55,62.87,69.34,75.42,82.27,88.63,94.32,100.63,107.29,113.29,119.52,126.49
207.87,3.80,7.60,11.40,15.21,19.02,22.80,26.61,30.41,34.21,38.01,41.82,45.62,49.63,53.24,57.05,60.94,64.63,68.46,72.30,76.06
210.07,4.70,9.40,14.10,18.81,23.51,28.21,32.93,37.61,42.32,47.01,51.78,56.61,61.12,65.84,70.60,75.40,80.46,85.03,89.36,94.17
208.05,5.09,10.18,15.28,20.36,25.46,30.55,35.71,40.74,45.84,51.17,56.02,61.11,66.38,71.34,76.43,81.49,87.01,91.68,97.11,102.69
162.74,6.06,12.13,18.18,24.25,30.31,36.41,42.49,48.52,54.70,60.82,66.77,72.82,78.88,84.97,90.98,97.21,103.53,109.84,115.34,121.72
207.89,3.78,7.56,11.34,15.13,18.93,22.69,26.52,30.25,34.03,37.81,41.59,45.40,49.15,52.95,56.76,60.70,64.30,68.10,71.92,75.95
208.31,3.78,7.56,11.34,15.12,18.95,22.69,26.47,30.24,34.09,37.81,41.59,45.37,49.18,52.96,56.75,60.66,64.42,68.31,71.87,75.68
207.99,7.69,15.40,23.08,30.77,38.57,46.15,54.00,61.73,69.24,76.95,84.70,92.42,100.06,108.57,116.23,123.25,130.98,138.94,148.06,154.13
208.30,4.70,9.40,14.10,18.80,23.51,28.21,32.99,37.63,42.33,47.06,51.91,56.52,61.14,66.05,70.57,75.29,79.93,85.09,89.54,94.15
188.42,4.45,8.90,13.35,17.81,22.26,26.71,31.15,35.61,40.06,44.51,48.97,53.40,57.90,62.35,66.79,71.27,75.75,80.50,85.01,89.08
187.78,5.36,10.72,16.08,21.44,26.81,32.16,37.53,42.89,48.26,53.61,59.00,64.35,69.76,75.11,80.47,85.86,91.19,96.67,102.01,107.31
190.50,5.43,10.86,16.29,21.72,27.16,32.59,38.02,43.46,48.85,54.32,59.78,65.21,70.73,76.13,81.50,86.99,92.48,97.95,103.38,108.86
188.34,4.14,8.28,12.42,16.56,20.71,24.84,28.99,33.13,37.27,41.41,45.56,49.72,53.85,57.98,62.15,66.25,70.45,74.63,78.74,82.89
188.42,4.13,8.26,12.39,16.52,20.66,24.78,28.91,33.04,37.18,41.30,45.44,49.57,53.84,57.86,62.02,66.15,70.28,74.37,78.54,82.65
188.50,5.15,10.30,15.45,20.61,25.76,30.92,36.06,41.23,46.39,51.54,56.70,61.86,66.99,72.16,77.34,82.45,87.65,92.77,97.93,103.14
189.24,4.13,8.26,12.39,16.52,20.66,24.78,28.91,33.05,37.19,41.30,45.45,49.56,53.73,57.85,62.00,66.11,70.25,74.42,78.60,82.68
188.62,4.15,8.30,12.45,16.60,20.76,24.90,29.06,33.21,37.37,41.52,45.66,49.80,53.99,58.14,62.32,66.48,70.59,74.76,78.94,83.04
188.17,7.45,14.90,22.36,29.81,37.26,44.73,52.17,59.66,67.11,74.54,82.06,89.50,96.91,104.46,111.91,119.38,127.00,134.47,141.84,149.22
188.44,4.15,8.30,12.45,16.60,20.75,24.90,29.05,33.20,37.35,41.52,45.67,49.81,53.98,58.14,62.30,66.46,70.58,74.74,78.92,83.06
188.62,4.31,8.62,12.93,17.24,21.55,25.86,30.18,34.49,38.79,43.11,47.42,51.83,56.08,60.38,64.67,69.05,73.30,77.68,81.94,86.30
188.06,4.62,9.24,13.86,18.48,23.10,27.72,32.35,36.96,41.60,46.22,50.84,55.61,60.08,64.70,69.33,73.96,78.61,83.16,87.86,92.57
189.85,5.34,10.68,16.02,21.37,26.71,32.06,37.40,42.74,48.10,53.41,58.80,64.13,69.51,74.87,80.19,85.55,90.93,96.21,101.63,107.05
188.21,5.34,10.68,16.02,21.37,26.71,32.04,37.39,42.74,48.08,53.41,58.75,64.10,69.44,74.86,80.17,85.51,90.85,96.23,101.58,106.95
188.40,3.42,6.84,10.26,13.68,17.10,20.53,23.95,27.37,30.79,34.18,37.64,41.04,44.48,47.89,51.32,54.76,58.17,61.57,65.03,68.46
188.35,9.34,18.68,28.03,37.37,46.72,56.08,65.44,74.79,84.16,93.51,102.96,112.24,121.56,131.02,140.33,149.94,159.10,168.58,177.76,187.53
188.28,3.42,6.84,10.26,13.68,17.10,20.52,23.94,27.36,30.79,34.21,37.63,41.06,44.47,47.91,51.33,54.76,58.18,61.62,65.04,68.47
189.82,5.37,10.74,16.11,21.48,26.86,32.22,37.61,42.98,48.40,53.74,59.14,64.52,69.86,75.23,80.64,85.99,91.40,96.80,102.18,107.52
188.50,3.42,6.84,10.26,13.68,17.11,20.53,23.95,27.37,30.79,34.21,37.63,41.03,44.49,47.90,51.33,54.74,58.18,61.61,65.01,68.46
188.71,4.15,8.30,12.45,16.60,20.75,24.90,29.06,33.21,37.35,41.52,45.68,49.83,53.98,58.41,62.29,66.46,70.63,74.81,78.97,83.08
188.00,4.35,8.70,13.05,17.40,21.75,26.10,30.45,34.82,39.15,43.51,47.88,52.23,56.61,60.95,65.28,69.68,74.05,78.39,82.73,87.11
188.43,4.15,8.30,12.45,16.60,20.75,24.91,29.05,33.20,37.36,41.52,45.66,49.82,53.99,58.17,62.31,66.47,70.67,74.74,78.97,83.05
187.45,4.53,9.06,13.59,18.13,22.66,27.19,31.71,36.25,40.78,45.32,49.84,54.39,58.94,63.47,67.99,72.58,77.06,81.63,86.16,90.75
187.32,5.28,10.56,15.84,21.12,26.47,31.69,36.97,42.25,47.52,52.84,58.12,63.61,68.68,73.96,79.28,84.58,89.89,95.23,100.41,105.83
190.39,5.39,10.78,16.17,21.56,26.95,32.27,37.75,43.15,48.53,53.93,59.32,64.68,70.11,75.51,80.89,86.30,91.70,97.17,102.55,107.97
188.32,5.64,11.28,16.92,22.56,28.20,33.85,39.49,45.15,50.78,56.43,62.06,67.74,73.35,79.04,84.67,90.41,95.95,101.61,107.16,113.06
184.02,5.33,10.66,15.99,21.33,26.66,31.99,37.31,42.65,47.99,53.33,58.68,63.99,69.32,74.69,80.08,85.34,90.71,96.04,101.41,106.71
187.77,3.41,6.82,10.23,13.64,17.05,20.47,23.87,27.29,30.70,34.12,37.51,40.93,44.34,47.75,51.20,54.58,58.01,61.44,64.87,68.25
187.60,5.36,10.72,16.08,21.45,26.81,32.18,37.53,42.90,48.27,53.61,59.01,64.58,70.24,75.14,80.46,85.91,91.22,96.59,102.00,107.44
187.79,5.33,10.66,15.99,21.33,26.66,31.99,37.32,42.66,47.98,53.30,58.69,63.99,69.37,74.70,79.98,85.37,90.76,96.17,101.31,106.86
188.16,4.34,8.68,13.02,17.36,21.71,26.05,30.38,34.73,39.07,43.41,47.78,52.11,56.44,60.79,65.15,69.51,73.86,78.24,82.51,86.87
187.12,4.14,8.28,12.42,16.56,20.70,24.85,28.99,33.22,37.38,41.41,45.58,49.71,53.84,58.02,62.14,66.27,70.47,74.59,78.85,82.89
187.41,4.13,8.26,12.39,16.52,20.66,24.79,28.92,33.05,37.18,41.32,45.45,49.58,53.71,58.04,62.01,66.15,70.26,74.36,78.58,82.72
191.58,4.13,8.26,12.39,16.52,20.66,24.79,28.91,33.05,37.18,41.34,45.43,49.53,53.72,57.88,62.01,66.14,70.24,74.38,78.54,82.74
188.25,8.73,17.46,26.20,34.93,43.67,52.40,61.22,69.94,78.62,87.45,96.20,104.94,113.64,122.50,131.77,139.96,148.79,157.52,166.24,174.91
189.03,3.42,6.84,10.26,13.68,17.10,20.52,23.95,27.37,30.79,34.21,37.64,41.06,44.49,47.90,51.32,54.75,58.19,61.59,65.03,68.47
188.34,4.37,8.74,13.11,17.48,21.85,26.23,30.61,34.97,39.34,43.72,48.10,52.45,56.84,61.34,65.60,69.98,74.35,78.71,83.10,87.50
189.25,3.43,6.86,10.29,13.72,17.15,20.58,24.02,27.45,30.88,34.32,37.75,41.18,44.62,48.04,51.48,54.91,58.35,61.79,65.19,68.64
187.40,4.14,8.28,12.42,16.56,20.70,24.84,28.99,33.14,37.28,41.43,45.57,49.71,53.86,57.98,62.13,66.31,70.42,74.54,78.75,82.88
188.42,4.11,8.22,12.33,16.44,20.55,24.66,28.78,32.89,36.99,41.12,45.23,49.33,53.47,57.60,61.72,65.82,69.95,74.05,78.21,82.26
188.13,4.12,8.24,12.36,16.48,20.60,24.73,28.84,32.97,37.09,41.30,45.35,49.44,53.60,57.72,61.82,65.98,70.07,74.21,78.36,82.45
189.45,5.75,11.50,17.25,23.00,28.76,34.52,40.27,46.04,51.79,57.56,63.33,69.02,74.81,80.59,86.34,92.16,97.88,103.62,109.35,115.23
188.45,5.38,10.76,16.14,21.52,26.90,32.29,37.66,43.05,48.44,53.84,59.23,64.59,70.01,75.40,80.75,86.13,91.51,97.02,102.45,107.72
188.17,3.42,6.84,10.26,13.68,17.10,20.52,23.94,27.36,30.79,34.21,37.64,41.06,44.47,47.90,51.33,54.76,58.19,61.62,65.05,68.43
188.24,4.15,8.30,12.45,16.60,20.75,24.90,29.05,33.21,37.37,41.52,45.66,49.90,54.00,58.36,62.30,66.45,70.62,74.80,78.91,83.04
188.67,5.37,10.74,16.11,21.48,26.85,32.22,37.60,42.98,48.34,53.74,59.11,64.47,69.87,75.23,81.06,85.98,91.36,96.80,102.19,107.49
191.06,3.44,6.88,10.32,13.76,17.20,20.64,24.09,27.52,30.97,34.40,37.87,41.29,44.72,48.17,51.61,55.07,58.53,61.97,65.42,68.86
189.11,5.34,10.68,16.03,21.36,26.71,32.05,37.39,42.74,48.09,53.42,58.78,64.14,69.45,74.85,80.18,85.52,90.83,96.25,101.57,106.90
188.41,4.15,8.30,12.45,16.60,20.76,24.91,29.06,33.21,37.37,41.51,45.67,49.82,53.98,58.13,62.28,66.48,70.61,74.76,78.96,83.06
188.31,4.14,8.28,12.42,16.56,20.70,24.84,28.93,33.13,37.27,41.42,45.57,49.70,53.85,58.01,62.17,66.27,70.44,74.55,78.77,82.88
188.12,4.57,9.14,13.71,18.28,22.85,27.43,32.00,36.57,41.14,45.72,50.29,54.87,59.44,64.05,68.62,73.22,77.75,82.32,86.99,91.52
190.58,4.18,8.36,12.54,16.72,20.90,25.09,29.27,33.46,37.64,41.81,45.99,50.18,54.37,58.55,62.77,66.93,71.16,75.33,79.47,83.68
188.57,4.16,8.32,12.48,16.64,20.81,24.97,29.13,33.28,37.45,41.60,45.79,49.92,54.12,58.28,62.47,66.61,70.78,74.95,79.09,83.28
188.00,5.35,10.70,16.05,21.40,26.76,32.11,37.46,42.82,48.15,53.55,58.89,64.27,69.58,75.00,80.30,85.73,91.07,96.44,101.81,107.15
188.13,4.13,8.26,12.39,16.52,20.66,24.78,28.91,33.05,37.18,41.32,45.44,49.59,53.73,57.85,62.02,66.12,70.29,74.39,78.50,82.62
188.62,4.13,8.26,12.39,16.52,20.65,24.79,28.91,33.05,37.19,41.32,45.45,49.60,53.72,57.85,62.00,66.14,70.28,74.41,78.58,82.67
190.94,4.34,8.68,13.02,17.36,21.71,26.04,30.38,34.73,39.08,43.41,47.76,52.14,56.45,60.78,65.15,69.52,73.89,78.24,82.60,86.95
188.26,3.42,6.84,10.26,13.68,17.10,20.52,23.94,27.36,30.78,34.21,37.62,41.06,44.47,47.89,51.31,54.78,58.20,61.63,65.03,68.45
187.60,4.17,8.34,12.51,16.68,20.85,25.03,29.19,33.37,37.54,41.72,45.95,50.07,54.26,58.43,62.61,66.79,70.97,75.14,79.27,83.45
188.55,4.30,8.60,12.90,17.20,21.50,25.80,30.10,34.41,38.71,43.02,47.32,51.62,55.93,60.26,64.59,68.84,73.15,77.47,81.86,86.06
189.00,4.16,8.32,12.48,16.64,20.80,24.96,29.13,33.29,37.44,41.61,45.78,49.93,54.10,58.28,62.45,66.62,70.76,75.00,79.11,83.28
188.60,4.15,8.30,12.45,16.60,20.75,24.91,29.06,33.20,37.36,41.53,45.69,49.84,53.98,58.13,62.30,66.43,70.61,74.74,78.94,83.03
190.82,5.38,10.76,16.14,21.53,26.90,32.29,37.67,43.04,48.44,53.82,59.23,64.62,69.98,75.39,80.68,86.17,91.51,97.02,102.38,107.87
188.12,4.12,8.24,12.36,16.48,20.60,24.73,28.84,32.96,37.10,41.21,45.35,49.47,53.59,57.72,61.85,65.95,70.11,74.26,78.39,82.47
191.28,3.43,6.86,10.29,13.72,17.15,20.58,24.02,27.45,30.88,34.31,37.75,41.16,44.61,48.04,51.46,55.07,58.35,61.77,65.20,68.63
187.91,4.10,8.20,12.30,16.40,20.51,24.61,28.71,32.82,36.91,41.01,45.13,49.23,53.33,57.42,61.49,65.66,69.74,73.87,77.93,82.04
188.36,5.33,10.66,15.99,21.32,26.69,31.99,37.32,42.64,47.98,53.31,58.67,64.00,69.37,74.67,80.02,85.33,90.71,96.08,101.39,106.55
183.96,5.36,10.72,16.08,21.44,26.81,32.17,37.53,42.88,48.26,53.63,59.01,64.35,69.73,75.08,80.44,85.82,91.19,96.62,102.04,107.41
190.52,3.43,6.86,10.29,13.72,17.15,20.58,24.02,27.45,30.87,34.31,37.74,41.17,44.61,48.04,51.48,54.90,58.37,61.79,65.26,68.69
188.55,5.34,10.68,16.02,21.36,26.71,32.05,37.38,42.74,48.10,53.41,58.80,64.16,69.44,74.84,80.04,85.50,90.89,96.25,101.55,107.04
189.60,5.35,10.70,16.05,21.41,26.75,32.10,37.46,42.81,48.18,53.55,58.91,64.25,69.61,75.00,80.29,85.75,91.04,96.47,101.87,107.28
191.10,3.43,6.86,10.29,13.72,17.15,20.58,24.02,27.44,30.88,34.31,37.75,41.15,44.61,48.02,51.48,54.89,58.37,61.80,65.21,68.66
188.21,4.09,8.18,12.27,16.36,20.45,24.54,28.65,32.73,36.82,40.92,45.00,49.09,53.21,57.30,61.38,65.50,69.59,73.68,77.79,81.89
188.57,3.42,6.84,10.26,13.68,17.10,20.52,23.94,27.37,30.79,34.21,37.64,41.05,44.47,48.04,51.31,54.74,58.16,61.63,65.04,68.50
188.41,5.37,10.74,16.11,21.48,26.86,32.22,37.60,42.98,48.34,53.69,59.12,64.49,69.84,75.26,80.62,86.05,91.45,96.85,102.19,107.65
188.38,4.15,8.30,12.45,16.61,20.75,24.91,29.05,33.27,37.36,41.52,45.66,49.81,53.99,58.12,62.31,66.48,70.64,74.73,78.94,83.11
188.76,4.11,8.22,12.33,16.44,20.55,24.66,28.78,32.89,37.00,41.10,45.24,49.33,53.55,57.60,61.74,65.84,69.94,74.08,78.14,82.28
187.48,5.44,10.88,16.32,21.77,27.20,32.66,38.11,43.54,48.97,54.42,59.89,65.34,70.79,76.24,81.68,87.19,92.58,98.07,103.50,108.91
188.30,5.31,10.62,15.93,21.24,26.61,31.87,37.18,42.50,47.78,53.11,58.46,63.79,69.13,74.44,79.77,85.06,90.38,95.69,101.99,106.43
188.42,4.12,8.24,12.36,16.48,20.60,24.72,28.85,32.99,37.09,41.21,45.35,49.47,53.60,57.72,61.85,65.98,70.07,74.22,78.33,82.49
188.18,4.15,8.30,12.45,16.60,20.75,24.91,29.06,33.22,37.36,41.51,45.66,49.81,54.00,58.16,62.28,66.42,70.64,74.75,78.90,83.10
184.47,4.18,8.36,12.54,16.72,20.90,25.09,29.26,33.45,37.63,41.82,46.00,50.18,54.36,58.55,62.75,66.94,71.13,75.33,79.47,83.69
188.11,4.12,8.24,12.36,16.48,20.60,24.72,28.85,32.97,37.09,41.22,45.34,49.46,53.60,57.72,61.85,65.98,70.08,74.23,78.33,82.46
190.52,4.36,8.72,13.08,17.44,21.80,26.16,30.53,34.89,39.26,43.61,47.98,52.35,56.72,61.08,65.47,69.82,74.22,78.59,82.93,87.26
189.22,4.61,9.22,13.83,18.44,23.05,27.67,32.28,36.91,41.51,46.12,50.72,55.37,59.97,64.61,69.20,73.86,78.46,83.12,87.72,92.35
186.58,5.31,10.62,15.93,21.24,26.54,31.88,37.19,42.51,47.81,53.14,58.44,63.78,69.07,74.42,79.70,85.58,90.37,95.69,101.02,106.30
191.35,3.45,6.89,10.35,13.80,17.25,20.70,24.16,27.60,31.06,34.50,37.96,41.41,44.85,48.32,51.78,55.21,58.86,62.13,65.58,69.04
188.15,4.14,8.28,12.42,16.57,20.70,24.85,28.99,33.12,37.28,41.42,45.56,49.70,53.94,58.00,62.13,66.29,70.42,74.62,78.74,82.92
188.34,4.12,8.24,12.36,16.48,20.61,24.73,28.84,32.96,37.09,41.22,45.32,49.47,53.59,57.74,61.85,65.98,70.07,74.24,78.32,82.48
188.15,5.33,10.66,15.99,21.33,26.66,31.98,37.39,42.65,47.98,53.35,58.68,64.02,69.33,74.69,80.03,85.32,90.72,96.10,101.41,106.72
187.84,3.41,6.82,10.23,13.64,17.05,20.46,23.88,27.29,30.69,34.11,37.52,40.94,44.36,47.76,51.18,54.61,58.04,61.41,64.85,68.26
191.38,3.44,6.88,10.32,13.76,17.20,20.64,24.08,27.53,30.97,34.40,37.85,41.30,44.74,48.18,51.63,55.06,58.52,61.97,65.41,68.89
188.06,4.10,8.20,12.30,16.40,20.51,24.61,28.72,32.81,36.91,41.02,45.13,49.22,53.31,57.45,61.55,65.63,69.77,73.85,77.98,82.07
188.26,125.87,158.24,169.98,171.78,174.99,180.06,184.89,184.65,184.90,153.88,188.18,181.79,183.31,184.88,184.35,183.31,183.97,183.05,184.46,183.82
188.98,4.53,9.06,13.59,18.12,22.65,27.25,31.72,36.26,40.78,45.31,49.83,54.40,58.94,63.45,68.01,72.55,77.10,81.63,86.13,90.66
188.37,3.40,6.80,10.20,13.60,17.00,20.40,23.81,27.21,30.61,34.00,37.41,40.82,44.21,47.62,51.03,54.44,57.82,61.25,64.64,68.06
188.20,4.14,8.28,12.42,16.56,20.70,24.84,28.98,33.13,37.27,41.41,45.56,49.71,53.83,58.00,62.11,66.23,70.44,74.61,78.71,82.85
188.39,3.42,6.84,10.26,13.68,17.11,20.52,23.94,27.37,30.79,34.21,37.63,41.05,44.49,47.90,51.34,54.76,58.29,61.59,65.06,68.40
188.24,3.43,6.86,10.29,13.72,17.15,20.58,24.02,27.45,30.88,34.31,37.75,41.17,44.62,48.06,51.49,54.89,58.35,61.98,65.27,68.64
188.39,4.31,8.62,12.93,17.24,21.55,25.86,30.17,34.49,38.80,43.12,47.44,51.73,56.07,60.37,64.73,69.02,73.34,77.63,81.98,86.28
172.21,3.69,7.38,11.07,14.76,18.45,22.14,25.84,29.53,33.22,36.92,40.61,44.31,47.98,51.69,55.40,59.10,62.77,66.46,70.18,73.86
172.77,3.70,7.40,11.10,14.80,18.50,22.21,25.90,29.61,33.29,37.01,40.71,44.42,48.13,51.84,55.52,59.20,62.95,66.63,70.35,74.11
173.16,3.70,7.40,11.10,14.80,18.50,22.20,25.91,29.60,33.31,37.02,40.72,44.42,48.11,51.82,55.54,59.27,62.98,66.66,70.34,74.04
172.05,4.65,9.30,13.95,18.60,23.26,27.91,32.56,37.21,41.87,46.52,51.16,55.84,60.48,65.10,69.78,74.51,79.17,83.85,88.44,93.12
172.16,4.63,9.26,13.89,18.52,23.15,27.79,32.42,37.05,41.70,46.31,50.98,55.59,60.23,64.90,69.49,74.17,78.77,83.39,88.03,92.62
173.95,4.63,9.26,13.89,18.53,23.16,27.79,32.42,37.05,41.68,46.34,50.95,55.59,60.23,64.88,69.52,74.18,78.76,83.39,88.09,92.66
172.35,4.65,9.30,13.95,18.60,23.26,27.91,32.55,37.22,41.86,46.52,51.18,55.83,60.52,65.11,69.78,74.45,79.12,83.80,88.43,93.09
168.14,3.13,6.26,9.39,12.52,15.65,18.78,21.92,25.04,28.18,31.31,34.45,37.58,40.70,43.85,46.96,50.11,53.24,56.36,59.52,62.66
174.20,3.73,7.46,11.19,14.92,18.65,22.38,26.12,29.84,33.58,37.31,41.05,44.78,48.53,52.26,55.98,59.72,63.43,67.17,70.93,74.67
174.21,3.72,7.44,11.16,14.88,18.60,22.32,26.05,29.77,33.48,37.21,40.93,44.66,48.40,52.10,55.79,59.55,63.28,67.05,70.73,74.50
171.14,3.71,7.42,11.13,14.84,18.55,22.26,25.97,29.69,33.39,37.11,40.83,44.53,48.22,51.98,55.69,59.43,63.11,66.84,70.53,74.27
173.93,4.68,9.36,14.04,18.72,23.40,28.09,32.77,37.45,42.13,46.82,51.53,56.20,60.91,65.57,70.27,74.97,79.61,84.35,89.02,93.66
173.97,3.13,6.26,9.39,12.52,15.65,18.78,21.92,25.05,28.17,31.31,34.43,37.56,40.70,43.85,46.99,50.10,53.23,56.38,59.52,62.65
173.71,3.72,7.44,11.16,14.88,18.60,22.32,26.05,29.77,33.48,37.21,40.93,44.65,48.38,52.12,55.83,59.54,63.28,67.02,70.78,74.47
174.04,3.71,7.42,11.13,14.84,18.55,22.27,25.98,29.69,33.39,37.11,40.82,44.55,48.26,51.95,55.70,59.39,63.10,66.84,70.56,74.24
173.85,3.73,7.46,11.19,14.92,18.65,22.38,26.12,29.85,33.57,37.30,41.04,44.79,48.51,52.25,55.98,59.70,63.43,67.17,70.91,74.69
174.17,4.68,9.36,14.04,18.72,23.40,28.09,32.77,37.45,42.13,46.83,51.53,56.23,60.90,65.55,70.24,74.93,79.68,84.30,89.02,93.80
174.59,4.26,8.52,12.78,17.05,21.31,25.57,29.83,34.09,38.35,42.61,46.90,51.15,55.41,59.67,63.94,68.19,72.44,76.72,81.03,85.28
170.94,4.66,9.32,13.98,18.64,23.31,27.97,32.63,37.30,41.96,46.63,51.29,55.95,60.59,65.30,69.93,74.63,79.31,84.00,88.63,93.28
172.74,3.12,6.24,9.36,12.48,15.60,18.72,21.84,24.96,28.08,31.21,34.33,37.46,40.56,43.69,46.82,49.95,53.08,56.21,59.31,62.45
172.01,4.64,9.28,13.92,18.56,23.21,27.85,32.49,37.13,41.77,46.42,51.06,55.70,60.39,64.98,69.66,74.34,79.01,83.60,88.22,92.91
173.71,3.71,7.42,11.13,14.84,18.56,22.27,25.98,29.69,33.40,37.11,40.83,44.54,48.24,51.98,55.69,59.38,63.10,67.48,70.55,74.27
174.89,3.14,6.28,9.42,12.56,15.70,18.85,21.99,25.13,28.27,31.41,34.56,37.68,40.85,43.97,47.13,50.26,53.43,56.54,59.69,62.87
173.54,3.71,7.42,11.13,14.84,18.55,22.26,25.98,29.69,33.40,37.11,40.82,44.55,48.27,51.97,55.70,59.40,63.09,66.83,70.52,74.22
172.77,4.64,9.28,13.92,18.56,23.21,27.85,32.49,37.14,41.77,46.42,51.06,55.72,60.35,65.04,69.65,74.31,78.94,83.60,88.20,92.89
172.18,4.65,9.30,13.95,18.60,23.26,27.90,32.56,37.22,41.86,46.52,51.20,55.85,60.45,65.19,69.78,74.44,79.10,83.80,88.48,93.13
174.69,4.71,9.42,14.13,18.85,23.56,28.27,32.98,37.69,42.42,47.14,51.84,56.56,61.33,65.97,70.73,75.40,80.16,84.85,92.11,94.29
172.13,5.08,10.16,15.24,20.32,25.41,30.49,35.58,40.66,45.73,50.86,55.92,61.03,66.09,71.16,76.30,81.41,86.45,91.61,96.63,101.68
171.86,3.69,7.38,11.07,14.76,18.45,22.14,25.83,29.53,33.23,36.90,40.61,44.31,48.00,51.67,55.39,59.07,62.76,66.48,70.12,73.83
172.07,3.72,7.44,11.16,14.88,18.60,22.32,26.05,29.77,33.49,37.21,40.94,44.66,48.43,52.11,55.83,59.56,63.30,66.99,70.75,74.43
171.75,4.15,8.30,12.45,16.60,20.75,24.91,29.06,33.22,37.37,41.52,45.67,49.82,53.99,58.15,62.32,66.45,70.58,74.77,78.94,83.09
172.59,3.74,7.48,11.22,14.96,18.70,22.45,26.18,29.92,33.67,37.42,41.17,44.90,48.64,52.38,56.16,59.87,63.61,67.33,71.10,74.85
171.34,3.87,7.74,11.61,15.48,19.35,23.22,27.09,30.97,34.84,38.72,42.59,46.46,50.34,54.21,58.10,62.00,65.82,69.70,73.60,77.49
174.18,3.73,7.46,11.19,14.92,18.65,22.39,26.12,29.84,33.58,37.32,41.04,44.79,48.50,52.26,55.97,59.71,63.44,67.20,70.93,74.67
171.61,3.12,6.24,9.36,12.48,15.60,18.73,21.84,24.96,28.09,31.21,34.33,37.44,40.57,43.70,46.82,49.94,53.06,56.20,59.32,62.45
174.64,6.28,12.56,18.84,25.12,31.41,37.69,43.98,50.26,56.55,62.86,69.14,75.40,81.71,88.03,94.28,100.70,106.91,113.32,119.46,125.79
172.46,3.69,7.38,11.07,14.76,18.45,22.15,25.84,29.53,33.21,36.90,40.62,44.30,47.99,51.68,55.37,59.08,62.75,66.45,70.17,73.86
173.16,3.12,6.24,9.36,12.48,15.60,18.72,21.84,24.97,28.09,31.21,34.32,37.45,40.58,43.69,46.83,49.95,53.08,56.19,59.33,62.45
168.60,3.72,7.44,11.16,14.88,18.60,22.32,26.05,29.77,33.49,37.20,40.95,44.66,48.39,52.10,55.85,59.59,63.30,67.03,70.75,74.47
173.84,3.70,7.40,11.10,14.80,18.50,22.21,25.90,29.61,33.31,37.01,40.72,44.43,48.13,51.82,55.54,59.23,62.93,66.66,70.39,74.11
172.90,3.71,7.42,11.13,14.84,18.55,22.26,25.97,29.68,33.39,37.10,40.82,44.53,48.27,51.98,55.67,59.40,63.11,66.85,70.58,74.25
173.21,3.71,7.42,11.13,14.84,18.55,22.27,25.98,29.70,33.39,37.11,40.83,44.54,48.26,51.99,55.68,59.40,63.09,66.85,70.54,74.25
172.46,4.65,9.30,13.95,18.60,23.25,27.91,32.56,37.23,41.86,46.52,51.18,55.83,60.46,65.16,69.76,74.46,79.09,83.80,88.43,93.12
174.19,4.19,8.38,12.57,16.76,20.96,25.14,29.34,33.53,37.72,41.92,46.13,50.31,54.51,58.70,62.88,67.10,71.25,75.48,79.70,83.94
170.66,3.81,7.62,11.43,15.24,19.05,22.87,26.68,30.49,34.30,38.11,41.93,45.76,49.57,53.37,57.19,60.97,64.82,68.67,72.46,76.24
173.47,4.67,9.34,14.01,18.68,23.35,28.02,32.70,37.37,42.05,46.71,51.39,56.07,60.75,65.43,70.12,74.77,79.44,84.11,88.89,93.56
172.06,3.71,7.42,11.13,14.84,18.55,22.26,25.98,29.68,33.40,37.10,40.82,44.54,48.26,51.97,55.72,59.39,63.09,66.84,70.56,74.24
171.67,3.69,7.38,11.07,14.76,18.45,22.15,25.84,29.53,33.21,36.91,40.62,44.31,48.00,51.69,55.39,59.08,62.76,66.44,70.18,73.84
171.62,4.19,8.38,12.57,16.76,20.95,25.14,29.35,33.54,37.72,41.92,46.11,50.31,54.50,58.69,62.85,67.10,71.32,75.49,79.69,83.85
171.98,5.02,10.04,15.06,20.08,25.11,30.12,35.16,40.17,45.21,50.25,55.25,60.28,65.34,70.33,75.41,80.40,85.41,90.57,95.49,100.60
175.08,3.74,7.48,11.22,14.96,18.70,22.44,26.19,29.93,33.68,37.40,41.15,44.91,48.65,52.39,56.16,59.88,63.61,67.38,71.14,74.87
171.93,3.71,7.42,11.13,14.84,18.55,22.26,25.98,29.68,33.39,37.11,40.82,44.55,48.25,51.99,55.67,59.38,63.12,66.82,70.56,74.26
173.81,3.72,7.44,11.16,14.88,18.60,22.32,26.05,29.77,33.49,37.21,40.93,44.67,48.38,52.11,55.84,59.51,63.31,67.00,70.71,74.44
173.58,4.68,9.36,14.04,18.72,23.40,28.09,32.77,37.45,42.13,46.82,51.50,56.20,60.90,65.60,70.31,74.96,79.62,84.34,89.06,93.61
174.14,4.69,9.38,14.07,18.76,23.45,28.14,32.84,37.53,42.23,46.91,51.63,56.31,61.02,65.73,70.42,75.11,79.80,84.51,89.26,93.96
172.62,3.72,7.44,11.16,14.88,18.60,22.32,26.05,29.77,33.50,37.21,40.95,44.66,48.40,52.10,55.83,59.56,63.31,67.01,70.73,74.50
172.03,3.72,7.44,11.16,14.88,18.60,22.32,26.05,29.77,33.49,37.21,40.93,44.66,48.38,52.13,55.82,59.56,63.32,67.05,70.75,74.44
173.10,4.64,9.28,13.92,18.56,23.20,27.84,32.49,37.12,41.79,46.41,51.08,55.70,60.37,64.99,69.67,74.32,78.92,83.60,88.30,92.88
171.85,3.11,6.22,9.33,12.44,15.55,18.66,21.78,24.88,28.00,31.11,34.22,37.33,40.45,43.56,46.68,49.72,52.91,56.03,59.12,62.23
171.35,3.86,7.72,11.58,15.44,19.30,23.16,27.02,30.88,34.75,38.61,42.47,46.32,50.19,54.08,57.93,61.76,65.70,69.57,73.39,77.27
174.69,3.13,6.26,9.39,12.52,15.65,18.78,21.91,25.06,28.18,31.30,34.44,37.57,40.71,43.84,46.98,50.10,53.25,56.36,59.52,62.66
168.61,3.87,7.74,11.61,15.48,19.36,23.23,27.10,30.96,34.84,38.71,42.59,46.46,50.33,54.18,58.08,61.92,65.84,69.70,73.61,77.47
172.26,3.72,7.44,11.16,14.88,18.60,22.32,26.05,29.77,33.48,37.22,40.93,44.66,48.38,52.10,55.85,59.55,63.25,67.04,70.68,74.48
174.00,3.71,7.42,11.13,14.84,18.55,22.26,25.97,29.69,33.40,37.10,40.82,44.56,48.24,51.97,55.67,59.38,63.12,66.81,70.56,74.24
168.72,3.90,7.80,11.70,15.60,19.51,23.41,27.31,31.22,35.12,39.01,42.92,46.84,50.71,54.63,58.53,62.47,66.34,70.23,74.14,78.07
171.89,3.70,7.40,11.10,14.80,18.50,22.20,25.90,29.61,33.32,37.02,40.72,44.42,48.13,51.82,55.55,59.26,62.97,66.68,70.35,74.07
173.00,3.71,7.42,11.13,14.84,18.56,22.26,25.98,29.69,33.41,37.11,40.82,44.54,48.25,51.96,55.67,59.39,63.15,66.84,70.55,74.25
172.00,3.72,7.44,11.16,14.88,18.60,22.33,26.04,29.77,33.50,37.19,40.93,44.67,48.38,52.12,55.81,59.55,63.27,67.02,70.72,74.49
172.43,4.67,9.34,14.01,18.69,23.35,28.03,32.70,37.36,42.06,46.72,51.41,56.34,60.75,65.40,70.11,74.76,79.43,84.13,88.79,93.46
172.22,3.72,7.44,11.16,14.88,18.61,22.32,26.04,29.76,33.49,37.21,40.94,44.65,48.39,52.10,55.84,59.54,63.27,67.01,70.77,74.47
172.33,3.11,6.22,9.33,12.44,15.55,18.66,21.78,24.89,27.99,31.11,34.23,37.32,40.45,43.56,46.68,49.78,52.89,56.00,59.14,62.23
174.17,3.86,7.72,11.58,15.44,19.30,23.17,27.03,30.88,34.74,38.62,42.46,46.35,50.20,54.09,57.94,61.79,65.69,69.52,73.42,77.31
174.79,3.74,7.48,11.22,14.96,18.70,22.44,26.19,29.93,33.68,37.42,41.17,44.92,48.64,52.40,56.14,59.88,63.63,67.40,71.17,74.79
172.27,4.64,9.28,13.92,18.56,23.21,27.85,32.49,37.12,41.77,46.42,51.06,55.71,60.35,64.98,69.66,74.31,78.94,83.57,88.22,92.91
171.97,4.63,9.26,13.89,18.53,23.15,27.79,32.41,37.05,41.69,46.33,50.94,55.61,60.21,64.85,69.50,74.14,78.76,83.44,88.01,92.71
171.57,3.12,6.24,9.36,12.48,15.60,18.72,21.85,24.96,28.09,31.21,34.33,37.45,40.57,43.70,46.83,49.96,53.08,56.20,59.31,62.43
174.27,3.13,6.26,9.39,12.52,15.65,18.78,21.91,25.05,28.18,31.30,34.44,37.58,40.70,43.84,46.97,50.11,53.25,56.39,59.52,62.65
174.74,3.13,6.26,9.39,12.52,15.65,18.78,21.91,25.04,28.17,31.31,34.43,37.57,40.70,43.84,46.97,50.11,53.21,56.37,59.54,62.62
171.61,3.75,7.50,11.25,15.00,18.75,22.50,26.26,30.00,33.75,37.51,41.26,45.03,48.77,52.51,56.29,60.05,63.80,67.56,71.30,75.07
172.49,4.64,9.28,13.92,18.56,23.20,27.85,32.49,37.13,41.77,46.44,51.07,55.72,60.36,65.01,69.65,74.34,79.00,83.66,88.28,92.89
172.15,3.71,7.42,11.13,14.84,18.55,22.26,25.97,29.68,33.40,37.11,40.83,44.54,48.23,51.96,55.68,59.39,63.10,66.88,70.56,74.18
172.15,3.86,7.72,11.58,15.44,19.30,23.16,27.03,30.90,34.75,38.62,42.48,46.34,50.21,54.07,57.97,61.83,65.67,69.54,73.41,77.28
171.91,3.12,6.24,9.36,12.48,15.60,18.72,21.84,24.97,28.08,31.20,34.32,37.46,40.58,43.69,46.82,49.96,53.06,56.20,59.31,62.46
172.81,3.70,7.40,11.10,14.80,18.50,22.21,25.90,29.61,33.31,37.00,40.71,44.43,48.13,51.84,55.52,59.23,62.95,66.67,70.34,74.07
174.25,3.71,7.42,11.13,14.84,18.56,22.26,25.97,29.69,33.40,37.11,40.82,44.54,48.25,51.96,55.67,59.40,63.10,66.85,70.52,74.30
173.43,3.71,7.42,11.13,14.84,18.55,22.26,25.98,29.69,33.40,37.11,40.83,44.54,48.24,51.97,55.69,59.41,63.10,66.84,70.56,74.26
171.99,3.12,6.24,9.36,12.48,15.60,18.72,21.84,24.97,28.09,31.21,34.34,37.44,40.58,43.70,46.84,49.95,53.06,56.20,59.32,62.42
172.01,4.65,9.30,13.95,18.60,23.25,27.90,32.55,37.21,41.87,46.52,51.20,55.86,60.48,65.16,69.79,74.49,79.17,83.77,88.37,93.07
173.79,4.64,9.28,13.92,18.56,23.20,27.85,32.48,37.13,41.78,46.43,51.06,55.70,60.34,65.03,69.69,74.35,79.00,83.57,88.22,92.97
172.70,4.64,9.28,13.92,18.56,23.20,27.85,32.49,37.14,41.77,46.44,51.06,55.70,60.34,64.99,69.63,74.31,78.92,83.65,88.21,92.94
171.57,4.65,9.30,13.95,18.60,23.26,27.91,32.55,37.21,41.86,46.52,51.18,55.83,60.52,65.15,69.80,74.45,79.11,83.82,88.38,93.12
174.04,3.13,6.26,9.39,12.52,15.65,18.78,21.92,25.04,28.18,31.31,34.44,37.57,40.71,43.85,46.98,50.11,53.25,56.38,59.51,62.67
171.78,3.70,7.40,11.10,14.80,18.51,22.21,25.90,29.61,33.31,37.02,40.72,44.43,48.13,51.84,55.53,59.24,62.92,66.66,70.38,74.10
171.81,4.19,8.38,12.57,16.76,20.95,25.15,29.34,33.53,37.72,41.91,46.12,50.31,54.51,58.71,62.90,67.08,71.27,75.45,79.73,83.84
174.12,3.88,7.76,11.64,15.52,19.41,23.29,27.17,31.04,34.92,38.80,42.70,46.59,50.45,54.36,58.23,62.10,66.01,69.91,73.77,77.65
171.65,4.65,9.30,13.95,18.60,23.25,27.90,32.56,37.22,41.86,46.52,51.18,55.86,60.49,65.19,69.81,74.47,79.10,83.80,88.50,93.15
172.46,6.93,13.86,20.79,27.73,34.65,41.58,48.55,55.46,62.41,69.35,76.34,83.26,90.19,97.18,104.16,111.03,118.01,124.94,132.06,138.94
172.09,4.18,8.36,12.54,16.72,20.90,25.09,29.27,33.46,37.64,41.82,46.00,50.18,54.35,58.55,62.76,66.91,71.09,75.29,79.50,83.66
171.78,4.66,9.32,13.98,18.64,23.30,27.97,32.64,37.30,41.95,46.64,51.29,55.97,60.66,65.29,69.95,74.60,79.31,83.96,88.60,93.26
172.02,4.67,9.34,14.01,18.68,23.35,28.02,32.70,37.37,42.06,46.72,51.40,56.06,60.77,65.37,70.11,74.82,79.47,84.14,88.87,93.50
158.28,3.80,7.60,11.40,15.20,19.00,22.80,26.61,30.40,34.21,38.02,41.82,45.63,49.44,53.23,57.02,60.83,64.63,68.46,72.24,76.05
157.88,4.07,8.14,12.21,16.28,20.36,24.43,28.50,32.58,36.64,40.72,44.80,48.85,52.94,57.00,61.10,65.17,69.23,73.30,77.42,81.49
159.02,3.86,7.72,11.58,15.44,19.30,23.16,27.03,30.90,34.76,38.62,42.48,46.33,50.20,54.07,57.93,61.80,65.68,69.54,73.37,77.24
158.34,2.86,5.72,8.58,11.44,14.30,17.16,20.03,22.89,25.74,28.62,31.47,34.33,37.19,40.05,42.91,45.77,48.64,51.51,54.35,57.25
160.40,3.59,7.18,10.77,14.36,17.95,21.54,25.14,28.72,32.32,35.92,39.51,43.09,46.70,50.29,53.88,57.48,61.07,64.65,68.26,71.85
159.57,4.12,8.24,12.36,16.48,20.60,24.73,28.85,32.98,37.09,41.22,45.34,49.46,53.58,57.71,61.88,65.95,70.04,74.23,78.34,82.44
160.10,3.37,6.74,10.11,13.48,16.86,20.23,23.60,26.97,30.34,33.71,37.10,40.46,43.83,47.22,50.57,53.94,57.31,60.71,64.09,67.45
157.73,3.83,7.66,11.49,15.32,19.15,22.98,26.82,30.65,34.49,38.31,42.14,45.98,49.83,53.64,57.48,61.31,65.19,69.03,72.84,76.68
158.30,4.14,8.28,12.42,16.56,20.70,24.85,28.98,33.13,37.27,41.43,45.55,49.71,53.89,57.99,62.09,66.26,70.47,74.56,78.71,82.86
158.44,4.11,8.22,12.33,16.44,20.56,24.66,28.78,32.90,37.01,41.12,45.24,49.34,53.45,57.59,61.67,65.80,69.90,74.05,78.13,82.28
160.63,2.88,5.76,8.64,11.52,14.41,17.28,20.17,23.05,25.92,28.81,31.69,34.58,37.45,40.33,43.24,46.11,48.99,51.87,54.75,57.65
159.24,4.12,8.24,12.36,16.48,20.60,24.73,28.85,32.96,37.09,41.22,45.34,49.46,53.59,57.71,61.87,66.00,70.13,74.20,78.36,82.49
158.86,3.35,6.70,10.05,13.40,16.75,20.10,23.45,26.81,30.16,33.51,36.86,40.22,43.59,46.92,50.28,53.62,56.99,60.33,63.72,67.04
159.03,4.12,8.24,12.36,16.48,20.60,24.73,28.85,32.97,37.09,41.22,45.34,49.46,53.60,57.71,61.84,65.95,70.08,74.22,78.32,82.48
158.77,3.36,6.72,10.08,13.44,16.80,20.17,23.53,26.88,30.25,33.61,36.97,40.34,43.70,47.09,50.43,53.78,57.15,60.51,63.87,67.24
158.20,3.48,6.96,10.44,13.92,17.40,20.88,24.37,27.85,31.33,34.81,38.29,41.77,45.26,48.75,52.21,55.70,59.18,62.69,66.23,69.63
157.25,2.85,5.70,8.55,11.40,14.25,17.10,19.95,22.80,25.66,28.50,31.36,34.22,37.06,39.91,42.76,45.63,48.49,51.32,54.16,57.05
158.70,3.35,6.70,10.05,13.40,16.75,20.10,23.45,26.81,30.15,33.51,36.86,40.22,43.56,46.93,50.25,53.62,56.98,60.33,63.73,67.03
158.41,3.35,6.70,10.05,13.40,16.75,20.10,23.46,26.80,30.16,33.51,36.87,40.21,43.57,46.92,50.27,53.62,57.00,60.27,63.70,67.03
158.24,4.08,8.16,12.24,16.32,20.40,24.49,28.56,32.65,36.73,40.81,44.89,48.99,53.05,57.17,61.23,65.33,69.38,73.49,77.58,81.67
158.10,4.11,8.22,12.33,16.44,20.55,24.66,28.78,32.89,37.01,41.11,45.24,49.34,53.48,57.61,61.68,65.81,69.93,74.01,78.15,82.22
159.74,4.14,8.28,12.42,16.56,20.70,24.84,28.99,33.14,37.28,41.42,45.57,49.71,53.88,57.99,62.14,66.27,70.42,74.55,78.74,82.88
159.98,12.91,25.83,38.74,51.68,64.56,77.57,90.46,103.39,116.30,129.24,142.40,155.49,168.11,181.17,90.30,93.55,96.41,99.69,101.29,105.12
159.93,3.37,6.74,10.11,13.48,16.85,20.23,23.59,26.96,30.34,33.71,37.08,40.46,43.82,47.19,50.58,53.94,57.31,60.71,64.06,67.46
160.17,4.13,8.26,12.39,16.52,20.65,24.79,28.91,33.05,37.19,41.32,45.45,49.60,53.75,57.84,62.01,66.11,70.30,74.42,78.58,82.78
158.74,3.35,6.70,10.05,13.40,16.75,20.10,23.46,26.81,30.16,33.51,36.86,40.22,43.56,46.91,50.28,53.63,56.99,60.36,63.68,67.01
159.54,2.88,5.76,8.64,11.52,14.40,17.28,20.16,23.04,25.93,28.81,31.69,34.57,37.46,40.34,43.22,46.10,49.00,51.87,54.78,57.61
159.02,3.35,6.70,10.05,13.40,16.75,20.10,23.45,26.80,30.15,33.52,36.86,40.22,43.58,46.91,50.28,53.62,56.99,60.33,63.68,67.04
158.02,3.35,6.70,10.05,13.40,16.75,20.10,23.46,26.81,30.16,33.52,36.86,40.22,43.57,46.91,50.28,53.64,56.99,60.33,63.71,67.03
144.40,4.17,8.34,12.51,16.68,20.85,25.03,29.20,33.37,37.56,41.73,45.91,50.08,54.24,58.43,62.60,66.79,70.92,75.09,79.30,83.48
157.92,4.14,8.28,12.42,16.56,20.70,24.85,28.98,33.14,37.28,41.41,45.56,49.69,53.85,57.93,62.15,66.30,70.42,74.62,78.70,82.83
157.57,2.88,5.76,8.64,11.52,14.40,17.28,20.16,23.04,25.93,28.80,31.70,34.58,37.46,40.36,43.22,46.12,48.98,51.87,54.75,57.64
158.79,4.11,8.22,12.33,16.44,20.56,24.67,28.78,32.89,37.01,41.12,45.24,49.34,53.49,57.57,61.69,65.81,69.92,74.04,78.18,82.28
160.40,3.38,6.76,10.14,13.52,16.90,20.28,23.66,27.04,30.43,33.81,37.19,40.58,43.95,47.35,50.72,54.11,57.50,60.87,64.26,67.64
158.21,3.35,6.70,10.05,13.40,16.75,20.11,23.45,26.81,30.16,33.52,36.86,40.21,43.59,46.92,50.28,53.63,57.00,60.37,63.69,67.03
158.08,4.09,8.18,12.27,16.36,20.45,24.55,28.65,32.74,36.82,40.92,45.01,49.11,53.18,57.30,61.36,65.49,69.61,73.70,77.79,81.94
158.74,3.34,6.68,10.02,13.36,16.70,20.04,23.38,26.73,30.07,33.41,36.76,40.09,43.45,46.78,50.12,53.46,56.81,60.17,63.52,66.86
160.76,3.50,7.00,10.50,14.00,17.50,21.01,24.51,28.00,31.51,35.01,38.51,42.01,45.52,49.04,52.53,56.02,59.53,63.05,66.57,70.05
158.09,3.37,6.74,10.11,13.48,16.85,20.22,23.60,26.96,30.34,33.72,37.08,40.45,43.82,47.20,50.57,53.94,57.32,60.72,64.06,67.46
158.39,3.36,6.72,10.08,13.44,16.80,20.16,23.52,26.88,30.23,33.61,36.97,40.34,43.70,47.06,50.42,53.82,57.16,60.53,63.88,67.23
159.21,2.88,5.76,8.64,11.52,14.40,17.28,20.16,23.04,25.92,28.82,31.69,34.57,37.45,40.34,43.22,46.11,48.98,51.85,54.76,57.63
160.43,3.86,7.72,11.58,15.44,19.30,23.16,27.02,30.88,34.75,38.63,42.49,46.34,50.19,54.06,57.90,61.79,65.66,69.51,73.44,77.26
160.02,3.37,6.74,10.11,13.48,16.85,20.23,23.59,26.97,30.34,33.72,37.08,40.46,43.84,47.19,50.57,53.94,57.32,60.69,64.09,67.47
158.48,3.35,6.70,10.05,13.40,16.75,20.10,23.45,26.80,30.16,33.51,36.87,40.21,43.57,46.91,50.27,53.65,57.00,60.35,63.69,67.08
158.54,4.12,8.24,12.36,16.48,20.61,24.72,28.85,32.98,37.10,41.21,45.35,49.46,53.59,57.70,61.85,65.94,70.08,74.24,78.32,82.49
158.76,3.48,6.96,10.44,13.92,17.40,20.88,24.36,27.84,31.33,34.81,38.30,41.78,45.27,48.74,52.24,55.73,59.17,62.69,66.16,69.66
158.02,3.83,7.66,11.49,15.32,19.15,22.98,26.81,30.65,34.48,38.32,42.16,45.97,49.82,53.65,57.51,61.31,65.17,69.01,72.81,76.69
158.05,3.38,6.76,10.14,13.52,16.90,20.28,23.66,27.04,30.43,33.81,37.20,40.58,43.96,47.36,50.75,54.12,57.52,60.87,64.26,67.66
159.11,3.35,6.70,10.05,13.40,16.75,20.10,23.45,26.80,30.15,33.51,36.87,40.22,43.58,46.92,50.27,53.63,57.00,60.35,63.68,67.05
158.73,4.12,8.24,12.36,16.48,20.60,24.72,28.84,32.97,37.09,41.23,45.34,49.47,53.60,57.72,61.82,65.95,70.08,74.19,78.35,82.49
158.94,3.35,6.70,10.05,13.40,16.75,20.10,23.45,26.81,30.16,33.51,36.86,40.22,43.57,46.92,50.28,53.63,56.97,60.34,63.69,67.04
159.26,2.87,5.74,8.61,11.48,14.35,17.22,20.09,22.96,25.84,28.71,31.58,34.45,37.33,40.19,43.07,45.94,48.81,51.71,54.55,57.42
158.82,3.35,6.70,10.05,13.40,16.75,20.10,23.45,26.81,30.16,33.51,36.86,40.22,43.58,46.92,50.29,53.64,56.98,60.32,63.69,67.04
158.31,4.37,8.74,13.11,17.48,21.85,26.23,30.59,34.97,39.34,43.72,48.09,52.46,56.84,61.23,65.61,69.99,74.34,78.78,83.10,87.49
159.04,3.89,7.78,11.67,15.56,19.45,23.35,27.24,31.12,35.02,38.91,42.80,46.69,50.57,54.49,58.39,62.29,66.18,70.08,73.97,77.85
160.09,3.83,7.66,11.49,15.32,19.15,22.99,26.81,30.65,34.48,38.32,42.15,46.00,49.82,53.66,57.47,61.31,65.14,69.03,72.87,76.71
158.68,3.35,6.70,10.05,13.40,16.75,20.10,23.46,26.80,30.15,33.51,36.87,40.21,43.59,46.91,50.29,53.62,56.98,60.34,63.68,67.03
158.23,4.12,8.24,12.36,16.48,20.60,24.72,28.85,32.96,37.11,41.22,45.35,49.47,53.57,57.73,61.85,65.98,70.11,74.20,78.33,82.50
159.93,3.48,6.96,10.44,13.92,17.40,20.88,24.37,27.85,31.33,34.81,38.31,41.78,45.27,48.76,52.23,55.70,59.22,62.71,66.20,69.66
150.62,6.21,12.42,18.63,24.85,31.06,37.28,43.48,49.70,55.93,62.17,68.36,74.53,80.79,87.04,93.26,99.49,105.73,111.89,118.12,124.35
160.79,4.10,8.20,12.30,16.40,20.50,24.60,28.71,32.81,36.91,41.03,45.13,49.22,53.33,57.44,61.53,65.68,69.75,73.83,77.99,82.10
159.83,4.19,8.38,12.57,16.76,20.95,25.15,29.34,33.54,37.72,41.92,46.14,50.31,54.50,58.72,62.85,67.11,71.27,75.50,79.69,83.89
158.75,3.35,6.70,10.05,13.40,16.75,20.11,23.45,26.80,30.15,33.51,36.87,40.22,43.56,46.92,50.29,53.62,56.98,60.35,63.71,67.03
158.40,93.27,132.17,142.06,146.41,150.83,149.88,152.82,155.70,159.51,154.02,155.73,153.84,154.06,154.85,154.27,157.50,153.72,158.12,158.52,157.90
159.24,3.38,6.76,10.14,13.52,16.90,20.28,23.66,27.05,30.42,33.81,37.19,40.58,43.94,47.34,50.74,54.14,57.50,60.86,64.30,67.66
158.77,3.49,6.98,10.47,13.96,17.45,20.94,24.43,27.93,31.42,34.91,38.40,41.90,45.39,48.87,52.37,55.87,59.40,62.85,66.37,69.85
158.31,2.88,5.76,8.64,11.52,14.40,17.28,20.16,23.04,25.92,28.81,31.69,34.58,37.45,40.34,43.21,46.10,48.99,51.90,54.74,57.62
159.49,3.86,7.72,11.58,15.44,19.30,23.16,27.03,30.89,34.76,38.61,42.47,46.35,50.19,54.06,57.96,61.84,65.67,69.52,73.40,77.25
160.11,3.36,6.72,10.08,13.44,16.80,20.16,23.53,26.88,30.25,33.61,36.97,40.33,43.70,47.07,50.42,53.79,57.14,60.52,63.90,67.23
158.26,4.12,8.24,12.36,16.48,20.60,24.72,28.85,32.97,37.09,41.21,45.34,49.46,53.59,57.72,61.84,65.98,70.13,74.21,78.34,82.50
158.29,3.37,6.74,10.11,13.48,16.85,20.22,23.60,26.97,30.34,33.72,37.09,40.46,43.83,47.22,50.58,53.97,57.35,60.71,64.06,67.43
160.70,4.15,8.30,12.45,16.60,20.76,24.92,29.06,33.21,37.36,41.51,45.68,49.82,53.99,58.14,62.28,66.44,70.62,74.79,78.90,83.07
158.42,4.09,8.18,12.27,16.36,20.45,24.54,28.63,32.74,36.82,40.92,45.01,49.11,53.19,57.32,61.37,65.51,69.56,73.66,77.76,81.92
158.09,3.36,6.72,10.08,13.44,16.80,20.16,23.52,26.89,30.26,33.62,36.99,40.35,43.73,47.06,50.42,53.80,57.15,60.53,63.88,67.25
158.82,2.87,5.74,8.61,11.48,14.35,17.22,20.09,22.97,25.84,28.71,31.58,34.45,37.33,40.19,43.06,45.95,48.82,51.71,54.56,57.44
158.84,4.12,8.24,12.36,16.48,20.60,24.73,28.84,32.97,37.09,41.22,45.33,49.43,53.58,57.71,61.81,65.95,70.06,74.23,78.37,82.46
157.96,3.37,6.74,10.11,13.48,16.85,20.22,23.59,26.97,30.34,33.72,37.08,40.47,43.83,47.20,50.60,53.95,57.32,60.69,64.06,67.43
158.14,3.37,6.74,10.11,13.48,16.85,20.22,23.59,26.97,30.33,33.71,37.08,40.46,43.82,47.19,50.57,53.96,57.33,60.72,64.08,67.43
158.31,2.86,5.72,8.58,11.44,14.30,17.16,20.02,22.89,25.75,28.61,31.47,34.33,37.20,40.06,42.93,45.78,48.63,51.53,54.37,57.26
158.73,4.10,8.20,12.30,16.40,20.51,24.60,28.71,32.81,36.91,41.03,45.11,49.22,53.35,57.42,61.53,65.66,69.74,73.86,77.94,82.09
159.43,3.36,6.72,10.08,13.44,16.80,20.16,23.52,26.88,30.25,33.60,36.98,40.35,43.70,47.08,50.42,53.82,57.18,60.55,63.88,67.30
158.40,4.14,8.28,12.42,16.56,20.71,24.85,28.99,33.14,37.28,41.42,45.57,49.71,53.86,58.00,62.15,66.29,70.48,74.62,78.73,82.88
159.80,4.12,8.24,12.36,16.48,20.60,24.72,28.84,32.97,37.09,41.22,45.34,49.46,53.54,57.70,61.83,65.98,70.10,74.20,78.32,82.51
158.27,6.08,12.16,18.24,24.32,30.41,36.49,42.59,48.69,54.75,60.84,66.92,73.03,79.15,85.14,91.33,97.37,103.53,109.57,115.81,121.89
159.94,4.13,8.26,12.39,16.52,20.65,24.78,28.92,33.06,37.20,41.32,45.46,49.58,53.73,57.85,62.01,66.18,70.24,74.40,78.58,82.65
158.37,3.35,6.70,10.05,13.40,16.75,20.10,23.45,26.81,30.16,33.51,36.86,40.21,43.57,46.92,50.28,53.62,56.97,60.35,63.68,67.04
158.82,4.10,8.20,12.30,16.40,20.50,24.60,28.71,32.82,36.92,41.02,45.12,49.22,53.32,57.44,61.53,65.63,69.74,73.87,78.00,82.04
158.76,112.03,131.49,142.83,146.04,150.83,149.36,153.84,153.08,155.55,157.55,159.25,157.58,158.21,153.91,158.04,158.12,154.50,158.44,156.82,159.03
158.38,3.47,6.94,10.41,13.88,17.35,20.82,24.29,27.77,31.24,34.71,38.19,41.66,45.13,48.59,52.09,55.56,59.03,62.50,66.02,69.46
159.32,4.12,8.24,12.36,16.48,20.60,24.72,28.84,32.97,37.09,41.22,45.35,49.46,53.57,57.72,61.84,65.97,70.09,74.28,78.39,82.49
159.47,3.38,6.76,10.14,13.52,16.90,20.28,23.66,27.05,30.43,33.81,37.19,40.58,43.95,47.34,50.73,54.12,57.50,60.87,64.22,67.67
158.12,3.80,7.60,11.40,15.20,19.00,22.81,26.60,30.40,34.22,38.02,41.83,45.63,49.44,53.21,57.02,60.83,64.63,68.50,72.27,76.12
160.84,4.13,8.26,12.39,16.52,20.66,24.79,28.92,33.06,37.17,41.32,45.45,49.59,53.73,57.86,62.02,66.12,70.25,74.39,78.56,82.66
158.08,3.44,6.88,10.32,13.76,17.20,20.65,24.08,27.53,30.96,34.41,37.86,41.29,44.74,48.19,51.62,55.09,58.53,62.00,65.45,68.84
160.23,2.88,5.76,8.64,11.52,14.40,17.28,20.17,23.05,25.94,28.80,31.69,34.58,37.45,40.34,43.23,46.10,48.98,51.87,54.76,57.62
159.90,4.13,8.26,12.39,16.52,20.65,24.78,28.91,33.05,37.17,41.32,45.45,49.58,53.72,57.88,61.99,66.13,70.25,74.39,78.46,82.65
159.56,4.14,8.28,12.42,16.56,20.71,24.84,28.98,33.13,37.28,41.42,45.55,49.68,53.86,58.01,62.12,66.29,70.43,74.58,78.77,82.81
158.06,3.36,6.72,10.08,13.44,16.80,20.16,23.53,26.89,30.25,33.61,36.98,40.34,43.69,47.06,50.41,53.81,57.19,60.55,63.91,67.23
158.78,2.87,5.74,8.61,11.48,14.35,17.22,20.09,22.96,25.83,28.71,31.59,34.44,37.32,40.19,43.06,45.95,48.81,51.68,54.58,57.43
160.41,2.88,5.76,8.64,11.52,14.40,17.28,20.16,23.04,25.92,28.80,31.70,34.57,37.45,40.33,43.22,46.10,49.00,51.87,54.75,57.63
134.88,2.90,5.80,8.70,11.60,14.50,17.40,20.30,23.20,26.11,29.00,31.91,34.81,37.70,40.61,43.55,46.43,49.32,52.20,55.11,58.01
135.15,2.81,5.62,8.43,11.24,14.05,16.86,19.67,22.48,25.30,28.10,30.91,33.72,36.54,39.37,42.15,44.96,47.78,50.58,53.41,56.23
136.62,3.34,6.68,10.02,13.36,16.70,20.04,23.38,26.73,30.06,33.40,36.74,40.09,43.43,46.82,50.12,53.47,56.79,60.14,63.50,66.85
137.33,2.88,5.76,8.64,11.52,14.40,17.28,20.17,23.04,25.92,28.81,31.69,34.57,37.45,40.32,43.21,46.09,48.97,51.85,54.78,57.64
136.00,2.82,5.64,8.46,11.28,14.10,16.92,19.74,22.56,25.39,28.21,31.03,33.84,36.66,39.49,42.31,45.12,47.94,50.77,53.60,56.42
134.41,3.31,6.62,9.93,13.24,16.55,19.87,23.17,26.49,29.81,33.11,36.42,39.74,43.04,46.35,49.66,52.98,56.29,59.61,62.87,66.21
138.04,2.46,4.92,7.38,9.84,12.30,14.76,17.23,19.69,22.14,24.61,27.07,29.52,31.98,34.45,36.90,39.37,41.83,44.29,46.77,49.21
135.36,2.81,5.62,8.43,11.24,14.05,16.86,19.67,22.48,25.29,28.10,30.91,33.73,36.53,39.35,42.19,44.98,47.77,50.59,53.42,56.22
135.54,5.05,10.10,15.15,20.20,25.25,30.30,35.36,40.45,45.49,50.52,55.58,60.61,65.73,70.80,75.77,80.80,85.88,90.92,96.06,101.06
138.26,2.83,5.66,8.49,11.32,14.15,16.98,19.81,22.64,25.49,28.31,31.14,34.00,36.80,39.63,42.44,45.30,48.12,50.96,53.80,56.63
136.60,2.83,5.66,8.49,11.32,14.15,16.98,19.81,22.64,25.48,28.31,31.13,33.97,36.83,39.62,42.46,45.30,48.13,50.95,53.79,56.61
136.64,3.31,6.62,9.93,13.24,16.55,19.86,23.17,26.49,29.80,33.10,36.42,39.73,43.05,46.36,49.66,52.98,56.30,59.59,62.91,66.23
137.44,3.35,6.70,10.05,13.40,16.75,20.10,23.45,26.80,30.16,33.51,36.86,40.21,43.57,46.91,50.27,53.63,57.06,60.34,63.70,67.16
135.74,3.34,6.68,10.02,13.36,16.70,20.04,23.40,26.74,30.06,33.41,36.75,40.09,43.43,46.75,50.12,53.46,56.85,60.15,63.49,66.85
135.73,2.45,4.90,7.35,9.80,12.26,14.70,17.15,19.60,22.05,24.50,26.97,29.41,31.85,34.32,36.75,39.23,41.67,44.12,46.56,49.01
135.11,3.27,6.54,9.81,13.08,16.35,19.62,22.91,26.17,29.43,32.71,35.98,39.25,42.52,45.79,49.05,52.35,55.59,58.87,62.13,65.40
137.39,2.46,4.92,7.38,9.84,12.30,14.76,17.22,19.68,22.15,24.60,27.06,29.54,31.98,34.45,36.91,39.38,41.84,44.29,46.75,49.21
135.91,2.83,5.66,8.49,11.32,14.15,16.98,19.82,22.65,25.48,28.31,31.14,33.97,36.82,39.62,42.48,45.29,48.18,50.97,53.79,56.68
137.04,3.37,6.74,10.11,13.48,16.85,20.22,23.60,26.97,30.36,33.70,37.07,40.46,43.83,47.19,50.55,53.92,57.29,60.69,64.02,67.44
135.80,3.23,6.46,9.69,12.92,16.15,19.38,22.61,25.84,29.07,32.31,35.54,38.77,42.00,45.23,48.46,51.70,54.89,58.15,61.39,64.63
135.15,3.30,6.60,9.90,13.20,16.50,19.80,23.10,26.41,29.70,33.00,36.31,39.63,42.92,46.21,49.51,52.81,56.18,59.43,62.73,66.06
137.31,3.30,6.60,9.90,13.20,16.50,19.80,23.10,26.40,29.71,33.02,36.32,39.61,42.91,46.21,49.52,52.80,56.11,59.41,62.74,66.08
134.95,3.28,6.56,9.84,13.12,16.40,19.68,22.96,26.25,29.53,32.81,36.10,39.37,42.66,45.94,49.21,52.50,55.77,59.05,62.35,65.61
135.95,3.25,6.50,9.75,13.00,16.26,19.50,22.76,26.01,29.25,32.50,35.76,39.02,42.26,45.55,48.75,52.02,55.27,58.53,61.77,65.04
136.79,3.32,6.64,9.96,13.28,16.60,19.92,23.24,26.56,29.89,33.21,36.53,39.85,43.18,46.49,49.82,53.14,56.45,59.80,63.12,66.49
136.53,3.32,6.64,9.96,13.28,16.60,19.92,23.25,26.57,29.89,33.21,36.53,39.84,43.17,46.49,49.82,53.13,56.43,59.79,63.11,66.41
136.81,2.89,5.78,8.67,11.56,14.45,17.34,20.23,23.13,26.02,28.90,31.81,34.68,37.61,40.47,43.39,46.25,49.14,52.03,54.92,57.83
134.97,5.04,10.08,15.12,20.16,25.20,30.24,35.29,40.32,45.37,50.43,55.47,60.49,65.57,70.59,75.62,80.69,85.73,90.75,95.88,100.85
136.38,2.48,4.96,7.44,9.92,12.40,14.88,17.36,19.84,22.32,24.80,27.28,29.76,32.24,34.73,37.21,39.69,42.18,44.65,47.13,49.61
137.29,2.91,5.82,8.73,11.64,14.55,17.46,20.37,23.28,26.21,29.10,32.01,34.93,37.83,40.75,43.66,46.62,49.50,52.40,55.30,58.21
137.60,2.81,5.62,8.43,11.24,14.05,16.86,19.67,22.48,25.30,28.10,30.92,33.74,36.53,39.34,42.16,44.97,47.78,50.60,53.43,56.22
137.80,3.27,6.54,9.81,13.08,16.35,19.62,22.89,26.16,29.43,32.73,35.98,39.25,42.51,45.79,49.06,52.31,55.62,58.87,62.18,65.43
136.72,3.34,6.68,10.02,13.36,16.70,20.04,23.38,26.73,30.07,33.41,36.74,40.08,43.43,46.77,50.10,53.46,56.80,60.17,63.49,66.83
135.93,2.83,5.66,8.49,11.32,14.15,16.98,19.81,22.64,25.48,28.31,31.13,33.96,36.80,39.63,42.46,45.30,48.19,51.01,53.85,56.63
134.92,2.81,5.62,8.43,11.24,14.05,16.86,19.67,22.49,25.30,28.12,30.91,33.73,36.54,39.35,42.16,44.97,47.80,50.64,53.43,56.22
136.49,3.33,6.66,9.99,13.32,16.65,19.98,23.32,26.65,29.99,33.30,36.64,39.97,43.29,46.62,50.02,53.29,56.64,59.97,63.30,66.63
136.43,3.34,6.68,10.02,13.36,16.71,20.04,23.38,26.72,30.07,33.41,36.75,40.10,43.43,46.80,50.18,53.46,56.80,60.17,63.48,66.82
134.33,2.80,5.60,8.40,11.20,14.00,16.80,19.60,22.40,25.21,28.00,30.81,33.61,36.40,39.21,42.01,44.81,47.60,50.41,53.21,56.02
136.01,3.31,6.62,9.93,13.24,16.55,19.86,23.17,26.48,29.80,33.10,36.42,39.73,43.04,46.35,49.66,52.98,56.31,59.59,62.92,66.23
136.80,3.30,6.60,9.90,13.20,16.50,19.80,23.10,26.40,29.70,33.00,36.30,39.61,42.91,46.21,49.51,52.84,56.11,59.42,62.72,66.01
136.99,2.82,5.64,8.46,11.28,14.10,16.92,19.74,22.56,25.39,28.21,31.05,33.85,36.66,39.49,42.31,45.12,47.97,50.79,53.59,56.44
136.47,2.80,5.60,8.40,11.20,14.00,16.80,19.60,22.41,25.20,28.01,30.81,33.61,36.40,39.20,42.01,44.84,47.60,50.41,53.23,56.02
135.10,3.27,6.54,9.81,13.09,16.35,19.62,22.89,26.17,29.43,32.70,35.99,39.25,42.51,45.79,49.06,52.35,55.61,58.87,62.15,65.45
136.36,3.30,6.60,9.90,13.20,16.50,19.80,23.10,26.41,29.70,33.00,36.30,39.60,42.92,46.21,49.50,52.82,56.14,59.44,62.71,66.03
134.87,3.27,6.54,9.81,13.08,16.35,19.62,22.89,26.16,29.43,32.71,35.97,39.25,42.51,45.79,49.06,52.34,55.63,58.89,62.18,65.45
134.90,3.29,6.58,9.87,13.16,16.45,19.75,23.03,26.32,29.63,32.90,36.21,39.49,42.77,46.07,49.36,52.65,55.94,59.23,62.54,65.82
136.85,2.47,4.94,7.41,9.88,12.35,14.82,17.29,19.76,22.23,24.71,27.17,29.65,32.12,34.58,37.05,39.57,41.99,44.47,46.95,49.40
136.13,3.31,6.62,9.93,13.24,16.55,19.86,23.17,26.48,29.79,33.11,36.42,39.73,43.04,46.37,49.68,52.98,56.28,59.59,62.90,66.25
137.18,2.83,5.66,8.49,11.32,14.15,16.98,19.81,22.64,25.47,28.30,31.13,33.97,36.81,39.62,42.47,45.30,48.13,50.96,53.78,56.61
136.22,3.34,6.68,10.02,13.36,16.70,20.04,23.39,26.73,30.07,33.41,36.75,40.09,43.42,46.77,50.12,53.46,56.80,60.13,63.56,66.85
136.92,3.32,6.64,9.96,13.28,16.60,19.92,23.25,26.57,29.90,33.21,36.53,39.86,43.17,46.49,49.81,53.13,56.52,59.77,63.10,66.46
138.28,2.93,5.86,8.79,11.72,14.65,17.58,20.51,23.44,26.37,29.31,32.24,35.17,38.10,41.03,43.95,46.89,49.83,52.75,55.69,58.61
136.54,3.30,6.60,9.90,13.21,16.50,19.80,23.10,26.40,29.70,33.00,36.31,39.61,42.94,46.20,49.53,52.85,56.20,59.44,62.74,66.08
134.72,2.89,5.78,8.67,11.56,14.45,17.34,20.23,23.12,26.01,28.90,31.80,34.69,37.58,40.47,43.36,46.25,49.14,52.03,54.93,57.83
136.79,2.46,4.92,7.38,9.84,12.30,14.76,17.22,19.68,22.14,24.61,27.06,29.52,31.98,34.45,36.91,39.36,41.83,44.30,46.76,49.21
137.72,2.48,4.96,7.44,9.92,12.40,14.88,17.37,19.84,22.33,24.80,27.29,29.76,32.24,34.73,37.21,39.69,42.17,44.65,47.12,49.62
135.11,2.80,5.60,8.40,11.20,14.00,16.80,19.60,22.41,25.21,28.00,30.81,33.61,36.41,39.20,42.02,44.80,47.61,50.43,53.21,56.01
136.80,3.30,6.60,9.90,13.20,16.50,19.80,23.10,26.40,29.70,33.01,36.31,39.60,42.91,46.17,49.52,52.80,56.11,59.41,62.75,66.07
134.82,2.46,4.92,7.38,9.84,12.30,14.76,17.22,19.68,22.14,24.61,27.06,29.52,31.98,34.45,36.91,39.37,41.82,44.29,46.74,49.27
136.64,2.82,5.64,8.46,11.28,14.10,16.92,19.74,22.57,25.38,28.21,31.03,33.85,36.67,39.49,42.31,45.13,47.96,50.82,53.59,56.40
135.45,2.83,5.66,8.49,11.32,14.15,16.98,19.81,22.64,25.48,28.30,31.14,33.96,36.80,39.62,42.46,45.32,48.19,51.02,53.79,56.63
135.94,3.36,6.72,10.08,13.44,16.80,20.16,23.53,26.88,30.25,33.60,36.97,40.33,43.69,47.05,50.43,53.84,57.13,60.53,63.88,67.24
137.22,2.82,5.64,8.46,11.28,14.10,16.92,19.74,22.56,25.39,28.20,31.04,33.85,36.66,39.49,42.32,45.12,47.94,50.77,53.65,56.43
136.38,2.89,5.78,8.67,11.56,14.45,17.34,20.23,23.12,26.02,28.91,31.79,34.68,37.59,40.51,43.36,46.24,49.16,52.04,54.97,57.84
136.85,3.30,6.60,9.90,13.20,16.50,19.81,23.10,26.40,29.71,33.00,36.31,39.61,42.91,46.22,49.53,52.82,56.13,59.41,62.71,66.04
137.44,2.84,5.68,8.52,11.36,14.20,17.04,19.88,22.73,25.56,28.40,31.25,34.09,36.94,39.76,42.60,45.45,48.30,51.13,54.00,56.81
136.98,2.47,4.94,7.41,9.88,12.35,14.82,17.29,19.76,22.23,24.70,27.17,29.64,32.11,34.59,37.05,39.53,42.01,44.49,46.99,49.41
136.87,2.83,5.66,8.49,11.32,14.15,16.98,19.82,22.64,25.47,28.31,31.13,33.97,36.79,39.63,42.47,45.34,48.11,50.96,53.80,56.63
131.90,3.44,6.88,10.32,13.76,17.20,20.65,24.09,27.52,30.97,34.41,37.84,41.28,44.77,48.18,51.65,55.10,58.49,61.94,65.39,68.84
136.89,3.30,6.60,9.90,13.20,16.50,19.81,23.10,26.40,29.70,33.00,36.32,39.61,42.90,46.20,49.50,52.81,56.12,59.43,62.75,66.05
136.74,2.82,5.64,8.46,11.28,14.10,16.92,19.74,22.56,25.39,28.21,31.03,33.87,36.67,39.48,42.32,45.14,47.95,50.80,53.57,56.41
138.35,3.37,6.74,10.11,13.48,16.85,20.22,23.59,26.96,30.34,33.71,37.08,40.48,43.81,47.21,50.56,53.94,57.32,60.77,64.07,67.45
136.14,3.36,6.72,10.08,13.44,16.80,20.16,23.52,26.88,30.24,33.60,36.97,40.36,43.69,47.06,50.41,53.76,57.13,60.58,63.87,67.27
134.65,2.88,5.76,8.64,11.52,14.40,17.28,20.16,23.04,25.92,28.81,31.68,34.57,37.45,40.32,43.21,46.09,48.96,51.92,54.73,57.61
135.50,2.81,5.62,8.43,11.24,14.05,16.87,19.67,22.49,25.30,28.11,30.92,33.72,36.54,39.35,42.16,44.98,47.78,50.59,53.46,56.23
136.69,2.82,5.64,8.46,11.28,14.10,16.92,19.74,22.56,25.38,28.21,31.02,33.85,36.67,39.53,42.31,45.13,47.96,50.78,53.61,56.44
135.89,3.30,6.60,9.90,13.20,16.50,19.80,23.10,26.40,29.72,33.00,36.30,39.61,42.90,46.22,49.50,52.81,56.11,59.40,62.72,66.03
136.40,2.82,5.64,8.46,11.28,14.10,16.92,19.74,22.56,25.38,28.20,31.03,33.86,36.66,39.49,42.30,45.13,47.95,50.79,53.61,56.42
132.28,2.43,4.86,7.29,9.72,12.15,14.58,17.01,19.44,21.88,24.31,26.73,29.16,31.60,34.02,36.46,38.89,41.32,43.75,46.19,48.60
136.92,2.80,5.60,8.40,11.20,14.00,16.80,19.60,22.40,25.20,28.01,30.80,33.62,36.40,39.22,42.01,44.81,47.62,50.44,53.21,56.03
135.75,3.30,6.60,9.90,13.20,16.50,19.80,23.10,26.41,29.70,33.01,36.31,39.62,42.92,46.22,49.53,52.83,56.12,59.41,62.81,66.04
137.64,3.32,6.64,9.96,13.28,16.60,19.92,23.24,26.57,29.88,33.20,36.52,39.84,43.17,46.49,49.83,53.14,56.46,59.78,63.13,66.48
135.12,3.31,6.62,9.93,13.24,16.55,19.86,23.17,26.48,29.79,33.11,36.42,39.73,43.07,46.37,49.66,52.96,56.32,59.60,62.92,66.30
136.65,2.46,4.92,7.38,9.84,12.30,14.76,17.22,19.68,22.14,24.60,27.06,29.53,31.98,34.44,36.91,39.36,41.83,44.29,46.75,49.21
136.36,4.07,8.14,12.21,16.28,20.35,24.43,28.50,32.55,36.65,40.70,44.79,48.90,52.92,57.02,61.06,65.12,69.21,73.30,77.35,81.49
136.14,2.90,5.80,8.70,11.60,14.50,17.40,20.30,23.20,26.10,29.01,31.91,34.82,37.72,40.60,43.51,46.41,49.31,52.21,55.13,58.01
137.44,3.33,6.66,9.99,13.33,16.65,19.98,23.32,26.64,29.97,33.31,36.63,39.97,43.30,46.64,49.96,53.31,56.62,59.98,63.29,66.61
135.22,3.30,6.60,9.90,13.20,16.50,19.80,23.10,26.40,29.71,33.00,36.30,39.60,42.91,46.21,49.51,52.81,56.11,59.42,62.72,66.04
137.41,3.33,6.66,9.99,13.32,16.65,19.99,23.32,26.64,29.97,33.30,36.63,39.97,43.29,46.62,49.97,53.30,56.63,59.95,63.29,66.69
135.17,3.34,6.68,10.02,13.36,16.71,20.04,23.39,26.73,30.06,33.43,36.77,40.10,43.44,46.77,50.15,53.46,56.79,60.17,63.49,66.89
136.30,2.48,4.96,7.44,9.92,12.40,14.88,17.36,19.84,22.33,24.81,27.29,29.77,32.26,34.73,37.22,39.70,42.17,44.66,47.13,49.66
134.12,3.29,6.58,9.87,13.16,16.45,19.74,23.03,26.32,29.61,32.91,36.20,39.48,42.78,46.06,49.38,52.66,55.99,59.26,62.50,65.84
135.55,3.30,6.60,9.90,13.20,16.50,19.80,23.10,26.40,29.71,33.00,36.30,39.61,42.91,46.21,49.53,52.82,56.14,59.43,62.73,66.02
136.99,3.31,6.62,9.93,13.24,16.55,19.86,23.17,26.49,29.80,33.11,36.42,39.72,43.04,46.35,49.67,52.99,56.28,59.60,62.92,66.23
135.88,2.81,5.62,8.43,11.24,14.05,16.86,19.67,22.48,25.29,28.10,30.91,33.75,36.53,39.34,42.16,45.00,47.77,50.59,53.41,56.23
136.82,2.82,5.64,8.46,11.28,14.10,16.92,19.74,22.56,25.38,28.20,31.03,33.84,36.66,39.50,42.31,45.13,47.99,50.80,53.60,56.41
137.45,2.82,5.64,8.46,11.28,14.10,16.92,19.74,22.56,25.38,28.22,31.02,33.85,36.69,39.48,42.31,45.13,47.94,50.77,53.59,56.43
138.47,2.83,5.66,8.49,11.32,14.15,16.98,19.81,22.64,25.47,28.31,31.13,33.97,36.80,39.63,42.46,45.29,48.12,50.98,53.79,56.64
136.66,3.32,6.64,9.96,13.28,16.60,19.92,23.24,26.57,29.88,33.20,36.52,39.85,43.17,46.49,49.88,53.14,56.48,59.77,63.09,66.42
137.65,2.82,5.64,8.46,11.28,14.10,16.92,19.74,22.56,25.39,28.21,31.02,33.85,36.71,39.50,42.35,45.13,47.96,50.80,53.59,56.42
