143.72,3.45,6.90,10.36,13.80,17.26,20.72,24.18,27.67,31.06,34.59,38.01,41.48,45.00,48.40,51.98,55.32,58.87,62.26,65.84,69.30
127.73,3.68,7.36,11.05,14.73,18.41,22.10,25.79,29.53,33.16,36.85,40.53,44.17,47.90,51.52,55.40,59.05,62.45,66.47,70.24,73.57
140.09,3.54,7.08,10.63,14.17,17.69,21.25,24.81,28.35,31.89,35.49,38.93,42.51,46.08,49.69,53.45,56.91,60.43,63.89,67.47,71.20
137.49,3.05,6.10,9.15,12.20,15.25,18.32,21.38,24.42,27.49,30.56,33.59,36.73,39.73,42.79,45.82,48.88,51.96,55.14,58.12,61.03
155.76,3.83,7.66,11.50,15.34,19.17,22.99,26.87,30.68,34.46,38.36,42.18,46.03,49.82,53.68,57.56,61.48,65.29,69.10,73.03,92.23
170.73,3.73,7.46,11.20,14.93,18.66,22.40,26.13,29.89,33.63,37.36,41.09,44.85,48.52,52.23,56.02,59.82,63.56,67.33,70.91,75.00
127.28,3.35,6.70,10.05,13.41,16.76,20.11,23.45,26.83,30.20,33.55,36.87,40.36,43.64,47.00,50.46,53.77,57.16,60.44,64.04,67.19
119.46,3.44,6.88,10.33,13.76,17.22,20.67,24.10,27.54,31.03,34.43,37.95,41.33,44.93,48.29,51.75,55.17,58.69,62.04,65.60,69.01
136.74,2.90,5.80,8.71,11.61,14.51,17.40,20.32,23.21,26.11,29.04,31.93,34.87,37.77,40.63,43.56,46.46,49.35,52.38,55.22,58.15
115.27,2.77,5.54,8.32,11.09,13.86,16.63,19.41,22.19,25.02,27.73,30.52,33.27,36.06,38.85,41.62,44.40,47.12,49.91,52.72,55.46
122.01,3.66,7.32,10.99,14.65,18.31,21.98,25.64,29.31,32.97,36.64,40.37,43.98,47.68,51.29,55.06,58.62,62.38,65.95,69.74,74.23
175.99,3.67,7.34,11.02,14.69,18.37,22.05,25.72,29.37,33.07,36.73,40.45,44.08,47.87,51.49,55.19,58.88,62.42,66.23,69.98,73.68
116.28,4.20,8.40,12.60,16.81,21.02,25.27,29.44,33.64,37.82,42.07,46.13,50.50,54.69,58.94,63.22,67.39,71.66,75.92,80.14,84.06
147.46,3.85,7.70,11.55,15.41,19.27,23.13,27.01,30.86,34.77,38.63,42.41,46.30,50.22,53.93,58.06,61.76,65.42,69.52,73.29,77.36
151.14,3.91,7.82,11.74,15.65,19.57,23.48,27.40,31.34,35.23,39.15,43.08,46.98,50.92,54.87,58.75,62.72,66.71,70.63,74.62,78.52
151.27,4.11,8.22,12.34,16.45,20.57,24.68,28.82,32.91,37.06,41.16,44.96,49.44,53.48,57.78,62.06,65.98,70.05,74.31,78.43,82.50
124.56,4.07,8.14,12.21,16.29,20.37,24.45,28.52,32.56,36.72,40.88,44.84,48.68,52.81,57.15,61.17,65.30,69.43,73.80,77.78,82.07
129.82,3.74,7.49,11.23,14.97,18.72,22.47,26.25,29.96,33.72,37.59,41.21,44.97,48.77,52.48,56.24,59.99,64.02,67.52,71.42,75.06
140.74,4.31,8.62,12.94,17.25,21.58,25.90,30.17,34.53,38.84,43.17,47.53,51.81,56.14,60.47,64.44,69.40,73.40,77.96,82.21,86.57
126.76,3.92,7.84,11.77,15.69,19.62,23.54,27.48,31.46,35.35,39.33,43.18,47.23,51.25,55.04,58.98,63.07,66.60,70.63,74.78,78.52
174.14,4.27,8.54,12.82,17.10,21.37,25.65,29.93,34.21,38.49,42.79,47.09,51.36,55.47,59.84,64.20,68.52,73.02,76.97,81.39,85.60
159.43,3.78,7.56,11.35,15.14,18.92,22.70,26.49,30.28,34.06,37.85,41.65,45.43,49.15,52.85,56.81,60.70,64.41,68.15,71.87,75.98
146.05,4.15,8.30,12.46,16.63,20.78,24.94,29.10,33.28,37.42,41.59,45.84,49.89,53.99,58.27,62.47,66.73,70.82,74.72,78.82,82.17
156.10,4.41,8.82,13.24,17.68,22.08,26.52,30.94,35.37,39.80,44.19,48.57,53.18,57.45,61.96,66.50,70.91,75.02,79.95,84.03,88.99
151.81,4.35,8.70,13.06,17.41,21.77,26.11,30.49,34.79,39.23,43.49,47.88,52.11,56.66,61.08,65.50,60.74,74.33,78.50,82.81,87.78
137.10,4.13,8.26,12.41,16.54,20.67,24.80,28.93,33.09,37.22,41.36,45.51,49.63,53.92,57.97,62.14,66.29,70.51,74.48,78.47,82.63
170.20,4.43,8.86,13.30,17.74,22.18,26.62,31.08,35.54,39.93,44.38,48.83,53.25,57.69,62.10,66.69,71.09,75.63,80.08,83.98,88.87
146.55,4.14,8.28,12.43,16.58,20.71,24.86,28.96,33.18,37.31,41.50,45.56,49.78,53.80,57.83,62.29,66.42,70.72,74.89,78.71,83.03
141.17,4.41,8.82,13.24,17.66,22.07,26.49,30.95,35.37,39.76,44.20,48.46,53.01,57.46,61.95,66.43,71.36,75.21,79.65,84.27,88.67
153.11,4.31,8.63,12.94,17.25,21.56,25.89,30.21,34.53,38.84,43.16,47.47,51.83,56.20,60.51,64.93,69.22,73.38,77.92,82.23,86.39
149.61,3.91,7.82,11.74,15.65,19.57,23.49,27.40,31.24,35.26,39.12,43.08,47.00,50.94,54.91,58.81,62.83,66.33,70.64,74.72,78.56
150.35,4.18,8.36,12.55,16.73,20.92,25.11,29.30,33.47,37.71,41.88,46.07,50.25,54.42,58.64,62.82,67.10,71.37,75.50,79.84,84.00
173.49,4.36,8.73,13.08,17.46,21.82,26.20,30.58,34.93,39.32,43.65,48.05,52.36,56.79,61.23,65.57,69.96,74.32,78.71,83.23,87.58
180.21,3.75,7.50,11.25,15.02,18.77,22.53,26.29,30.05,33.82,37.56,41.35,45.05,48.75,52.65,56.31,60.18,64.01,67.73,71.46,75.34
158.39,4.66,9.32,13.99,18.66,23.34,28.00,32.68,37.34,42.00,46.65,51.36,56.04,60.73,66.08,70.08,74.91,79.44,84.05,88.85,93.18
135.61,3.79,7.58,11.38,15.16,18.97,22.78,26.56,30.36,34.18,38.00,41.71,45.52,49.37,53.19,56.97,60.64,64.46,68.28,72.28,76.15
158.05,4.41,8.82,13.24,17.66,22.07,26.49,30.92,35.28,39.77,44.18,48.49,52.86,57.34,61.98,66.27,70.83,75.22,79.38,84.13,88.63
140.56,4.38,8.76,13.15,17.54,21.93,26.35,30.71,35.14,39.52,43.91,48.35,52.76,56.90,61.47,65.91,70.33,74.76,79.25,83.49,88.15
167.61,4.21,8.42,12.64,16.85,21.07,25.29,29.50,33.71,37.96,42.16,46.40,50.62,54.88,59.19,63.27,67.59,71.82,76.17,80.38,84.62
163.24,4.33,8.66,13.00,17.33,21.67,26.01,30.30,34.70,39.05,43.35,47.60,52.06,56.33,60.78,64.82,69.53,73.87,78.29,82.67,87.00
116.67,3.91,7.82,11.74,15.64,19.57,23.47,27.43,31.39,35.22,39.12,43.08,47.06,50.68,54.86,58.80,62.69,66.53,70.79,74.75,78.31
125.21,3.87,7.74,11.61,15.49,19.37,23.25,27.09,31.01,34.88,38.75,42.66,46.52,50.29,54.30,58.13,62.08,66.15,70.05,74.82,77.27
180.81,4.25,8.50,12.76,17.00,21.26,25.52,29.79,34.05,38.27,42.56,46.86,51.14,55.40,59.53,63.85,68.19,72.58,76.77,81.14,85.70
162.49,4.45,8.90,13.35,17.82,22.27,26.74,31.16,35.64,40.09,44.59,48.99,53.48,58.04,62.42,66.63,71.45,75.93,80.44,85.07,89.87
136.74,4.43,8.87,13.30,17.75,22.17,26.62,31.06,35.49,39.98,44.42,48.67,53.17,57.72,62.15,66.50,70.95,75.51,80.60,84.59,88.98
169.87,4.09,8.18,12.28,16.38,20.46,24.58,28.67,32.74,36.85,41.00,44.99,49.17,53.14,57.32,61.46,65.48,69.73,73.83,78.12,82.06
172.26,4.49,8.99,13.47,17.97,22.48,26.98,31.48,35.97,40.49,44.98,49.48,53.88,58.43,63.14,67.63,71.96,76.62,79.96,85.89,90.36
176.53,4.14,8.28,12.43,16.57,20.73,24.88,29.03,33.21,37.34,41.47,45.57,49.75,53.94,58.10,62.27,66.47,70.36,70.35,79.06,83.06
184.11,4.47,8.94,13.42,17.90,22.39,26.88,31.32,35.76,40.22,44.80,49.25,53.77,58.19,62.86,67.14,71.67,76.20,80.74,85.13,89.97
159.33,4.43,8.86,13.30,17.74,22.17,26.61,31.06,35.51,39.94,44.34,48.69,53.07,57.79,62.49,66.85,71.20,75.69,80.03,84.51,88.78
157.17,3.69,7.38,11.08,14.77,18.47,22.16,25.87,29.58,29.00,36.98,40.72,44.38,48.08,51.78,55.52,58.95,63.01,66.09,70.13,74.14
188.50,4.24,8.48,12.73,16.97,21.22,25.47,29.73,33.95,38.16,42.31,46.71,51.02,55.22,59.51,63.71,67.86,72.32,76.79,80.89,85.13
150.57,4.14,8.28,12.43,16.57,20.77,24.91,29.01,33.17,37.32,41.48,45.56,49.78,54.08,58.09,62.13,66.45,70.58,74.97,78.69,82.87
188.42,3.73,7.46,11.20,14.93,18.66,22.40,26.14,29.89,33.62,37.35,41.10,44.87,48.55,52.29,56.06,59.85,63.60,58.24,71.15,74.86
145.31,4.26,8.52,12.79,17.06,21.32,25.59,29.87,34.14,38.41,42.67,46.96,51.27,55.51,59.81,64.17,68.19,72.67,77.12,81.08,85.71
156.03,4.27,8.54,12.83,17.10,21.35,25.65,29.93,34.20,38.53,42.82,47.00,51.19,55.61,59.92,64.17,68.71,72.27,77.17,76.30,85.65
206.54,4.95,9.91,14.86,19.82,24.82,29.74,34.70,39.69,44.63,49.58,54.58,59.54,64.23,68.77,74.56,79.24,84.79,89.60,94.00,99.70
136.63,4.02,8.04,12.07,16.09,20.12,24.16,28.20,32.22,36.25,40.28,44.29,48.43,52.38,56.28,60.44,64.45,68.61,72.73,76.83,80.71
190.68,4.33,8.67,13.01,17.33,21.67,26.02,30.35,34.70,39.04,43.34,47.74,51.92,56.49,60.83,65.16,69.51,74.01,78.07,82.74,77.10
152.94,4.66,9.33,14.00,18.66,23.34,28.00,32.71,37.31,42.04,46.63,51.30,56.05,60.74,65.40,70.30,74.93,79.49,83.95,88.80,93.29
163.71,6.07,12.15,18.23,24.34,30.45,36.46,42.58,48.65,54.74,60.86,66.91,73.18,79.12,85.63,91.26,97.69,103.27,110.37,115.79,122.46
92.05,4.98,9.97,14.95,19.94,24.92,29.92,34.91,39.87,44.90,49.89,54.93,59.90,64.89,69.96,75.03,79.91,85.02,89.70,94.71,100.16
147.70,4.54,9.08,13.63,18.17,22.73,27.27,31.82,36.37,40.92,45.45,50.06,54.60,59.13,63.79,68.28,72.97,77.45,81.88,86.19,91.13
140.09,4.70,9.41,14.11,18.82,23.59,28.29,32.99,37.64,42.34,47.16,51.75,56.44,61.22,66.01,70.73,75.62,80.24,85.20,89.68,94.76
173.98,4.34,8.69,13.03,17.38,21.73,26.07,30.44,34.77,39.10,43.45,47.86,52.00,56.53,60.95,65.31,69.62,73.81,78.44,82.62,87.19
162.76,4.24,8.48,12.73,16.98,21.22,25.49,29.72,33.96,38.22,42.48,46.69,51.00,55.06,59.47,63.74,68.16,72.29,76.62,80.68,84.85
152.79,4.37,8.74,13.12,17.49,21.88,26.26,30.65,35.00,39.38,43.81,48.33,52.49,56.93,61.24,65.69,69.92,74.81,78.69,83.32,87.80
166.36,3.81,7.62,11.43,15.25,19.07,22.88,26.71,30.54,34.37,38.16,41.99,45.80,49.62,53.38,57.31,61.29,64.67,69.11,72.67,76.46
155.84,4.85,9.70,14.56,19.44,24.29,29.13,33.98,38.87,43.71,48.69,53.45,58.36,63.18,68.13,73.02,77.63,82.77,87.83,92.39,97.53
120.06,4.42,8.84,13.26,17.69,22.13,26.56,31.00,35.42,39.81,44.15,48.68,53.17,57.58,62.09,66.24,70.99,75.46,79.98,84.14,88.73
163.37,4.10,8.20,12.30,16.41,20.52,24.63,28.73,32.83,36.96,41.03,45.11,49.25,53.66,57.43,61.75,65.85,69.72,74.18,78.15,77.18
172.37,4.23,8.46,12.70,16.93,21.16,25.41,29.63,33.93,38.14,42.35,46.69,50.85,54.94,59.40,63.71,68.07,72.00,76.47,80.68,84.91
184.77,4.48,8.96,13.45,17.93,22.42,26.91,31.39,35.89,40.36,44.95,49.53,53.91,58.34,62.86,67.40,71.91,76.48,80.64,85.35,89.84
169.76,4.35,8.71,13.06,17.42,21.78,26.12,30.50,34.82,39.27,43.56,47.96,52.31,56.61,61.09,65.52,69.82,74.30,78.63,82.92,87.21
183.77,3.71,7.43,11.14,14.85,18.56,22.31,25.97,29.69,33.43,37.07,40.86,44.63,48.28,52.06,55.76,59.57,63.24,66.94,70.82,74.79
143.80,4.47,8.94,13.42,17.89,22.38,26.82,31.31,35.75,40.35,44.74,49.24,53.70,58.28,62.68,67.39,71.54,76.29,80.62,84.94,89.61
105.23,3.81,7.63,11.44,15.25,19.07,22.89,26.70,30.54,34.36,38.14,41.95,45.82,49.30,53.42,57.30,61.16,64.94,68.69,72.71,76.60
150.35,3.64,7.28,10.93,14.58,18.21,21.90,25.48,29.18,32.75,33.70,40.13,43.64,47.43,51.10,55.31,58.41,62.21,65.74,69.41,73.07
168.03,5.05,10.10,15.17,20.20,25.24,30.35,35.39,40.48,45.54,50.58,55.86,60.78,65.90,70.83,76.21,81.66,87.32,91.38,96.02,101.58
132.34,4.15,8.30,12.46,16.62,20.77,24.93,29.09,33.26,37.41,41.58,45.70,49.90,53.90,58.22,62.37,66.59,70.32,74.72,79.22,83.34
145.57,4.19,8.38,12.58,16.78,20.96,25.20,29.37,33.56,37.76,41.94,46.17,50.41,54.45,58.77,63.00,67.25,71.40,75.53,80.01,83.94
142.55,4.24,8.48,12.73,16.97,21.22,25.46,29.73,33.97,38.24,42.57,46.68,50.86,55.07,59.50,63.56,67.99,72.26,76.50,78.50,85.01
149.09,4.57,9.14,13.72,18.30,22.88,27.45,32.04,36.60,41.23,45.74,50.21,54.97,59.34,63.94,68.72,73.10,77.86,82.44,86.61,92.09
142.14,4.18,8.36,12.55,16.73,20.92,25.10,29.31,33.49,37.70,41.84,46.07,50.11,54.46,58.64,62.84,67.13,71.18,75.13,79.74,83.91
180.73,4.42,8.84,13.26,17.70,22.13,26.55,30.96,35.38,39.83,44.26,48.87,53.15,57.45,62.00,66.46,70.92,75.43,79.85,84.05,88.70
195.83,4.01,8.02,12.03,16.06,20.07,24.09,28.10,32.11,36.12,40.08,44.12,48.21,52.03,56.20,60.10,64.30,68.44,72.53,76.47,80.46
136.64,3.90,7.80,11.70,15.61,19.55,23.45,27.34,31.26,35.15,39.05,42.97,46.88,50.78,54.65,58.56,62.24,66.63,70.47,74.08,78.25
134.61,4.39,8.79,13.18,17.57,21.98,26.37,30.74,35.20,39.58,43.79,48.49,52.77,57.03,61.73,65.75,70.27,75.04,79.55,83.73,88.33
121.75,4.01,8.02,12.03,16.05,20.07,24.09,28.12,32.13,36.15,40.10,44.22,48.27,52.29,56.28,60.32,64.38,68.38,72.13,76.54,80.63
186.71,4.22,8.44,12.67,16.89,21.12,25.37,29.58,33.79,38.03,42.13,46.50,50.58,54.93,59.20,63.38,67.73,72.07,76.41,74.12,84.75
113.10,4.14,8.28,12.43,16.57,20.72,24.86,29.02,33.16,37.32,41.50,45.57,49.74,53.95,58.11,62.30,66.42,70.57,74.82,78.66,83.08
176.71,3.77,7.54,11.31,15.09,18.86,22.64,26.39,30.20,33.98,37.75,41.56,45.27,49.04,52.95,56.63,60.87,64.16,68.04,72.03,75.71
184.45,4.46,8.92,13.39,17.86,22.34,26.79,31.28,35.74,40.22,44.64,49.14,53.61,58.14,62.60,66.94,71.50,76.06,80.72,84.97,89.65
150.10,4.37,8.74,13.12,17.49,21.88,26.25,30.65,35.06,39.47,43.79,48.14,52.54,56.93,61.37,65.52,70.16,74.64,79.38,83.32,87.75
175.18,3.72,7.45,11.16,14.90,18.62,22.35,26.08,29.78,33.54,37.26,41.01,44.82,48.44,52.15,55.93,59.75,63.38,67.11,70.94,74.65
141.16,3.82,7.64,11.47,15.29,19.12,22.95,26.78,30.63,34.45,38.22,42.10,45.91,49.79,53.59,57.39,61.31,65.07,69.15,72.99,76.99
231.98,5.10,10.20,15.31,20.42,25.53,30.65,35.75,40.89,46.04,51.06,56.21,61.21,66.54,71.66,76.78,81.82,87.27,92.03,97.06,102.24
74.55,2.79,5.58,8.37,11.17,13.96,16.75,19.54,21.65,25.15,27.93,30.73,33.57,36.34,39.09,41.85,44.87,47.59,50.29,53.32,55.89
139.52,4.25,8.50,12.76,17.02,21.28,25.52,29.79,34.05,38.30,42.52,46.84,51.01,55.40,59.61,63.97,68.21,72.45,76.56,81.12,85.09
157.85,4.06,8.12,12.19,16.26,20.33,24.35,28.46,32.56,36.60,40.78,44.71,48.78,52.83,57.23,61.02,65.10,69.22,73.25,77.30,81.30
175.18,3.95,7.90,11.86,15.81,19.76,23.72,27.68,31.64,35.60,39.56,43.50,47.54,51.45,55.41,59.28,63.39,67.73,71.50,75.18,79.61
184.82,4.54,9.08,13.64,18.18,22.73,27.24,31.82,36.43,40.93,45.51,50.07,54.62,59.17,63.34,68.32,72.96,77.49,81.93,86.36,91.19
131.22,4.19,8.38,12.57,16.75,20.96,25.17,29.37,33.56,37.79,42.03,46.15,50.35,54.61,58.82,63.06,67.24,71.54,75.43,79.99,84.31
260.95,4.47,8.94,13.42,17.89,22.39,26.88,31.34,35.82,40.30,44.77,49.03,53.74,58.29,62.75,67.15,71.80,76.42,80.66,85.00,89.45
138.57,4.70,9.41,14.11,18.82,23.50,28.24,32.97,37.66,42.35,47.12,51.80,56.66,61.23,65.98,70.73,75.49,80.15,77.55,89.68,94.79
174.72,4.51,9.02,13.54,18.06,22.57,27.09,31.62,36.22,40.67,45.19,49.74,54.22,58.56,63.42,67.77,72.78,76.98,81.15,86.18,90.65
135.37,4.09,8.18,12.28,16.38,20.47,24.59,28.68,32.78,36.93,40.96,45.04,49.01,53.34,57.30,61.54,65.60,69.72,73.77,77.98,81.87
132.83,3.94,7.88,11.83,15.77,19.71,23.66,27.62,31.54,35.48,39.45,43.42,47.38,51.34,55.18,59.32,63.22,67.24,71.19,75.02,79.05
117.81,4.04,8.08,12.12,16.17,20.23,24.27,28.32,32.36,36.41,40.46,44.52,48.58,52.60,56.67,60.88,64.84,68.84,73.10,76.97,81.14
151.20,3.83,7.66,11.49,15.33,19.16,23.00,26.84,30.67,34.52,38.36,42.26,46.08,49.94,53.75,57.56,61.47,64.82,69.13,73.03,76.74
157.40,4.19,8.38,12.58,16.78,20.97,25.16,29.37,33.56,37.77,41.98,46.14,50.21,54.56,58.88,63.01,67.06,71.44,75.65,79.91,76.64
169.12,4.33,8.66,12.99,17.33,21.66,26.03,30.34,34.69,39.04,43.37,47.77,52.08,56.41,60.69,65.12,69.46,73.81,78.26,82.26,86.64
178.05,4.45,8.90,13.36,17.81,22.26,26.75,31.11,35.74,40.27,44.61,49.02,53.63,57.99,62.66,66.91,71.46,75.97,80.44,84.70,89.42
160.39,4.44,8.88,13.33,17.78,22.22,26.67,31.15,35.56,40.01,44.47,49.01,53.41,57.85,62.33,66.75,71.57,75.59,80.53,84.96,89.04
137.28,3.31,6.62,9.95,13.25,16.57,19.87,23.20,26.52,29.82,33.13,36.45,39.77,43.18,46.41,49.79,53.11,56.43,59.76,63.22,66.43
156.53,3.47,6.94,10.42,13.90,17.37,20.83,24.31,27.79,31.28,34.75,38.17,41.68,45.20,48.67,52.16,55.59,58.97,62.98,66.29,69.74
140.08,3.63,7.26,10.89,14.53,18.16,21.85,25.40,29.16,32.70,36.32,40.01,43.67,47.33,50.95,54.64,58.37,62.02,65.76,69.08,72.80
147.80,3.40,6.80,10.20,13.61,17.02,20.45,23.80,27.25,30.63,34.04,37.43,40.87,44.27,47.69,51.17,54.54,57.93,61.61,64.85,68.16
146.81,3.21,6.42,9.63,12.86,16.06,19.27,22.49,25.69,28.93,32.11,35.34,38.58,41.79,45.09,48.18,51.36,54.73,57.92,61.34,64.27
156.87,3.37,6.74,10.11,13.48,16.86,20.24,23.60,26.99,30.37,33.74,37.12,40.42,43.94,47.29,50.74,54.10,57.36,61.01,64.33,67.59
142.65,3.13,6.26,9.39,12.53,15.66,18.80,21.94,25.08,28.20,31.33,34.50,37.61,40.75,43.87,47.15,50.24,53.24,56.41,59.55,62.69
153.56,3.56,7.13,10.68,14.24,17.79,21.38,24.95,28.51,32.07,35.65,39.26,42.89,46.43,49.93,53.47,57.13,60.69,64.33,67.83,71.52
134.04,3.37,6.74,10.12,13.49,16.87,20.24,23.59,26.99,30.37,33.80,37.09,40.51,43.90,47.25,50.68,54.03,57.59,60.82,64.27,67.65
130.91,3.41,6.82,10.23,13.65,17.06,20.47,23.88,27.32,30.72,34.11,37.53,40.96,44.33,47.91,51.28,54.73,58.09,61.62,64.88,68.36
144.81,3.49,6.98,10.48,13.96,17.48,20.95,24.44,27.94,31.47,34.93,38.41,42.00,45.42,49.02,52.50,55.99,59.49,62.93,66.73,70.05
150.16,3.16,6.32,9.48,12.65,15.82,18.97,22.13,25.30,28.44,31.63,34.84,37.95,41.17,44.35,47.47,50.82,53.92,57.08,60.33,63.43
137.06,3.24,6.48,9.33,12.96,16.22,19.45,22.70,25.95,29.21,32.48,35.71,38.94,42.32,45.49,48.69,51.97,55.23,58.42,61.67,64.90
161.42,3.42,6.84,10.26,13.69,17.11,20.53,23.95,27.40,30.85,34.24,37.73,41.21,44.56,47.97,51.49,54.85,58.30,61.78,65.33,68.62
150.59,3.52,7.04,10.56,14.09,17.61,21.13,24.64,28.19,31.70,35.25,38.74,42.34,45.83,49.48,52.90,56.46,59.98,63.58,67.06,70.80
132.06,3.50,7.00,10.51,14.00,17.52,21.04,24.53,28.07,31.61,35.07,38.61,41.96,45.59,49.33,52.57,55.31,59.58,62.97,66.76,70.09
141.00,3.51,7.02,10.53,14.04,17.55,21.07,24.59,28.13,31.61,35.17,38.63,42.22,45.67,49.13,52.79,56.36,59.80,63.52,66.94,70.32
140.41,3.51,7.02,10.54,14.05,17.56,21.07,24.59,28.14,31.63,35.17,38.66,42.15,45.69,49.19,52.90,56.25,59.74,63.41,66.95,70.36
150.00,3.00,6.00,9.00,12.00,15.01,18.01,21.02,24.03,27.05,30.02,33.05,36.10,39.08,42.09,45.13,48.19,51.17,54.26,57.20,60.15
151.41,3.44,6.88,10.33,13.77,17.23,20.66,24.12,27.56,30.99,34.43,37.91,41.37,44.74,48.31,51.70,55.16,58.56,62.03,65.52,69.04
122.93,3.85,7.70,11.55,15.43,19.25,23.12,26.97,30.81,34.67,38.54,42.41,46.29,50.25,54.04,57.84,61.95,65.52,69.66,73.27,76.63
161.98,3.52,7.04,10.57,14.09,17.61,21.12,24.67,28.18,31.72,35.26,38.77,42.36,46.12,49.42,52.96,56.34,59.83,63.56,67.30,70.98
156.95,2.98,5.96,8.94,11.92,14.91,17.89,20.87,23.86,26.83,29.81,32.83,35.81,38.86,41.73,44.78,47.77,50.86,53.80,56.76,59.71
166.96,3.47,6.94,10.42,13.89,17.37,20.84,24.32,27.77,31.24,34.77,38.20,41.66,45.14,48.69,52.11,55.74,59.14,62.66,66.12,69.48
160.60,3.36,6.72,10.08,13.45,16.81,20.15,23.54,26.91,30.28,33.62,36.93,40.36,43.72,47.12,50.46,53.85,57.25,60.55,64.09,67.41
145.21,3.63,7.26,10.89,14.52,18.15,21.81,25.43,29.09,32.71,36.33,39.93,43.55,47.19,50.93,54.64,58.27,61.86,65.27,69.16,72.80
141.75,3.13,6.26,9.40,12.53,15.67,18.80,21.96,25.06,28.23,31.33,34.44,37.60,40.82,43.82,47.02,50.20,53.36,56.46,59.62,62.76
159.63,3.43,6.86,10.30,13.72,17.15,20.60,24.04,27.47,30.92,34.33,37.87,41.22,44.72,48.12,51.58,55.08,58.56,61.96,65.40,68.79
143.87,3.61,7.22,10.83,14.45,18.07,21.68,25.29,28.91,32.53,36.17,39.78,43.37,46.97,50.70,54.34,57.94,61.73,65.16,68.79,72.43
152.99,3.34,6.68,10.02,13.39,16.72,20.07,23.38,26.72,30.06,33.41,36.79,40.11,43.52,46.96,50.20,53.54,56.85,60.10,63.66,67.01
98.60,3.22,6.44,9.66,12.88,16.11,19.34,22.56,25.79,29.00,32.27,35.39,38.70,41.93,45.12,48.35,51.64,54.86,58.16,61.35,64.41
149.12,3.45,6.90,10.35,13.81,17.28,20.73,24.17,27.66,31.09,34.56,37.98,41.47,44.94,48.44,51.84,55.32,58.83,62.39,65.78,69.04
125.10,3.24,6.48,9.72,12.96,16.20,19.45,22.72,25.98,29.21,32.43,35.73,38.94,42.18,45.46,48.70,52.00,55.25,58.47,61.73,65.04
129.47,3.18,6.36,9.54,12.72,15.91,19.09,22.27,25.45,28.66,31.83,35.08,38.21,41.47,44.65,47.80,51.16,54.34,57.57,60.64,63.83
136.58,3.74,7.48,11.22,14.97,18.71,22.46,26.20,29.94,33.73,37.43,41.10,44.98,48.74,52.49,56.24,59.99,63.72,67.52,71.15,74.85
109.99,3.49,6.98,10.47,13.98,17.47,20.94,24.45,27.94,31.45,34.95,38.45,41.97,45.41,48.89,52.45,55.90,59.49,62.92,66.45,69.82
131.15,3.41,6.82,10.23,13.64,17.07,20.47,23.89,27.30,30.71,34.11,37.53,40.94,44.38,47.89,51.27,54.70,57.96,61.60,65.03,68.54
134.37,3.28,6.56,9.84,13.13,16.41,19.69,22.97,26.25,29.60,32.85,36.16,39.38,42.80,46.01,49.30,52.77,55.92,59.16,62.47,65.77
134.34,3.19,6.38,9.58,12.76,15.95,19.15,22.35,25.54,28.74,31.93,35.14,38.34,41.65,44.74,47.98,51.21,54.30,57.56,60.84,64.06
156.14,3.05,6.10,9.15,12.20,15.26,18.31,21.39,24.42,27.48,30.50,33.61,36.61,39.76,42.81,45.83,48.93,51.95,55.01,57.96,61.08
137.40,3.35,6.70,10.06,13.41,16.76,20.12,23.51,26.82,30.17,33.51,36.89,40.22,43.86,46.95,50.26,53.85,57.03,60.58,63.78,67.55
136.38,3.45,6.90,10.35,13.81,17.26,20.68,24.15,27.65,31.07,34.53,37.99,41.46,44.91,48.43,51.83,55.29,58.80,62.22,65.71,69.18
156.09,3.32,6.64,9.97,13.28,16.62,19.94,23.26,26.59,29.91,33.24,36.57,39.88,43.28,46.75,49.89,53.19,56.54,59.91,63.42,66.66
126.06,2.70,5.40,8.10,10.80,13.50,16.21,18.91,21.61,24.32,27.03,29.74,32.45,35.21,37.85,40.49,43.28,46.02,48.60,51.54,54.18
150.15,3.58,7.16,10.75,14.33,17.92,21.52,25.09,28.67,32.25,35.82,39.39,43.10,46.66,50.44,53.86,57.42,61.26,64.71,68.36,71.67
149.13,3.05,6.10,9.15,12.21,15.25,18.32,21.35,24.42,27.50,30.52,33.65,36.66,39.73,42.87,45.85,48.91,51.99,55.07,58.06,61.60
150.97,3.10,6.20,9.30,12.42,15.51,18.63,21.72,24.82,27.92,31.04,34.11,37.24,40.34,43.50,46.53,49.64,52.78,55.94,58.98,62.12
131.51,3.48,6.96,10.44,13.93,17.41,20.89,24.36,27.85,31.34,34.86,38.32,41.83,45.30,48.81,52.35,55.93,59.27,62.79,66.06,69.79
127.91,3.46,6.92,10.39,13.84,17.34,20.79,24.26,27.72,31.14,34.63,38.13,41.57,45.20,48.56,52.04,55.54,58.98,62.42,65.99,69.39
139.25,3.11,6.22,9.33,12.45,15.56,18.67,21.78,24.89,28.03,31.11,34.26,37.37,40.45,43.57,46.68,49.91,53.00,56.25,59.22,62.37
166.10,3.13,6.26,9.39,12.53,15.66,18.79,21.93,25.06,28.20,31.34,34.47,37.57,40.77,43.88,47.04,50.20,53.34,56.49,59.67,62.75
144.35,3.46,6.92,10.38,13.84,17.31,20.76,24.21,27.64,31.20,34.60,38.14,41.58,45.07,48.54,52.08,55.54,59.13,62.51,65.94,69.39
116.37,3.14,6.28,9.42,12.57,15.70,18.85,21.99,25.14,28.29,31.43,34.59,37.72,40.90,44.05,47.19,50.39,53.46,56.73,59.82,63.17
134.35,3.29,6.58,9.87,13.17,16.47,19.74,23.08,26.34,29.63,32.94,36.25,39.52,42.84,46.17,49.41,52.75,56.18,59.54,62.73,65.93
144.81,3.91,7.82,11.73,15.66,19.56,23.47,27.38,31.29,35.19,39.12,43.15,47.23,50.98,54.81,58.76,62.78,66.62,70.63,74.44,78.31
133.36,3.30,6.61,9.90,13.21,16.50,19.83,23.12,26.47,29.73,33.02,36.38,39.71,43.03,46.29,49.75,53.02,56.49,59.55,63.01,66.11
143.70,3.50,7.00,10.51,14.00,17.49,21.02,24.52,28.02,31.54,35.05,38.57,42.05,45.71,49.13,52.62,56.16,59.65,63.20,66.62,70.10
151.40,3.59,7.18,10.77,14.37,17.95,21.57,25.19,28.76,32.36,36.00,39.55,43.17,46.79,50.44,53.98,57.58,61.26,64.86,68.68,71.97
154.11,3.48,6.96,10.45,13.93,17.40,20.89,24.39,27.89,31.38,34.82,38.30,41.83,45.35,48.82,52.27,55.69,59.24,62.70,66.21,69.81
157.20,3.53,7.07,10.59,14.13,17.65,21.20,24.72,28.25,31.82,35.36,38.85,42.51,45.97,49.53,53.03,56.60,60.13,63.67,67.48,71.00
135.74,3.61,7.22,10.83,14.45,18.04,21.69,25.30,28.93,32.54,36.17,39.74,43.42,47.02,50.70,54.29,57.93,61.56,65.21,68.83,72.45
161.82,3.50,7.00,10.51,14.00,17.48,21.01,24.50,28.02,31.54,35.07,38.51,42.10,45.55,49.06,52.63,56.12,59.70,63.39,66.68,70.14
138.58,3.43,6.86,10.29,13.73,17.16,20.61,24.04,27.47,30.94,34.34,37.76,41.16,44.67,48.13,51.62,55.20,58.52,62.00,65.36,68.81
158.45,3.60,7.20,10.80,14.43,18.02,21.63,25.20,28.84,32.44,36.04,39.67,43.25,46.85,50.59,54.09,57.77,61.52,64.85,68.58,72.08
153.33,3.30,6.60,9.90,13.21,16.51,19.83,23.15,26.43,29.76,33.03,36.37,39.68,43.00,46.39,49.63,53.06,56.29,59.49,63.00,66.10
117.29,3.56,7.12,10.68,14.24,17.81,21.37,24.96,28.51,32.07,35.63,39.20,42.80,46.33,50.00,53.49,57.01,60.68,64.58,67.88,71.59
132.94,3.54,7.08,10.62,14.16,17.71,21.25,24.86,28.40,31.90,35.43,39.01,42.58,46.15,49.74,53.16,56.69,60.26,63.81,67.38,70.92
154.67,3.46,6.92,10.38,13.85,17.32,20.77,24.24,27.72,31.18,34.67,38.09,41.54,45.10,48.54,52.05,55.52,58.84,62.43,66.05,69.50
144.65,3.08,6.16,9.24,12.32,15.41,18.49,21.56,24.68,27.76,30.81,33.93,36.98,40.07,43.01,46.31,49.48,52.71,55.60,58.65,61.77
149.58,3.68,7.35,11.05,14.72,18.43,22.10,25.81,29.47,33.14,36.81,40.44,44.25,47.95,51.67,55.27,59.02,62.78,66.72,70.11,74.02
156.33,3.77,7.54,11.32,15.09,18.87,22.64,26.42,30.29,34.00,37.72,41.48,45.32,49.12,52.91,56.67,60.50,64.24,68.07,71.92,75.54
106.31,3.72,7.44,11.16,14.89,18.60,22.32,26.06,29.81,33.52,37.25,41.05,44.76,48.47,52.23,55.87,59.67,63.24,67.17,70.95,74.57
148.92,3.38,6.76,10.14,13.52,16.91,20.28,23.68,27.06,30.46,33.83,37.23,40.69,44.13,47.43,50.80,54.22,57.66,61.04,64.39,67.69
131.90,3.38,6.76,10.15,13.53,16.91,20.30,23.68,27.06,30.47,33.84,37.25,40.65,44.02,47.41,50.82,54.21,57.68,61.10,64.45,67.88
126.86,3.37,6.74,10.11,13.49,16.86,20.22,23.61,26.96,30.35,33.75,37.09,40.53,43.86,47.27,50.77,54.10,57.30,60.76,64.11,67.52
129.47,3.15,6.30,9.45,12.61,15.75,18.90,22.07,25.22,28.41,31.53,34.73,37.84,41.03,44.16,47.40,50.48,53.63,56.81,59.96,63.37
133.85,3.15,6.30,9.45,12.60,15.75,18.91,22.05,25.23,28.39,31.56,34.67,37.85,40.97,44.27,47.30,50.67,53.65,57.03,60.07,63.12
155.89,3.68,7.36,11.05,14.73,18.42,22.09,25.80,29.46,33.16,36.89,40.40,44.20,47.94,51.64,55.35,59.20,62.66,66.45,70.13,73.86
148.16,3.37,6.74,10.11,13.49,16.85,20.24,23.65,27.00,30.33,33.79,37.16,40.47,43.89,47.28,50.73,54.06,57.48,60.84,64.20,67.64
128.07,3.21,6.42,9.64,12.85,16.08,19.26,22.48,25.71,28.92,32.14,35.35,38.55,41.79,45.03,48.25,51.55,54.74,58.22,61.13,64.38
139.95,3.19,6.38,9.58,12.76,15.96,19.14,22.35,25.53,28.74,31.93,35.13,38.36,41.61,44.73,47.90,51.42,54.40,57.77,60.74,63.99
147.69,3.06,6.12,9.18,12.26,15.32,18.37,21.43,24.52,27.62,30.79,33.71,36.81,39.81,42.86,45.97,49.02,52.18,55.16,58.49,61.37
111.00,3.09,6.18,9.28,12.37,15.46,18.57,21.65,24.75,27.82,30.95,34.05,37.12,40.19,43.16,46.51,49.58,52.62,55.75,59.04,62.27
163.34,3.41,6.82,10.23,13.64,17.06,20.47,23.89,27.30,30.81,34.11,37.53,40.99,44.41,47.85,51.26,54.69,58.14,61.46,64.98,68.74
109.37,3.23,6.46,9.69,12.92,16.16,19.38,22.62,25.88,29.10,32.31,35.60,38.81,42.19,45.28,48.59,51.94,55.23,58.28,61.61,64.66
151.62,3.41,6.82,10.23,13.66,17.07,20.52,23.95,27.36,30.83,34.13,37.62,40.96,44.44,47.89,51.54,54.74,58.12,61.70,64.98,68.39
144.63,3.54,7.08,10.62,14.16,17.70,21.26,24.81,28.35,31.91,35.41,39.01,42.50,46.12,49.66,53.21,56.79,60.33,63.82,67.46,71.03
141.49,3.34,6.68,10.02,13.37,16.71,20.07,23.39,26.75,30.09,33.43,36.80,40.17,43.48,47.01,50.21,53.64,57.09,60.35,63.70,66.87
155.01,3.52,7.04,10.56,14.09,17.61,21.14,24.69,28.29,31.93,35.23,38.73,42.27,45.91,49.36,52.95,56.44,60.29,63.60,66.96,70.55
162.76,3.09,6.18,9.28,12.37,15.45,18.54,21.65,24.75,27.84,30.90,34.04,37.14,40.20,43.32,46.46,49.55,52.59,55.76,59.00,61.97
139.03,3.03,6.06,9.10,12.12,15.16,18.19,21.22,24.25,27.21,30.34,33.39,36.37,39.41,42.45,45.50,48.54,51.58,54.67,57.66,60.68
149.03,3.62,7.24,10.86,14.48,18.10,21.74,25.36,29.01,32.63,36.27,39.84,43.55,47.11,50.93,54.37,58.10,61.70,65.35,68.79,72.54
144.69,3.43,6.86,10.30,13.73,17.16,20.60,24.02,27.47,30.92,34.36,37.79,41.22,44.70,48.63,51.62,55.03,58.46,61.90,65.42,68.79
149.31,3.47,6.94,10.42,13.89,17.37,20.84,24.31,27.81,31.28,34.81,38.21,41.69,45.32,48.77,52.17,55.91,59.10,62.69,66.09,69.55
152.15,4.13,8.26,12.39,16.53,20.67,24.81,28.92,33.05,37.22,41.35,45.48,49.61,53.83,58.02,62.10,66.29,70.41,74.13,79.01,83.10
135.46,3.43,6.86,10.29,13.73,17.16,20.60,24.02,27.47,30.88,34.34,37.90,41.23,44.61,48.12,51.51,55.13,58.45,61.88,65.41,68.84
118.02,3.32,6.64,9.97,13.28,16.61,19.96,23.25,26.57,29.89,33.23,36.54,39.88,43.24,46.54,49.96,53.46,56.58,59.97,63.23,66.48
160.73,3.50,7.00,10.50,14.02,17.50,21.02,24.52,28.04,31.51,35.06,38.53,42.04,45.65,49.11,52.59,56.17,59.68,63.41,66.85,70.25
146.14,3.04,6.08,9.13,12.17,15.21,18.24,21.31,24.35,27.41,30.46,33.47,36.52,39.58,42.64,45.74,48.76,51.82,54.88,57.94,60.93
151.14,3.66,7.32,10.98,14.65,18.30,21.99,25.63,29.30,32.99,36.64,40.27,43.97,47.72,51.23,55.07,58.62,62.44,66.06,69.72,73.41
138.18,3.21,6.42,9.63,12.85,16.06,19.25,22.37,25.70,28.93,32.12,35.30,38.56,41.71,45.02,48.25,51.52,54.68,54.81,61.22,64.45
141.33,3.63,7.26,10.90,14.52,18.16,21.80,25.43,29.09,32.70,36.35,40.01,43.64,47.33,51.35,54.56,58.33,61.94,65.56,69.24,72.70
137.65,3.81,7.62,11.44,15.24,19.06,22.87,26.70,30.51,34.47,38.16,42.01,45.81,49.62,53.56,57.29,61.15,64.88,68.59,72.52,76.35
134.55,3.49,6.98,10.47,13.96,17.46,20.96,24.45,27.94,31.45,34.95,38.41,41.98,45.44,49.14,52.50,55.93,59.62,62.80,66.70,69.95
161.74,3.12,6.24,9.36,12.49,15.60,18.73,21.87,24.99,28.09,31.25,34.35,37.49,40.64,43.77,47.04,50.04,53.10,56.33,59.38,62.59
164.77,3.31,6.62,9.93,13.24,16.57,19.87,23.20,26.48,29.83,33.13,35.19,39.78,43.11,46.44,49.80,53.09,56.40,59.77,63.26,66.37
155.17,3.23,6.46,9.69,12.93,16.17,19.39,22.63,25.87,29.08,32.26,35.68,38.80,42.04,45.28,48.48,51.80,55.07,58.23,61.49,64.74
161.38,3.13,6.26,9.39,12.53,15.68,18.82,21.93,25.09,28.19,31.39,34.47,37.65,40.75,43.91,47.09,50.23,53.38,56.53,59.64,62.86
160.36,3.26,6.52,9.78,13.04,16.31,19.58,22.83,26.08,29.35,32.62,35.88,39.20,42.45,45.83,49.07,52.37,55.53,58.82,61.93,65.34
149.97,3.43,6.86,10.30,13.72,17.17,20.59,24.04,27.46,30.88,34.30,37.77,41.22,44.66,48.13,51.54,55.00,58.48,62.07,65.30,68.84
153.38,3.36,6.72,10.08,13.45,16.81,20.18,23.55,26.89,30.27,33.63,37.00,40.38,43.72,47.16,50.51,53.89,57.23,60.63,64.02,67.64
151.30,3.68,7.36,11.05,14.72,18.40,22.09,25.79,29.46,33.13,36.82,40.50,44.21,47.89,51.63,55.43,59.02,62.71,66.60,70.15,73.84
151.35,3.52,7.04,10.56,14.09,17.62,21.13,24.68,28.18,31.72,35.26,38.73,43.08,46.07,49.40,52.91,56.46,60.00,63.46,67.09,70.54
153.33,3.86,7.72,11.58,15.44,19.32,23.18,27.07,30.93,34.80,38.65,42.49,46.51,50.23,54.10,58.15,61.94,65.83,69.67,73.75,77.45
157.60,3.54,7.08,10.62,14.16,17.71,21.26,24.80,28.34,31.89,35.41,38.99,42.53,46.14,49.68,53.12,56.79,60.34,63.88,67.37,70.94
136.13,3.24,6.48,9.72,12.97,16.24,19.45,22.72,26.00,29.20,32.47,35.73,38.95,42.21,45.40,48.65,51.96,55.27,58.46,61.87,65.18
115.38,2.83,5.66,8.49,11.32,14.15,16.98,19.82,22.67,25.50,28.34,31.19,34.05,36.85,39.69,42.56,45.37,48.23,51.02,53.83,56.71
143.06,2.71,5.42,8.13,10.85,13.55,16.26,18.98,21.69,24.40,27.18,29.86,32.57,35.31,38.00,40.77,43.37,46.17,46.78,51.67,54.30
109.95,2.82,5.64,8.46,11.28,14.10,16.93,19.75,22.60,25.42,28.24,31.04,33.88,36.69,39.51,42.38,45.21,48.05,50.85,53.70,56.71
137.34,2.93,5.86,8.80,11.72,14.66,17.59,20.52,23.45,26.40,29.33,32.25,35.18,38.12,41.05,43.99,46.93,49.80,52.80,55.73,58.69
124.92,2.80,5.60,8.40,11.20,14.00,16.81,19.61,22.42,25.21,28.02,30.82,33.70,36.55,39.26,42.03,44.84,47.73,50.47,53.25,56.05
136.59,2.65,5.30,7.95,10.60,13.25,15.91,18.57,21.24,23.89,26.53,29.17,31.82,34.48,37.12,39.78,42.44,45.13,47.83,50.44,53.09
119.52,2.81,5.62,8.43,11.24,14.05,16.87,19.69,22.49,25.30,28.12,30.94,33.74,36.55,39.38,42.21,45.05,47.86,50.67,53.53,56.47
130.64,2.80,5.60,8.40,11.20,14.01,16.81,19.62,22.42,25.24,28.02,30.84,33.63,36.43,39.23,42.05,44.84,47.64,50.46,53.27,56.18
123.99,2.86,5.72,8.58,11.45,14.31,17.17,20.03,22.92,25.77,28.63,31.53,34.37,37.21,40.07,42.95,45.80,48.66,51.53,54.34,57.24
127.04,2.66,5.32,7.98,10.64,13.30,15.96,18.63,21.29,23.95,26.87,29.27,31.93,34.60,37.30,39.92,42.70,45.26,47.95,50.59,53.32
135.16,2.87,5.74,8.61,11.48,14.35,17.22,20.10,22.97,25.87,28.73,31.71,34.49,37.41,40.46,43.13,46.08,48.88,51.90,54.70,57.42
136.23,2.93,5.86,8.79,11.72,14.65,17.59,20.52,23.45,26.39,29.34,32.25,35.27,38.16,41.10,44.03,47.02,49.90,52.91,55.87,58.85
138.71,2.79,5.58,8.38,11.16,13.95,16.76,19.55,22.34,25.16,27.94,30.73,33.54,36.41,39.13,41.93,44.74,47.57,50.31,53.18,55.94
135.39,2.96,5.92,8.88,11.85,14.81,17.77,20.73,23.74,26.69,29.64,32.56,35.54,38.55,41.52,44.56,47.45,50.32,53.39,56.31,59.37
129.83,2.88,5.76,8.64,11.52,14.41,17.29,20.18,23.09,25.95,28.83,31.72,34.59,37.51,40.52,43.29,46.16,49.16,52.05,54.82,57.67
138.06,2.99,5.98,8.97,11.96,14.95,17.95,20.95,23.95,26.98,29.96,32.89,35.91,38.89,41.93,44.89,47.88,50.87,53.87,56.88,59.89
133.91,2.84,5.68,8.52,11.37,14.20,17.05,19.89,22.73,25.57,28.42,31.29,34.16,36.98,39.80,42.64,45.48,48.49,51.23,54.02,56.85
106.20,2.81,5.62,8.43,11.24,14.05,16.86,19.68,22.49,25.32,28.14,30.93,33.77,36.59,39.41,42.25,45.05,47.93,50.63,53.75,56.34
137.87,2.81,5.62,8.43,11.24,14.05,16.86,19.69,22.51,25.33,28.14,30.95,33.77,36.59,39.47,42.23,45.12,47.87,50.70,53.49,56.31
138.35,2.74,5.48,8.22,10.97,13.71,16.44,19.21,21.95,24.68,27.41,30.16,32.90,35.68,38.39,41.17,43.86,46.76,49.55,52.16,54.96
109.80,2.91,5.82,8.73,11.64,14.55,17.47,20.38,23.29,26.21,29.12,32.09,34.95,37.89,40.77,43.74,46.65,49.57,52.56,55.44,58.35
140.81,2.96,5.92,8.88,11.85,14.80,17.77,20.74,23.71,26.66,29.73,32.62,35.58,38.59,41.51,44.53,47.50,50.41,53.40,56.44,59.34
138.29,2.78,5.56,8.34,11.12,13.90,16.72,19.48,22.28,25.05,27.84,30.64,33.39,36.15,38.97,41.76,44.73,47.36,50.43,52.98,55.88
139.17,2.85,5.70,8.55,11.40,14.26,17.14,19.96,22.81,25.66,28.54,31.42,34.25,37.14,39.93,42.88,45.65,48.50,51.36,54.25,57.07
138.44,3.03,6.06,9.10,12.13,15.16,18.20,21.22,24.25,27.29,30.33,33.36,36.42,39.49,42.46,45.49,48.53,51.68,54.69,57.72,60.73
140.08,2.87,5.74,8.61,11.48,14.36,17.22,20.09,22.97,25.84,28.74,31.61,34.49,37.34,40.23,43.14,46.02,48.90,51.87,54.72,57.55
132.43,2.73,5.46,8.19,10.93,13.67,16.39,19.13,21.87,24.60,27.36,30.13,32.84,35.52,38.23,40.97,43.73,46.46,49.25,52.11,54.85
128.38,3.04,6.08,9.12,12.17,15.21,18.26,21.30,24.33,27.39,30.44,33.49,36.53,39.56,42.74,45.70,48.75,51.73,54.97,58.05,60.93
141.09,2.86,5.72,8.59,11.44,14.30,17.16,20.04,22.89,25.76,28.63,31.50,34.36,37.24,40.14,42.99,45.85,48.73,51.59,54.48,57.35
139.18,2.79,5.58,8.37,11.17,13.96,16.74,19.55,22.34,25.16,27.94,30.74,33.53,36.33,39.08,41.89,44.70,47.48,50.28,53.08,55.85
137.22,2.93,5.86,8.79,11.72,14.65,17.59,20.52,23.45,26.39,29.32,32.25,35.18,38.12,41.05,43.99,46.98,49.87,52.81,55.68,58.74
142.70,2.87,5.74,8.61,11.48,14.36,17.23,20.11,23.05,25.86,28.76,31.64,34.50,37.42,40.26,43.14,45.96,48.84,51.64,54.59,57.46
114.43,2.73,5.46,8.19,10.92,13.65,16.38,19.15,21.85,24.64,27.35,30.05,32.78,35.54,38.28,41.05,43.76,46.48,49.25,51.97,54.72
136.57,2.62,5.24,7.86,10.48,13.11,15.73,18.35,20.99,23.62,26.22,28.80,31.53,34.09,36.79,39.30,42.05,44.61,47.27,49.84,52.45
136.14,3.07,6.14,9.21,12.28,15.36,18.43,21.50,24.59,27.67,30.72,33.80,36.88,39.95,43.03,46.11,49.19,52.61,55.43,58.46,61.84
133.29,2.76,5.52,8.28,11.04,13.81,16.57,19.33,22.10,24.85,27.64,30.48,33.17,35.90,38.72,41.48,44.28,47.15,49.84,52.80,55.63
143.28,2.92,5.84,8.76,11.68,14.62,17.54,20.45,23.40,26.34,29.27,32.14,35.06,37.98,40.91,43.84,46.81,49.68,52.57,55.54,58.47
142.47,2.99,5.98,8.97,11.97,14.96,17.95,20.94,23.93,26.94,29.95,32.94,35.94,38.95,41.94,40.78,48.00,50.93,54.01,56.98,59.92
139.68,2.88,5.76,8.64,11.53,14.40,17.29,20.17,23.06,25.94,28.84,31.81,34.69,37.48,40.39,43.28,46.41,49.06,52.03,54.81,57.84
140.07,2.92,5.84,8.76,11.68,14.61,17.52,20.45,23.37,26.30,29.22,32.14,35.07,37.98,40.91,43.83,46.76,49.69,52.58,55.56,58.46
131.31,2.81,5.62,8.43,11.25,14.06,16.87,19.72,22.51,25.32,28.17,30.97,33.77,36.66,39.41,42.22,45.05,48.02,50.72,53.61,56.33
111.86,2.54,5.08,7.62,10.16,12.70,15.26,17.80,20.35,22.91,25.43,27.95,30.50,33.07,35.62,38.16,40.69,43.25,45.79,48.31,50.85
134.23,3.22,6.44,9.67,12.89,16.11,19.34,22.58,25.83,29.06,32.30,35.44,38.70,41.90,45.43,48.38,51.62,54.81,57.99,61.26,64.48
132.39,2.74,5.48,8.22,10.97,13.72,16.45,19.19,21.94,24.67,27.43,30.18,32.90,35.72,38.42,41.18,43.91,46.68,49.52,52.18,54.94
125.56,2.61,5.22,7.83,10.44,13.05,15.67,18.28,20.89,23.50,26.12,28.73,31.35,33.93,36.60,39.22,41.85,44.42,47.08,49.79,52.31
130.94,2.76,5.52,8.28,11.04,13.81,16.57,19.33,22.10,24.87,27.64,30.38,33.23,35.94,38.67,41.57,44.24,47.00,49.79,52.60,55.34
126.82,3.23,6.46,9.69,12.94,16.16,19.40,22.63,25.87,29.10,32.39,35.66,38.83,42.08,45.35,48.46,51.79,55.05,58.32,61.54,64.78
142.45,2.88,5.76,8.65,11.52,14.40,17.28,20.18,23.05,25.94,28.84,31.70,34.58,37.58,40.40,43.28,46.19,49.15,51.95,54.86,57.77
111.32,2.88,5.76,8.65,11.53,14.41,17.29,20.19,23.08,25.96,28.84,31.73,34.63,37.50,40.48,43.29,46.13,49.11,51.96,54.90,57.79
124.86,2.91,5.82,8.73,11.65,14.56,17.46,20.39,23.31,26.22,29.14,32.10,34.98,37.95,40.82,43.74,46.77,49.58,52.64,55.42,58.39
135.83,3.08,6.16,9.24,12.33,15.40,18.50,21.58,24.67,27.76,30.82,33.93,36.98,40.07,43.25,46.25,49.32,52.42,55.51,58.64,61.75
141.96,2.94,5.88,8.82,11.76,14.70,17.64,20.60,23.56,26.49,29.42,32.34,35.29,38.29,41.16,44.23,47.14,50.09,52.96,55.92,58.95
120.89,2.92,5.84,8.76,11.69,14.60,17.53,20.46,23.42,26.34,29.30,32.17,35.14,38.02,41.19,43.86,46.76,49.68,52.75,55.54,58.45
115.01,2.77,5.54,8.31,11.08,13.87,16.63,19.41,22.17,24.95,27.71,30.51,33.32,36.16,38.85,41.65,44.40,46.94,49.98,52.81,55.53
127.60,2.70,5.40,8.10,10.80,13.51,16.20,18.90,21.64,24.33,27.02,29.81,32.44,35.18,37.86,40.59,43.24,45.99,48.65,51.46,54.15
128.36,2.69,5.38,8.07,10.77,13.46,16.16,18.86,21.54,24.24,26.93,29.63,32.33,35.06,37.74,40.42,43.09,45.85,48.62,51.28,53.95
130.74,2.87,5.74,8.61,11.48,14.35,17.23,20.10,22.99,25.86,28.72,31.61,34.46,37.35,40.19,43.09,46.08,48.97,51.81,54.60,57.50
133.44,2.93,5.86,8.79,11.73,14.66,17.59,20.51,23.44,26.40,29.34,32.28,35.22,38.19,41.09,44.13,46.91,49.97,52.87,55.86,58.89
131.82,3.21,6.42,9.63,12.84,16.06,19.28,22.48,25.71,28.92,32.12,35.36,38.55,41.82,45.02,48.15,51.41,54.61,57.93,61.07,64.39
133.46,2.71,5.42,8.13,10.84,13.55,16.26,18.98,21.69,24.43,27.13,29.86,32.57,35.25,38.00,40.75,43.38,46.15,48.82,51.72,54.36
107.93,3.05,6.10,9.15,12.20,15.26,18.31,21.38,24.44,26.58,30.57,33.58,36.63,39.69,42.72,45.80,48.90,51.97,55.02,58.02,61.06
124.52,2.94,5.88,8.82,11.76,14.70,17.64,20.59,23.53,26.49,29.43,32.36,35.30,38.25,41.19,44.18,47.11,50.13,52.98,56.23,58.89
120.20,2.89,5.78,8.67,11.56,14.45,17.35,20.29,23.15,26.06,28.95,31.89,34.74,37.70,40.53,43.38,46.36,49.23,52.13,55.12,58.04
138.70,2.86,5.72,8.58,11.44,14.30,17.16,20.04,22.90,25.75,28.61,31.48,34.34,37.21,40.11,42.98,45.79,48.73,51.53,54.28,57.22
136.75,2.84,5.68,8.52,11.36,14.20,17.06,19.90,22.75,25.60,28.44,31.26,34.13,36.98,39.96,42.68,45.53,48.25,51.23,54.03,56.93
117.74,2.61,5.22,7.83,10.44,13.07,15.67,18.30,20.91,23.52,26.14,28.75,31.37,33.99,36.60,39.23,41.84,44.45,47.11,49.74,52.27
137.26,2.84,5.68,8.52,11.37,14.21,17.05,19.89,22.74,25.60,28.42,31.30,34.11,36.95,39.80,42.63,45.47,48.32,51.37,54.14,56.93
142.91,2.83,5.66,8.49,11.32,14.17,16.99,19.82,22.65,25.50,28.34,31.22,34.01,36.91,39.73,42.62,45.37,48.23,51.05,53.93,56.72
138.85,2.85,5.70,8.55,11.40,14.25,17.10,19.95,22.82,25.65,28.51,31.37,34.22,37.12,39.95,42.80,45.65,48.49,51.40,54.26,57.05
135.10,3.00,6.00,9.00,12.01,15.02,18.01,21.04,24.05,27.03,30.05,33.05,36.15,39.06,42.04,45.12,48.10,42.71,54.24,57.27,60.20
130.72,2.85,5.70,8.56,11.40,14.28,17.09,19.97,22.80,25.69,28.57,31.40,34.25,37.11,39.97,42.79,45.82,48.48,51.35,54.21,57.06
139.18,2.93,5.86,8.79,11.73,14.65,17.65,20.53,23.49,26.46,29.35,32.25,35.24,38.21,41.10,44.13,47.08,49.80,52.87,55.81,58.78
122.70,3.18,6.36,9.54,12.72,15.91,19.10,22.28,25.47,28.64,31.84,35.01,38.19,41.44,44.59,47.80,50.99,54.19,57.37,60.58,63.67
136.65,2.86,5.72,8.58,11.44,14.31,17.16,20.03,22.91,25.77,28.65,31.47,34.39,37.24,40.17,42.98,45.96,48.67,51.60,54.54,57.26
126.80,2.60,5.20,7.80,10.40,13.00,15.61,18.21,20.81,23.42,26.00,28.62,31.23,33.83,36.43,39.05,41.63,44.25,46.95,49.65,52.18
142.59,2.96,5.92,8.88,11.85,14.81,17.78,20.75,23.75,26.73,29.64,32.63,35.80,38.60,41.63,44.48,47.51,50.45,53.52,56.36,59.48
136.78,3.04,6.08,9.13,12.16,15.21,18.27,21.34,24.33,27.43,30.42,33.45,36.54,39.61,42.70,45.77,48.72,51.78,54.85,57.87,60.83
138.12,3.10,6.20,9.30,12.40,15.50,18.61,21.74,24.82,27.94,31.02,34.12,37.21,40.33,43.48,46.60,49.75,52.76,55.78,59.04,62.16
133.19,3.01,6.02,9.03,12.04,15.05,18.07,21.08,24.09,27.11,30.16,33.19,36.14,39.22,42.18,45.17,48.20,51.23,54.23,57.25,60.28
123.53,3.04,6.08,9.12,12.16,15.21,18.25,21.29,24.36,27.39,30.44,33.50,36.54,39.57,42.64,45.69,48.74,51.89,55.11,57.89,60.94
122.52,2.71,5.42,8.13,10.85,13.56,16.28,19.02,21.73,24.41,27.12,29.84,32.57,35.26,37.97,40.69,43.45,46.09,48.76,51.60,54.27
115.94,2.74,5.48,8.22,10.96,13.71,16.44,19.20,21.93,24.69,27.41,30.16,32.90,35.64,38.39,41.25,43.93,46.72,49.38,52.15,55.04
120.46,2.28,4.56,6.84,9.12,11.40,13.69,15.99,18.25,20.55,22.82,25.10,27.42,29.72,31.96,34.25,36.56,38.90,41.11,43.41,45.67
124.04,2.72,5.44,8.17,10.89,13.61,16.33,19.06,21.78,24.51,27.25,29.97,32.73,35.42,38.14,40.88,43.61,46.35,48.98,51.85,54.60
138.92,2.63,5.26,7.89,10.52,13.16,15.79,18.42,21.06,23.70,26.33,28.97,31.61,34.25,36.89,39.53,42.17,44.91,47.61,50.03,52.85
97.86,2.87,5.74,8.59,11.48,14.35,17.25,20.12,22.99,25.87,28.76,31.61,34.54,37.42,40.28,43.16,46.02,48.89,51.80,54.60,57.55
136.04,2.65,5.30,7.95,10.60,13.25,15.91,18.56,21.21,23.88,26.58,29.17,31.83,34.50,37.13,39.80,42.44,45.10,47.72,50.44,53.10
131.20,2.64,5.28,7.92,10.56,13.20,15.85,18.50,21.14,23.78,26.50,29.07,31.70,34.37,36.99,39.62,42.28,44.92,47.56,50.20,52.84
111.85,2.65,5.30,7.95,10.61,13.26,15.91,18.57,21.22,23.89,26.52,29.18,31.83,34.50,37.16,39.82,42.47,45.17,47.92,50.50,53.17
117.76,2.93,5.86,8.79,11.74,14.66,17.59,20.53,23.45,26.40,29.31,32.28,35.23,38.11,41.06,44.03,46.97,49.78,52.80,55.82,58.73
92.90,2.68,5.36,8.04,10.72,13.41,16.08,18.78,21.46,24.15,26.81,29.50,32.22,34.92,37.56,40.21,42.91,45.62,48.29,50.98,53.72
119.82,2.89,5.78,8.67,11.56,14.45,17.34,20.25,23.14,26.05,28.98,31.84,34.80,37.67,40.48,43.43,46.34,49.38,52.14,55.03,57.93
139.32,2.96,5.92,8.88,11.84,14.81,17.79,20.74,23.72,26.70,29.64,32.60,35.58,38.54,41.55,44.60,47.58,50.44,53.40,56.37,59.41
132.59,2.96,5.92,8.88,11.87,14.81,17.77,20.73,23.69,26.65,29.64,32.58,35.53,38.58,41.44,44.48,47.46,50.43,53.55,56.36,59.37
140.17,2.82,5.64,8.46,11.28,14.10,16.92,19.75,22.57,25.41,28.23,31.04,33.86,36.68,39.52,42.32,45.17,47.99,50.83,53.65,56.47
137.67,3.00,6.00,9.00,12.00,15.00,18.02,21.01,24.01,27.01,30.03,33.08,36.03,39.05,42.05,45.05,48.05,51.05,54.07,57.25,60.09
134.16,2.94,5.88,8.82,11.76,14.70,17.64,20.59,23.53,26.47,29.44,32.42,35.32,38.30,41.24,44.24,47.13,50.04,53.08,56.03,58.91
130.49,2.63,5.26,7.89,10.53,13.16,15.80,18.43,21.05,23.69,26.35,28.95,31.60,34.21,36.85,39.53,42.16,44.79,47.60,50.09,52.71
131.51,3.02,6.04,9.07,12.09,15.11,18.13,21.15,24.17,27.20,30.22,33.24,36.28,39.26,42.29,45.34,48.36,51.38,54.42,57.44,60.47
97.90,1.99,3.98,5.97,7.96,9.96,11.95,13.94,15.93,17.92,19.92,21.91,23.94,25.87,27.91,29.86,31.88,33.97,35.89,37.95,39.94
93.87,1.97,3.94,5.91,7.88,9.85,11.83,13.80,15.77,17.74,19.70,21.69,23.67,25.64,27.61,29.59,31.56,33.57,35.52,37.73,39.48
98.48,2.01,4.02,6.03,8.04,10.05,12.07,14.08,16.09,18.11,20.11,22.13,24.11,26.18,28.20,30.19,32.17,34.25,36.19,38.26,40.22
90.78,2.01,4.02,6.03,8.04,10.06,12.07,14.08,16.10,18.10,20.10,22.13,24.11,26.13,28.17,30.19,32.22,34.22,36.25,38.30,40.29
88.25,1.98,3.96,5.94,7.92,9.90,11.89,13.87,15.85,17.83,19.82,21.79,23.79,25.77,27.72,29.74,31.68,33.71,35.70,37.71,39.68
85.39,2.00,4.00,6.00,8.00,10.00,12.01,14.01,16.01,18.04,20.02,22.02,24.01,26.03,28.03,30.11,32.03,34.05,36.04,38.12,40.07
92.85,2.00,4.00,6.00,8.00,10.00,12.01,14.02,16.01,18.01,20.02,22.02,24.03,26.04,28.04,30.03,32.04,34.06,36.01,38.06,40.11
94.78,1.89,3.78,5.67,7.56,9.45,11.34,13.24,15.11,17.02,18.91,20.81,22.70,24.60,26.51,28.41,30.31,32.23,34.06,36.06,37.87
94.49,1.98,3.96,5.94,7.92,9.90,11.89,13.86,15.85,17.83,19.82,21.80,23.73,25.77,27.76,29.75,31.74,32.73,35.68,37.83,39.64
93.55,1.85,3.70,5.55,7.40,9.25,11.11,12.96,14.81,16.66,18.50,20.37,22.19,24.05,25.90,27.74,29.67,31.46,33.35,35.23,37.12
97.51,2.02,4.04,6.06,8.08,10.10,12.13,14.14,16.16,18.22,20.22,22.25,24.27,26.29,28.32,28.57,32.37,34.39,36.45,38.44,40.49
97.83,1.82,3.64,5.46,7.28,9.10,10.93,12.74,14.57,16.39,18.22,20.04,21.86,23.72,25.50,27.37,29.17,31.02,32.82,34.73,36.47
86.42,1.90,3.80,5.70,7.60,9.50,11.40,13.31,15.21,17.11,19.00,20.93,22.80,24.72,26.58,28.51,30.46,32.31,34.26,36.16,38.06
84.82,1.99,3.98,5.97,7.96,9.95,11.95,13.94,15.93,17.92,19.91,21.91,23.90,25.96,27.89,29.85,31.95,33.89,35.84,37.92,39.89
94.01,2.08,4.16,6.24,8.32,10.41,12.48,14.57,16.65,18.73,20.81,22.91,24.98,27.09,29.17,31.28,33.34,35.47,37.52,39.60,41.67
95.75,2.06,4.12,6.18,8.24,10.30,12.37,14.44,16.49,18.57,20.59,22.68,24.76,26.79,28.89,30.87,33.00,35.08,37.18,39.20,41.47
94.25,1.88,3.76,5.64,7.52,9.40,11.29,13.17,15.05,16.93,18.83,20.70,22.60,24.46,26.39,28.27,30.12,31.99,33.89,35.80,37.67
93.91,1.98,3.96,5.94,7.92,9.90,11.89,13.87,15.87,17.83,19.80,21.80,23.80,25.78,27.74,29.71,31.78,33.70,35.69,37.67,39.68
87.43,2.05,4.10,6.15,8.20,10.25,12.31,14.36,16.40,18.47,20.53,22.58,24.62,26.70,28.74,30.78,32.86,34.92,36.95,39.07,41.11
76.62,1.79,3.58,5.37,7.16,8.96,10.75,12.54,14.33,16.11,17.92,19.69,21.51,23.30,25.09,26.88,28.70,30.50,32.27,34.05,35.88
85.63,2.00,4.00,6.00,8.00,10.00,12.01,14.01,16.03,17.99,20.01,22.00,24.03,26.04,28.04,30.03,32.03,34.10,36.09,38.09,39.98
84.51,1.89,3.78,5.67,7.56,9.45,11.35,13.24,15.13,17.02,18.92,20.78,22.73,24.57,26.51,28.45,30.27,32.18,34.08,36.01,37.90
77.08,1.98,3.96,5.94,7.92,9.90,11.89,13.87,15.85,17.84,19.81,21.79,23.75,25.78,27.76,29.80,31.80,33.77,35.71,37.64,39.75
91.76,2.03,4.06,6.09,8.12,10.15,12.18,14.22,16.25,18.28,20.32,22.36,24.39,26.45,28.45,30.50,32.54,34.57,36.59,38.65,41.00
91.76,1.97,3.94,5.91,7.88,9.86,11.83,13.80,15.77,17.75,19.72,21.70,23.66,25.63,27.61,29.59,31.56,33.53,35.51,37.49,39.44
100.52,2.03,4.06,6.09,8.12,10.15,12.19,14.22,16.25,18.28,20.32,22.35,24.40,26.41,28.46,30.48,32.36,34.59,36.63,38.64,40.73
88.99,1.98,3.96,5.94,7.92,9.90,11.89,13.86,15.85,17.83,19.82,21.80,23.78,25.74,27.76,29.73,31.71,33.71,35.72,37.69,39.60
77.50,2.14,4.28,6.42,8.56,10.70,12.85,14.99,17.12,19.28,21.38,23.54,25.68,27.81,30.00,32.17,34.35,36.47,38.61,40.76,42.91
94.04,1.88,3.76,5.64,7.52,9.40,11.29,13.17,15.06,16.93,18.81,20.70,22.58,24.49,26.36,28.23,30.11,32.03,33.88,35.81,37.70
87.04,1.93,3.86,5.79,7.72,9.65,11.59,13.52,15.45,17.40,19.32,21.26,23.19,25.13,27.05,29.01,30.93,32.87,34.80,36.75,38.71
93.26,1.88,3.76,5.64,7.52,9.40,11.28,13.17,15.05,16.94,18.82,20.70,22.59,24.47,26.34,28.23,30.12,32.01,33.95,35.78,37.67
93.23,1.89,3.78,5.67,7.56,9.45,11.35,13.23,15.13,17.02,18.92,20.79,22.70,24.58,26.49,28.39,30.28,32.23,34.07,35.98,37.89
100.20,2.02,4.04,6.06,8.08,10.10,12.13,14.15,16.17,18.19,20.24,22.24,24.27,26.29,28.32,30.35,32.36,34.41,36.44,38.47,40.49
100.53,2.06,4.12,6.18,8.24,10.31,12.37,14.43,16.49,18.54,20.62,22.66,24.75,26.81,28.89,30.95,33.00,35.16,37.16,39.23,41.45
96.49,2.02,4.04,6.06,8.08,10.11,12.13,14.15,16.17,18.21,20.22,22.25,24.27,26.31,28.31,30.35,32.37,34.42,36.42,38.45,40.48
73.12,1.93,3.86,5.79,7.72,9.66,11.59,13.52,15.45,17.38,19.31,21.21,23.18,25.11,27.06,28.99,30.89,32.86,34.80,36.71,38.72
98.56,2.01,4.02,6.03,8.04,10.05,12.07,14.09,16.09,18.10,20.13,22.10,24.12,26.13,28.16,30.19,32.21,34.24,36.22,38.29,40.30
94.07,2.04,4.08,6.12,8.16,10.20,12.25,14.28,16.33,18.37,20.42,22.46,24.50,26.54,28.62,30.60,32.74,34.73,36.79,38.90,40.99
87.16,1.98,3.96,5.94,7.92,9.90,11.89,13.88,15.85,17.83,19.82,21.80,23.78,25.76,27.76,29.74,31.76,33.72,35.71,37.70,39.68
101.77,1.86,3.72,5.58,7.44,9.30,11.16,13.03,14.89,16.77,18.61,20.48,22.34,24.20,26.07,27.93,29.79,31.67,33.53,35.38,37.28
94.54,2.08,4.16,6.24,8.32,10.40,12.49,14.56,16.65,18.74,20.82,22.90,24.98,27.06,29.15,31.23,33.34,35.43,37.50,39.58,41.66
99.30,2.00,4.00,6.00,8.00,10.00,12.01,14.01,16.01,18.01,20.01,22.02,24.01,26.02,28.04,30.04,32.03,34.03,36.04,38.07,40.10
89.06,1.95,3.90,5.85,7.80,9.75,11.71,13.64,15.61,17.57,19.51,21.47,23.42,25.37,27.29,29.30,31.25,33.20,35.21,37.12,39.08
87.38,1.99,3.98,5.97,7.96,9.95,11.95,13.94,15.94,17.93,19.92,21.92,23.91,25.87,27.90,29.85,31.89,33.91,35.85,37.87,39.97
91.07,1.92,3.84,5.76,7.68,9.61,11.53,13.45,15.37,17.29,19.21,21.13,23.07,24.98,26.91,28.84,30.76,32.63,34.60,36.55,38.49
97.84,2.00,4.00,6.00,8.00,10.01,12.01,14.01,16.00,18.02,20.02,22.02,24.02,26.03,28.03,29.95,32.05,34.05,36.09,38.07,40.04
94.24,2.04,4.08,6.12,7.92,10.20,12.25,14.30,16.33,18.38,20.40,22.52,24.57,26.54,28.57,30.63,32.69,34.64,36.79,38.84,40.93
88.40,1.94,3.88,5.82,7.76,9.70,11.65,13.59,15.54,17.47,19.42,21.36,23.28,25.25,27.19,29.12,31.09,33.04,34.99,36.97,38.93
97.82,1.88,3.76,5.64,7.52,9.40,11.29,13.17,15.04,16.94,18.82,20.70,22.56,24.44,26.36,28.23,30.13,32.01,33.96,35.77,37.76
101.27,1.99,3.98,5.97,7.96,9.95,11.95,13.94,15.93,17.92,19.92,21.92,23.91,25.89,27.91,29.91,31.88,33.92,35.90,37.89,39.93
85.50,1.98,3.96,5.94,7.92,9.90,11.89,13.87,15.85,17.83,19.82,21.80,23.78,25.78,27.75,29.75,31.67,33.77,35.71,37.68,39.69
96.35,2.04,4.08,6.12,8.16,10.20,12.25,14.28,16.33,18.38,20.42,22.50,24.50,26.54,28.60,30.63,32.68,34.74,36.82,38.92,40.88
91.32,1.99,3.98,5.97,7.96,9.96,11.94,13.94,15.93,17.92,19.92,21.91,23.87,25.90,27.93,29.89,30.59,33.92,35.89,37.96,39.92
95.61,2.02,4.04,6.06,8.08,10.10,12.13,14.15,16.17,18.20,20.22,22.24,24.26,26.29,28.32,30.34,32.38,34.42,36.42,38.44,40.51
89.78,2.00,4.00,6.00,8.00,10.01,12.01,14.01,16.03,18.01,20.02,22.03,24.03,26.06,28.05,30.06,32.05,34.01,36.08,38.09,40.10
93.03,2.01,4.02,6.03,8.04,10.05,12.07,14.08,16.09,18.11,20.11,22.11,24.15,26.13,28.17,30.18,32.21,34.21,36.24,38.26,40.29
81.11,1.99,3.98,5.97,7.96,9.95,11.94,13.94,15.94,17.93,19.91,21.91,23.90,25.89,27.90,29.92,31.91,33.88,35.88,37.89,39.87
94.21,2.60,5.20,7.80,10.40,13.01,15.61,18.21,20.83,23.42,26.07,28.63,31.24,33.88,36.46,39.05,41.68,44.30,46.93,49.51,52.19
100.06,1.97,3.94,5.91,7.88,9.85,11.83,13.80,15.79,17.74,19.74,21.69,23.66,25.63,27.65,29.59,31.55,33.52,35.52,37.50,39.48
96.30,1.95,3.90,5.85,7.81,9.75,11.72,13.66,15.61,17.57,19.52,21.46,23.44,25.38,27.31,29.30,31.23,33.26,35.18,37.15,39.07
95.31,1.99,3.98,5.97,7.96,9.95,11.95,13.93,15.93,17.92,19.92,21.95,23.91,25.94,27.89,29.92,31.90,33.93,35.88,37.92,39.86
84.52,2.07,4.14,6.21,8.28,10.36,12.43,14.50,16.57,18.64,20.72,22.77,24.87,26.94,29.01,31.10,33.20,35.26,37.33,39.43,41.54
93.02,2.01,4.02,6.03,8.05,10.05,12.07,14.08,16.10,18.11,20.11,22.12,24.14,26.16,28.16,30.19,32.20,34.23,36.25,38.26,40.27
99.48,2.02,4.04,6.06,8.08,10.10,12.13,14.15,16.17,18.18,20.22,22.24,24.27,26.29,28.31,30.32,32.38,34.44,36.43,38.44,40.48
91.30,2.10,4.20,6.30,8.40,10.51,12.61,14.71,16.82,18.92,21.02,23.10,25.23,27.33,29.44,31.54,33.65,35.78,37.88,39.94,42.10
93.11,2.04,4.08,6.12,8.16,10.20,12.25,14.29,16.33,18.37,20.42,22.49,24.50,26.56,28.59,30.65,32.71,34.76,36.79,38.82,40.88
91.74,1.88,3.76,5.64,7.52,9.40,11.29,13.17,15.06,16.93,18.82,20.70,22.59,24.46,26.35,28.23,30.12,32.03,33.81,35.83,37.68
80.09,2.05,4.10,6.15,8.20,10.25,12.31,14.35,16.41,18.46,20.53,22.58,24.63,26.69,28.74,30.79,32.84,34.91,37.01,38.95,41.17
96.12,1.89,3.78,5.67,7.56,9.45,11.35,13.24,15.14,17.02,18.93,20.81,22.70,24.58,26.49,28.39,30.27,32.17,34.17,36.07,37.83
95.70,2.08,4.16,6.24,8.32,10.40,12.49,14.57,16.66,18.73,20.82,22.90,24.99,27.08,29.15,31.23,33.33,35.46,37.52,39.60,41.70
97.08,1.69,3.38,5.07,6.76,8.45,10.14,11.83,13.53,15.22,16.91,18.60,20.30,21.97,23.68,25.37,27.07,28.77,30.47,32.15,33.88
92.93,2.14,4.28,6.42,8.56,10.71,12.85,14.99,17.13,19.27,21.41,23.56,25.74,27.86,29.99,32.14,34.29,36.52,38.64,40.70,42.90
90.68,2.02,4.04,6.06,8.08,10.10,12.12,14.15,16.17,18.19,20.22,22.24,24.27,26.29,28.32,30.34,32.36,34.39,36.43,38.41,40.48
92.55,1.87,3.74,5.61,7.48,9.36,11.22,13.11,14.97,16.84,18.72,20.58,22.46,24.35,26.22,28.08,29.95,31.84,33.71,35.60,37.45
93.12,1.99,3.98,5.97,7.96,9.95,11.95,13.94,15.93,17.92,19.92,21.91,23.88,25.89,27.87,29.88,31.89,33.87,35.89,37.92,39.85
95.44,1.98,3.96,5.94,7.92,9.90,11.89,13.87,15.85,17.82,19.83,21.82,23.79,25.78,27.76,29.76,31.75,33.71,35.73,37.76,39.70
93.85,1.85,3.70,5.55,7.40,9.25,11.11,12.95,14.81,16.66,18.54,20.37,22.23,24.07,25.92,27.81,29.65,31.50,33.35,35.21,37.05
94.95,1.96,3.92,5.88,7.85,9.80,11.77,13.73,15.69,17.69,19.62,21.59,23.52,25.51,27.43,29.44,31.40,33.39,35.40,37.31,39.26
95.84,2.14,4.28,6.42,8.56,10.71,12.85,14.99,17.13,19.28,21.42,23.57,25.71,27.89,30.00,32.14,34.29,36.46,38.63,40.74,42.91
92.05,1.97,3.94,5.91,7.88,9.85,11.83,13.80,15.78,17.70,19.72,21.69,23.66,25.65,27.61,29.59,31.57,33.54,35.52,37.57,39.53
92.08,1.98,3.96,5.94,7.92,9.91,11.89,13.87,15.84,17.83,19.82,21.80,23.78,25.76,27.77,29.77,31.72,33.71,35.71,37.69,39.67
101.20,2.07,4.14,6.21,8.28,10.35,12.43,14.49,16.57,18.65,20.74,22.79,24.87,26.91,29.04,31.09,33.17,35.30,37.37,39.39,41.49
96.11,2.06,4.12,6.18,8.25,10.31,12.37,14.43,16.48,18.56,20.62,22.69,24.75,26.84,28.87,30.93,33.01,35.06,37.15,39.23,41.30
93.53,1.89,3.78,5.67,7.56,9.45,11.35,13.24,15.13,17.02,18.92,20.80,22.70,24.59,26.50,28.40,30.29,32.17,33.98,35.97,37.89
95.31,2.10,4.20,6.30,8.40,10.51,12.62,14.71,16.81,18.92,21.03,23.14,25.22,27.36,29.44,31.60,31.88,35.80,37.88,40.00,42.08
95.21,1.98,3.96,5.94,7.92,9.91,11.89,13.87,15.85,17.87,19.82,21.80,23.78,25.77,27.75,29.79,31.72,33.70,35.70,37.74,39.75
92.34,1.90,3.80,5.70,7.60,9.50,11.41,13.31,15.21,17.11,19.01,20.92,22.83,24.73,26.64,28.54,30.45,32.34,34.24,36.18,38.08
96.68,2.00,4.00,6.00,8.00,10.00,12.00,14.01,16.02,18.02,20.00,22.02,24.03,26.03,28.03,30.04,32.04,34.06,36.11,38.07,40.07
87.16,2.03,4.06,6.09,8.12,10.15,12.18,14.22,16.24,18.28,20.33,22.35,24.39,26.41,28.44,30.49,32.52,34.56,36.60,38.64,40.72
95.82,1.95,3.90,5.85,7.80,9.76,11.70,13.66,15.60,17.56,19.51,21.47,23.42,25.38,27.30,29.25,31.22,33.20,35.17,37.08,39.08
91.77,2.01,4.02,6.03,8.04,10.06,12.06,14.08,16.10,18.11,20.13,22.14,24.15,26.12,28.19,30.19,32.22,34.23,36.28,38.30,40.29
88.24,1.98,3.96,5.94,7.93,9.90,11.89,13.87,15.86,17.83,19.82,21.81,23.78,25.78,27.69,29.72,31.77,33.70,35.76,37.70,39.78
93.49,2.00,4.00,6.00,8.00,10.00,12.01,14.01,16.01,18.02,20.02,22.00,24.02,26.01,28.04,30.05,32.04,34.04,36.07,38.09,40.08
92.41,1.98,3.96,5.94,7.93,9.90,11.89,13.87,15.85,17.83,19.81,21.80,23.79,25.78,27.76,29.73,31.76,33.71,35.69,37.66,39.65
89.44,1.91,3.82,5.73,7.64,9.56,11.47,13.38,15.29,17.20,19.10,21.03,22.99,24.81,26.78,28.66,30.60,32.54,34.44,36.40,38.28
98.86,2.01,4.02,6.03,8.04,10.06,12.08,14.08,16.09,18.12,20.12,22.12,24.14,26.15,28.16,30.20,32.20,34.20,36.25,38.27,40.30
87.31,2.04,4.08,6.12,8.16,10.20,12.25,14.29,16.33,18.37,20.42,22.46,24.45,26.53,28.59,30.65,32.75,34.74,36.86,38.91,40.98
98.45,2.04,4.08,6.12,8.16,10.21,12.25,14.29,16.34,18.38,20.40,22.46,24.50,26.56,28.59,30.64,32.68,34.75,36.73,38.83,40.91
94.11,1.96,3.92,5.88,7.84,9.80,11.77,13.73,15.68,17.66,19.62,21.58,23.54,25.49,27.48,29.44,31.42,33.38,35.36,37.32,39.26
79.57,2.11,4.22,6.33,8.44,10.56,12.65,14.77,16.91,19.01,21.13,23.23,25.34,27.47,29.60,31.70,33.81,35.95,38.05,40.17,42.30
67.44,1.75,3.50,5.25,7.00,8.75,10.51,12.26,14.01,15.77,17.52,19.27,21.02,22.76,24.53,26.28,28.03,29.81,31.56,33.30,35.07
77.74,1.70,3.40,5.10,6.80,8.50,10.20,11.91,13.61,15.32,17.01,18.72,20.41,22.12,23.82,25.54,27.24,28.95,30.73,32.35,34.06
73.81,1.65,3.30,4.95,6.60,8.25,9.91,11.56,13.21,14.86,16.50,18.17,19.82,21.46,23.13,24.81,26.43,28.14,29.74,31.47,33.06
80.69,1.62,3.24,4.86,6.48,8.10,9.72,11.35,12.97,14.59,16.21,17.83,19.46,21.10,22.71,24.32,25.96,27.60,29.20,30.82,32.46
81.01,1.65,3.30,4.95,6.60,8.25,9.91,11.56,13.21,14.86,16.51,18.16,19.80,21.47,23.13,24.78,26.44,28.10,29.75,31.39,33.06
80.36,1.68,3.36,5.04,6.72,8.40,10.08,11.77,13.44,15.13,16.81,18.50,20.17,21.87,23.56,25.23,26.93,28.59,30.29,31.97,33.65
78.84,1.67,3.34,5.01,6.68,8.35,10.02,11.71,13.37,15.04,16.71,18.38,20.06,21.73,23.42,25.14,26.76,28.45,30.11,31.80,33.45
80.19,1.60,3.20,4.80,6.40,8.00,9.60,11.21,12.81,14.41,16.01,17.63,19.22,20.82,22.45,24.03,25.67,27.25,28.83,30.46,32.04
76.11,1.54,3.08,4.62,6.16,7.70,9.24,10.79,12.33,13.88,15.41,16.95,18.50,20.04,21.58,23.13,24.70,26.20,27.82,29.30,30.89
75.01,1.61,3.22,4.83,6.44,8.05,9.66,11.28,12.89,14.52,16.11,17.72,19.33,20.97,22.56,24.20,25.80,27.42,29.02,30.63,32.25
76.31,1.63,3.26,4.89,6.52,8.15,9.79,11.42,13.05,14.68,16.32,17.95,19.57,21.22,22.84,24.48,26.12,27.73,29.37,31.01,32.68
82.56,1.65,3.30,4.95,6.60,8.25,9.90,11.56,13.21,14.85,16.52,18.17,19.83,21.47,23.13,24.79,26.44,28.10,29.77,31.41,33.06
77.66,1.62,3.24,4.86,6.48,8.11,9.73,11.35,12.98,14.59,16.22,17.84,19.45,21.09,22.71,24.32,25.97,27.59,29.18,30.86,32.41
78.14,1.63,3.26,4.89,6.52,8.16,9.79,11.42,13.05,14.69,16.29,17.95,19.58,21.21,22.84,24.48,26.12,27.75,29.39,31.00,32.65
81.11,1.68,3.36,5.04,6.72,8.40,10.09,11.76,13.45,15.13,16.81,18.50,20.18,21.86,23.55,25.27,26.89,28.61,30.30,31.97,33.65
80.04,1.60,3.20,4.80,6.40,8.00,9.60,11.21,12.80,14.41,16.03,17.62,19.20,20.82,22.44,24.04,25.63,27.25,28.85,30.45,32.05
80.96,1.53,3.06,4.59,6.12,7.65,9.19,10.71,12.25,13.78,15.31,16.84,18.38,19.91,21.44,22.97,24.51,26.05,27.57,29.07,30.64
73.44,1.66,3.32,4.98,6.64,8.30,9.96,11.62,13.30,14.95,16.61,18.28,19.94,21.58,23.25,24.92,26.59,28.27,29.94,31.59,33.28
74.02,1.67,3.34,5.01,6.68,8.35,10.02,11.70,13.37,15.04,16.71,18.39,20.06,21.75,23.41,25.08,26.76,28.44,30.12,31.79,33.47
70.24,1.61,3.22,4.83,6.44,8.05,9.66,11.28,12.88,14.50,16.11,17.73,19.34,20.96,22.58,24.17,25.79,27.42,29.02,30.74,32.23
76.91,1.62,3.24,4.86,6.48,8.10,9.74,11.35,12.97,14.59,16.22,17.84,19.46,21.10,22.73,24.33,25.96,27.61,29.20,30.86,32.46
74.82,1.63,3.26,4.89,6.52,8.15,9.78,11.42,13.06,14.69,16.32,17.96,19.58,21.21,22.86,24.48,26.12,27.75,29.40,31.01,32.66
78.90,1.63,3.26,4.89,6.52,8.15,9.78,11.41,13.05,14.67,16.31,17.94,19.58,21.21,22.84,24.47,26.12,27.74,29.39,31.01,32.66
75.80,1.60,3.20,4.80,6.40,8.00,9.60,11.21,12.80,14.41,16.01,17.61,19.22,20.83,22.43,24.03,25.63,27.28,28.87,30.45,32.05
79.09,1.64,3.28,4.92,6.57,8.20,9.84,11.49,13.13,14.77,16.41,18.06,19.70,21.33,23.03,24.65,26.26,27.98,29.58,31.20,32.85
79.12,1.62,3.24,4.86,6.48,8.10,9.73,11.35,12.97,14.59,16.21,17.83,19.46,21.08,22.71,24.32,25.96,27.58,29.22,30.83,32.45
83.14,1.63,3.26,4.89,6.52,8.15,9.78,11.41,13.05,14.68,16.32,17.95,19.58,21.22,22.85,24.48,26.11,27.75,29.38,30.99,32.68
56.25,1.68,3.36,5.04,6.72,8.40,10.09,11.76,13.45,15.13,16.82,18.50,20.17,21.87,23.55,25.25,26.91,28.64,30.29,31.97,33.65
80.69,1.65,3.30,4.95,6.60,8.26,9.90,11.55,13.21,14.86,16.51,18.16,19.82,21.48,23.14,24.78,26.44,28.09,29.75,31.39,33.02
78.63,1.63,3.26,4.89,6.52,8.15,9.79,11.41,13.05,14.68,16.31,17.94,19.58,21.21,22.86,24.48,26.11,27.75,29.39,31.03,32.67
79.09,1.62,3.24,4.86,6.48,8.10,9.72,11.35,12.97,14.59,16.22,17.83,19.47,21.08,22.73,24.33,25.95,27.59,29.20,30.86,32.47
78.31,1.54,3.08,4.62,6.16,7.71,9.25,10.78,12.33,13.87,15.41,16.98,18.49,20.03,21.57,23.13,24.67,26.23,27.74,29.31,30.84
75.30,1.62,3.24,4.86,6.48,8.10,9.72,11.35,12.96,14.60,16.22,17.83,19.46,21.09,22.71,24.34,25.95,27.62,29.19,30.99,32.40
78.17,1.53,3.06,4.59,6.12,7.65,9.19,10.72,12.25,13.78,15.31,16.84,18.35,19.91,21.49,22.98,24.50,23.41,27.62,29.08,30.61
80.78,1.66,3.32,4.98,6.64,8.30,9.97,11.62,13.29,14.95,16.61,18.27,19.93,21.61,23.28,24.95,26.58,28.29,29.93,31.60,33.28
81.04,1.61,3.22,4.83,6.44,8.05,9.66,11.28,12.88,14.50,16.11,17.73,19.35,20.95,22.55,24.19,25.79,27.44,29.03,30.64,32.25
80.62,1.55,3.10,4.65,6.20,7.75,9.30,10.86,12.41,13.96,15.51,17.06,18.62,20.17,21.71,23.27,24.86,26.39,27.94,29.55,31.04
80.63,1.54,3.08,4.62,6.16,7.70,9.24,10.78,12.31,13.87,15.41,16.95,18.50,20.05,21.59,23.13,24.70,26.22,27.76,29.30,30.84
74.89,1.61,3.22,4.83,6.44,8.05,9.67,11.27,12.89,14.49,16.11,17.74,19.32,20.94,22.58,24.18,25.80,27.41,29.02,30.63,32.24
76.38,1.63,3.26,4.89,6.52,8.15,9.79,11.41,13.05,14.68,16.31,17.95,19.57,21.26,22.86,24.47,26.15,27.75,29.40,31.00,32.64
80.49,1.64,3.28,4.92,6.56,8.20,9.85,11.49,13.13,14.77,16.44,18.05,19.72,21.35,23.02,24.63,26.30,27.97,29.56,31.23,32.89
83.75,1.60,3.20,4.80,6.40,8.00,9.60,11.20,12.81,14.41,16.01,17.61,19.21,20.82,22.43,24.02,25.63,27.22,28.84,30.45,32.08
76.10,1.61,3.22,4.83,6.44,8.05,9.67,11.28,12.89,14.49,16.11,17.72,19.34,20.95,22.57,24.18,25.79,27.43,29.01,30.65,32.22
82.48,1.64,3.28,4.92,6.56,8.20,9.84,11.49,13.13,14.76,16.42,18.05,19.70,21.34,22.99,24.64,26.27,27.95,29.58,31.17,32.87
78.64,1.62,3.24,4.86,6.48,8.10,9.72,11.34,12.97,14.58,16.21,17.84,19.45,21.05,22.73,24.33,25.95,27.59,29.19,30.80,32.50
79.31,1.53,3.06,4.59,6.12,7.65,9.18,10.72,12.24,13.78,15.33,16.84,18.39,19.91,21.45,22.99,24.52,26.08,27.58,29.13,30.64
82.30,1.63,3.26,4.89,6.52,8.15,9.78,11.42,13.05,14.68,16.31,17.94,19.59,21.20,22.86,24.48,26.12,27.74,29.39,31.02,32.66
70.53,1.61,3.23,4.83,6.44,8.05,9.67,11.27,12.89,14.49,16.11,17.73,19.32,20.95,22.57,24.18,25.79,27.41,29.03,30.63,32.24
81.19,1.57,3.14,4.71,6.28,7.86,9.42,11.00,12.57,14.14,15.73,17.29,18.83,20.43,22.01,23.58,25.14,26.72,28.31,29.87,31.45
77.06,1.61,3.22,4.83,6.44,8.06,9.66,11.28,12.89,14.53,16.11,17.72,19.33,20.94,22.57,24.19,25.80,27.45,29.03,30.62,32.24
78.42,1.67,3.34,5.01,6.68,8.36,10.03,11.70,13.37,15.03,16.71,18.38,20.05,21.74,23.39,25.08,26.77,28.43,30.10,31.81,33.45
83.45,1.62,3.24,4.86,6.48,8.10,9.73,11.35,12.97,14.59,16.21,17.84,19.46,21.09,22.71,24.33,25.97,27.59,29.20,30.81,32.46
79.91,1.64,3.28,4.92,6.56,8.20,9.85,11.48,13.14,14.76,16.42,18.06,19.69,21.34,22.99,24.65,26.27,27.93,29.56,31.23,32.86
72.00,1.60,3.20,4.80,6.40,8.00,9.61,11.21,12.81,14.41,16.02,17.61,19.23,20.82,22.46,24.03,25.64,27.24,28.91,30.46,32.16
81.38,1.69,3.38,5.07,6.76,8.45,10.14,11.84,13.53,15.22,16.93,18.61,20.30,21.99,23.69,25.40,27.09,28.77,30.47,32.22,33.86
81.96,1.66,3.32,4.98,6.64,8.30,9.96,11.63,13.29,14.95,16.61,18.28,19.93,21.60,23.26,24.92,26.59,28.26,29.94,31.59,33.24
72.58,1.62,3.24,4.86,6.48,8.11,9.72,11.35,12.97,14.59,15.90,17.84,19.45,21.08,22.70,24.33,25.96,27.59,29.21,30.80,32.46
71.24,1.62,3.24,4.86,6.48,8.10,9.72,11.34,12.97,14.59,16.21,17.84,19.45,21.09,22.72,24.33,25.99,27.59,29.18,30.82,32.45
78.73,1.67,3.34,5.01,6.68,8.35,10.02,11.69,13.37,15.04,16.73,18.39,20.06,21.73,23.45,25.09,26.77,28.44,30.14,31.77,33.49
80.24,1.55,3.10,4.65,6.20,7.75,9.30,10.86,12.41,13.96,15.51,17.06,18.62,20.17,21.72,23.27,24.83,26.39,27.93,29.52,31.06
77.24,1.65,3.30,4.95,6.60,8.25,9.90,11.55,13.21,14.86,16.51,18.19,19.82,21.47,23.13,24.78,26.44,28.09,29.76,31.40,33.10
73.83,1.65,3.30,4.95,6.60,8.25,9.91,11.55,13.21,14.86,16.51,18.17,19.81,21.47,23.12,24.77,26.43,28.10,29.75,31.42,33.06
79.25,1.57,3.14,4.71,6.28,7.85,9.43,11.00,12.57,14.14,15.71,17.28,18.86,20.44,22.00,23.56,25.15,26.72,28.35,29.91,31.44
72.65,1.68,3.36,5.04,6.72,8.40,10.08,11.77,13.44,15.13,16.81,18.49,20.18,21.88,23.55,25.23,26.95,28.62,30.30,31.97,33.65
65.60,1.69,3.38,5.07,6.76,8.45,10.15,11.83,13.53,15.22,16.91,18.60,20.30,22.00,23.70,25.39,27.12,28.77,30.47,32.16,33.86
77.65,1.55,3.10,4.65,6.20,7.75,9.30,10.85,12.40,13.96,15.51,17.08,18.62,20.18,21.72,23.28,24.83,26.39,27.94,29.49,31.05
84.11,1.62,3.24,4.86,6.48,8.10,9.73,11.35,12.97,14.60,16.21,17.84,19.45,21.09,22.70,24.33,25.95,27.58,29.20,30.82,32.42
75.78,1.61,3.22,4.83,6.44,8.05,9.66,11.28,12.89,14.51,16.11,17.72,19.34,20.95,22.56,24.20,25.87,27.43,29.05,30.64,32.27
80.68,1.62,3.24,4.86,6.48,8.10,9.72,11.34,12.96,14.59,16.20,17.84,19.46,21.07,22.72,24.33,25.95,27.62,29.20,30.81,32.47
81.37,1.64,3.27,4.92,6.56,8.21,9.85,11.49,13.14,14.78,16.40,18.05,19.70,21.36,22.98,24.65,26.27,27.96,29.57,31.26,32.87
78.21,1.57,3.14,4.71,6.28,7.85,9.42,10.99,12.57,14.14,15.70,17.27,18.85,20.43,22.02,23.59,25.15,26.75,28.29,29.87,31.46
83.08,1.68,3.36,5.04,6.72,8.40,10.09,11.77,13.44,15.13,16.81,18.49,20.18,21.87,23.54,25.25,26.90,28.62,30.31,31.98,33.65
73.86,1.58,3.16,4.74,6.32,7.90,9.48,11.07,12.65,14.23,15.81,17.39,18.98,20.56,22.16,23.73,25.32,26.90,28.49,30.06,31.61
78.82,1.64,3.28,4.92,6.56,8.20,9.85,11.49,13.13,14.77,16.41,18.05,19.70,21.34,22.98,24.62,26.27,27.92,29.56,31.27,32.89
77.24,1.57,3.14,4.71,6.28,7.85,9.43,11.01,12.57,14.15,15.72,17.28,18.86,20.45,22.00,23.58,25.15,26.72,28.27,29.87,31.46
81.54,1.59,3.18,4.77,6.36,7.95,9.55,11.14,12.73,14.32,15.91,17.50,19.09,20.69,22.29,23.89,25.49,27.05,28.66,30.25,31.84
78.19,1.60,3.20,4.80,6.40,8.00,9.60,11.21,12.81,14.41,16.01,17.63,19.21,20.83,22.43,24.02,25.63,27.25,28.82,30.46,32.08
75.47,1.61,3.22,4.83,6.44,8.05,9.66,11.27,12.89,14.50,16.12,17.73,19.34,20.92,22.56,24.18,25.79,27.41,29.02,30.63,32.25
81.10,1.62,3.24,4.86,6.48,8.10,9.73,11.35,12.97,14.59,16.21,17.84,19.46,21.10,22.71,24.35,25.97,27.58,29.19,30.79,32.41
77.21,1.65,3.30,4.95,6.60,8.25,9.90,11.55,13.21,14.86,16.52,18.16,19.79,21.48,23.13,24.80,26.45,28.09,29.77,31.40,33.09
77.52,1.65,3.30,4.95,6.60,8.25,9.91,11.55,13.21,14.86,16.52,18.17,19.83,21.47,23.14,24.79,26.44,28.09,29.74,31.39,33.06
80.01,1.67,3.34,5.01,6.68,8.35,10.02,11.70,13.37,15.04,16.71,18.38,20.06,21.73,23.45,25.08,26.79,28.44,30.18,31.80,33.46
81.47,1.70,3.40,5.10,6.80,8.50,10.20,11.90,13.60,15.31,17.01,18.71,20.42,22.13,23.83,25.54,27.24,28.94,30.65,32.39,34.05
84.23,1.55,3.10,4.65,6.20,7.76,9.30,10.85,12.41,13.96,15.52,17.06,18.61,20.19,21.73,23.29,24.83,26.39,27.92,29.51,31.08
82.67,1.55,3.10,4.65,6.20,7.76,9.31,10.85,12.41,13.96,15.52,17.03,18.61,20.18,21.72,23.32,24.84,26.40,27.95,29.53,31.06
76.73,1.61,3.22,4.83,6.44,8.05,9.67,11.27,12.89,14.49,16.13,17.73,19.37,20.93,22.59,24.18,25.79,27.51,29.06,30.69,32.27
77.81,1.64,3.28,4.92,6.57,8.20,9.85,11.49,13.13,14.78,16.42,18.08,19.70,21.40,23.03,24.71,26.27,27.94,29.57,31.20,32.85
79.38,1.62,3.24,4.86,6.48,8.10,9.73,11.34,12.97,14.58,16.22,17.83,19.47,21.09,22.71,24.33,25.93,27.60,29.20,30.82,32.45
80.00,1.55,3.10,4.65,6.20,7.75,9.30,10.86,12.41,13.96,15.52,17.07,18.62,20.17,21.72,23.28,24.83,26.39,27.94,29.49,31.08
80.71,1.60,3.20,4.80,6.40,8.00,9.60,11.21,12.81,14.39,16.01,17.61,19.22,20.82,22.43,24.03,25.63,27.23,28.87,30.45,32.02
84.34,1.63,3.26,4.89,6.52,8.15,9.78,11.42,13.04,14.68,16.31,17.94,19.57,21.21,22.85,24.48,26.12,27.76,29.39,30.99,32.68
83.74,1.63,3.26,4.89,6.52,8.15,9.78,11.42,13.05,14.68,16.32,17.95,19.58,21.24,22.86,24.47,26.12,27.76,29.37,31.03,32.68
80.64,1.66,3.32,4.98,6.64,8.30,9.97,11.63,13.29,14.95,16.61,18.29,19.95,21.60,23.26,24.93,26.60,28.29,29.92,31.58,33.26
80.08,1.55,3.10,4.65,6.20,7.75,9.30,10.86,12.40,13.96,15.52,17.06,18.61,20.17,21.73,23.26,24.85,26.40,27.93,29.52,31.11
80.66,1.55,3.10,4.65,6.20,7.75,9.30,10.85,12.41,13.95,15.51,17.06,18.62,20.15,21.73,23.26,24.84,26.38,27.94,29.50,31.06
83.43,1.71,3.42,5.13,6.84,8.55,10.27,11.98,13.69,15.40,17.11,18.82,20.54,22.25,23.96,25.68,27.40,29.11,30.82,32.54,34.27
81.14,1.61,3.22,4.83,6.44,8.05,9.66,11.27,12.90,14.50,16.11,17.73,19.34,20.95,22.58,24.15,25.77,27.41,29.03,30.65,32.24
81.04,1.65,3.30,4.95,6.60,8.25,9.91,11.55,13.22,14.86,16.52,18.17,19.22,21.47,23.13,24.78,26.48,28.10,29.81,31.40,33.01
81.27,1.62,3.24,4.86,6.48,8.10,9.73,11.35,12.97,14.59,16.22,17.84,19.46,21.09,22.70,24.32,25.95,27.58,29.19,30.83,32.45
74.68,1.67,3.34,5.01,6.68,8.36,10.02,11.70,13.37,15.04,16.72,18.39,20.06,21.73,23.42,25.09,26.75,28.44,30.13,31.77,33.45
66.24,1.39,2.78,4.17,5.56,6.95,8.34,9.73,11.15,12.52,13.91,15.30,16.72,18.08,19.48,20.87,22.26,23.66,25.04,26.46,27.82
71.22,1.53,3.06,4.59,6.12,7.65,9.19,10.72,12.26,13.78,15.32,16.84,18.38,19.91,21.44,22.98,24.51,26.04,27.59,29.12,30.66
68.42,1.31,2.62,3.93,5.24,6.55,7.86,9.17,10.49,11.80,13.11,14.42,15.75,17.05,18.37,19.67,20.98,22.30,23.61,24.93,26.23
63.53,1.34,2.68,4.02,5.36,6.70,8.04,9.38,10.73,12.07,13.40,14.75,16.09,17.44,18.78,20.11,21.47,22.80,24.15,25.49,26.83
67.93,1.37,2.74,4.11,5.48,6.85,8.22,9.59,10.97,12.34,13.71,15.08,16.46,17.83,19.21,20.57,21.95,23.32,24.69,26.06,27.47
68.01,1.35,2.70,4.05,5.40,6.75,8.10,9.46,10.81,12.16,13.51,14.86,16.20,17.57,18.92,20.27,21.64,22.99,24.33,25.69,27.06
49.03,1.11,2.22,3.33,4.44,5.55,6.66,7.77,8.88,9.99,11.11,12.22,13.33,14.44,15.55,16.66,17.77,18.89,20.01,21.12,22.22
68.79,1.39,2.78,4.17,5.56,6.95,8.34,9.74,11.13,12.52,13.91,15.31,16.70,18.08,19.48,20.89,22.27,23.68,25.02,26.45,27.85
68.71,1.42,2.84,4.26,5.68,7.10,8.52,9.95,11.37,12.79,14.21,15.63,17.05,18.48,19.92,21.33,22.74,24.19,25.59,27.01,28.44
68.98,1.41,2.82,4.23,5.64,7.05,8.46,9.87,11.29,12.70,14.11,15.54,16.93,18.37,19.76,21.18,22.59,24.00,25.41,26.86,28.25
69.52,1.32,2.64,3.96,5.28,6.60,7.92,9.25,10.56,11.89,13.21,14.54,15.85,17.19,18.50,19.82,21.14,22.54,23.78,25.09,26.44
67.40,1.38,2.76,4.14,5.52,6.90,8.28,9.68,11.05,12.43,13.80,15.19,16.57,17.96,19.34,20.72,22.11,23.48,24.88,26.27,27.64
69.25,1.35,2.70,4.05,5.40,6.75,8.10,9.45,10.81,12.16,13.51,14.86,16.22,17.56,18.92,20.27,21.62,22.98,24.35,25.67,27.06
69.13,1.41,2.82,4.23,5.64,7.05,8.46,9.87,11.29,12.70,14.11,15.53,16.93,18.35,19.76,21.17,22.59,24.00,25.43,26.83,28.23
61.06,1.34,2.68,4.02,5.36,6.70,8.04,9.38,10.73,12.07,13.41,14.76,16.09,17.47,18.78,20.12,21.47,22.80,24.15,25.57,26.83
67.37,1.36,2.72,4.08,5.44,6.80,8.16,9.53,10.89,12.25,13.61,14.97,16.33,17.69,19.06,20.42,21.83,23.19,24.51,25.88,27.24
68.44,1.36,2.72,4.08,5.44,6.80,8.16,9.52,10.89,12.25,13.61,14.97,16.34,17.69,19.06,20.43,21.77,23.16,24.51,25.87,27.25
68.10,1.37,2.74,4.11,5.47,6.85,8.22,9.60,10.97,12.34,13.71,15.08,16.45,17.83,19.21,20.58,21.95,23.32,24.70,26.07,27.43
65.12,1.37,2.74,4.11,5.49,6.85,8.22,9.60,10.97,12.34,13.71,15.08,16.44,17.83,19.21,20.57,21.95,23.30,24.72,26.06,27.44
61.89,1.32,2.64,3.96,5.28,6.60,7.92,9.24,10.56,11.87,13.21,14.55,15.86,17.17,18.49,19.82,21.19,22.47,23.80,25.10,26.41
71.43,1.39,2.78,4.17,5.56,6.95,8.34,9.74,11.13,12.52,13.91,15.30,16.70,18.09,19.51,20.89,22.26,23.69,25.06,26.48,27.83
68.88,1.42,2.84,4.26,5.68,7.10,8.52,9.95,11.37,12.79,14.20,15.63,17.05,18.48,19.90,21.32,22.74,24.20,25.59,27.04,28.43
51.55,1.18,2.36,3.54,4.72,5.90,7.08,8.27,9.45,10.63,11.81,12.99,14.18,15.35,16.54,17.71,18.95,20.07,21.28,22.45,23.64
67.99,1.39,2.78,4.17,5.56,6.95,8.34,9.74,11.13,12.52,13.91,15.30,16.70,18.09,19.48,20.87,22.27,23.66,25.04,26.46,27.87
61.49,1.33,2.66,3.99,5.32,6.65,7.98,9.31,10.65,11.98,13.33,14.64,15.97,17.30,18.64,19.97,21.31,22.64,24.00,25.30,26.65
68.86,1.35,2.70,4.05,5.40,6.75,8.11,9.46,10.80,12.16,13.51,14.86,16.20,17.57,18.93,20.28,21.65,22.97,24.33,25.69,27.03
59.65,1.40,2.80,4.20,5.60,7.00,8.40,9.81,11.21,12.61,14.01,15.41,16.80,18.22,19.62,21.02,22.44,23.83,25.25,26.64,28.04
70.29,1.40,2.80,4.20,5.60,7.01,8.40,9.81,11.21,12.61,14.01,15.41,16.82,18.24,19.62,21.02,22.43,23.82,25.24,26.63,28.03
66.31,1.51,3.02,4.53,6.04,7.55,9.06,10.58,12.09,13.60,15.12,16.62,18.13,19.66,21.16,22.69,24.19,25.70,27.22,28.74,30.25
69.10,1.47,2.94,4.41,5.88,7.35,8.82,10.30,11.77,13.24,14.71,16.18,17.65,19.13,20.62,22.07,23.55,25.02,26.49,27.97,29.45
68.73,1.44,2.88,4.32,5.76,7.20,8.64,10.07,11.53,12.97,14.41,15.86,17.29,18.74,20.18,21.62,23.06,24.47,25.95,27.42,28.84
67.20,1.37,2.74,4.11,5.48,6.85,8.22,9.59,10.97,12.33,13.71,15.08,16.45,17.83,19.20,20.57,21.94,23.32,24.69,26.05,27.43
72.39,1.44,2.88,4.32,5.76,7.20,8.64,10.09,11.53,12.97,14.42,15.85,17.30,18.75,20.17,21.62,23.08,24.51,25.95,27.37,28.86
71.48,1.36,2.72,4.08,5.44,6.80,8.16,9.53,10.89,12.25,13.62,14.98,16.33,17.71,19.06,20.42,21.78,23.17,24.50,25.92,27.24
66.22,1.45,2.90,4.35,5.80,7.25,8.71,10.15,11.61,13.06,14.51,15.97,17.42,18.87,20.32,21.77,23.22,24.68,26.13,27.61,29.04
66.17,1.33,2.66,3.99,5.32,6.65,7.98,9.31,10.65,11.98,13.31,14.65,15.97,17.32,18.64,19.98,21.32,22.68,23.95,25.30,26.63
69.06,1.38,2.76,4.14,5.52,6.90,8.28,9.66,11.05,12.44,13.81,15.19,16.59,17.96,19.34,20.71,22.10,23.48,24.88,26.25,27.63
69.03,1.36,2.72,4.08,5.44,6.80,8.16,9.53,10.89,12.25,13.61,14.97,16.35,17.70,19.07,20.42,21.79,23.16,24.51,25.87,27.25
70.51,1.44,2.88,4.32,5.76,7.20,8.64,10.09,11.53,12.97,14.41,15.85,17.29,18.74,20.18,21.62,23.07,24.51,26.00,27.37,28.85
70.27,1.41,2.82,4.23,5.64,7.05,8.46,9.88,11.29,12.69,14.11,15.53,16.94,18.35,19.75,21.18,22.63,23.98,25.43,26.78,28.24
68.68,1.39,2.78,4.17,5.56,6.95,8.35,9.73,11.13,12.52,13.92,15.31,16.70,18.09,19.48,20.87,22.27,23.69,25.05,26.46,27.83
69.93,1.43,2.86,4.29,5.72,7.15,8.58,10.02,11.45,12.87,14.32,15.74,17.17,18.61,20.05,21.49,22.90,24.33,25.78,27.18,28.64
70.25,1.33,2.66,3.99,5.32,6.65,7.98,9.31,10.65,11.98,13.31,14.65,15.97,17.31,18.65,19.97,21.30,22.65,23.97,25.30,26.64
60.79,1.23,2.46,3.69,4.92,6.15,7.38,8.61,9.84,11.08,12.31,13.54,14.77,16.00,17.24,18.47,19.70,20.92,22.17,23.40,24.63
69.14,1.35,2.70,4.05,5.40,6.75,8.10,9.45,10.81,12.16,13.51,14.86,16.21,17.56,18.92,20.27,21.62,22.98,24.36,25.69,27.03
65.06,1.29,2.58,3.87,5.16,6.45,7.74,9.03,10.32,11.62,12.92,14.20,15.50,16.78,18.08,19.37,20.66,21.97,23.25,24.54,25.83
66.23,1.32,2.64,3.96,5.28,6.60,7.92,9.25,10.57,11.89,13.21,14.54,15.85,17.17,18.50,19.82,21.14,22.46,23.80,25.12,26.44
69.13,1.39,2.78,4.17,5.56,6.95,8.35,9.74,11.13,12.52,13.91,15.30,16.69,18.09,19.48,20.87,22.26,23.66,25.05,26.44,27.92
67.03,1.38,2.76,4.14,5.52,6.91,8.29,9.67,11.05,12.43,13.81,15.19,16.57,17.96,19.34,20.72,22.11,23.48,24.87,26.25,27.63
67.40,1.36,2.72,4.08,5.44,6.80,8.16,9.53,10.89,12.25,13.61,15.80,16.33,17.70,19.05,20.42,21.79,23.15,24.51,25.88,27.23
69.15,1.38,2.76,4.14,5.52,6.90,8.28,9.67,11.05,12.43,13.81,15.19,16.57,17.96,19.34,20.73,22.10,23.49,24.89,26.28,27.63
65.37,1.34,2.68,4.02,5.36,6.70,8.04,9.38,10.73,12.07,13.41,14.75,16.09,17.42,18.78,20.11,21.48,22.81,24.16,25.49,26.86
69.14,1.39,2.78,4.17,5.56,6.95,8.34,9.74,11.13,12.52,13.91,15.30,16.69,18.09,19.48,20.86,22.28,23.66,25.05,26.46,27.86
69.47,1.52,3.04,4.56,6.08,7.60,9.13,10.65,12.17,13.69,15.21,16.73,18.28,19.79,21.33,22.82,24.35,25.85,27.42,28.90,30.48
68.08,1.31,2.62,3.93,5.24,6.55,7.86,9.17,10.49,11.80,13.11,14.42,15.73,17.04,18.36,19.67,21.00,22.29,23.61,24.95,26.23
54.33,1.32,2.64,3.96,5.28,6.58,7.92,9.25,10.57,11.89,13.21,14.54,15.85,17.18,18.50,19.82,21.14,22.47,23.79,25.13,26.44
69.62,1.41,2.82,4.23,5.64,7.05,8.46,9.88,11.29,12.69,14.11,15.52,16.93,18.34,19.75,21.17,22.55,24.03,25.41,26.86,28.24
70.50,1.33,2.66,3.99,5.32,6.65,7.98,9.31,10.64,11.98,13.31,14.64,15.97,17.30,18.64,19.97,21.30,22.63,23.96,25.30,26.65
67.33,1.38,2.76,4.14,5.52,6.90,8.28,9.67,11.05,12.43,13.81,15.20,16.57,17.96,19.34,20.74,22.10,23.49,24.88,26.30,27.60
67.48,1.38,2.76,4.14,5.52,6.90,8.28,9.67,11.04,12.43,13.81,15.20,16.57,17.95,19.34,20.72,22.11,23.49,24.89,26.24,27.65
64.66,1.29,2.58,3.87,5.16,6.45,7.74,9.04,10.33,11.62,12.91,14.20,15.49,16.78,18.08,19.37,20.66,21.95,23.25,24.54,25.84
64.01,1.36,2.72,4.08,5.44,6.80,8.16,9.52,10.89,12.25,13.61,14.97,16.33,17.69,19.06,20.43,21.79,23.14,24.51,25.88,27.25
69.24,1.38,2.76,4.14,5.52,6.90,8.28,9.66,11.04,12.43,13.82,15.20,16.58,17.96,19.34,20.72,22.09,23.02,24.87,26.25,27.66
67.09,1.40,2.80,4.20,5.60,7.00,8.41,9.81,11.21,12.61,14.00,15.42,16.81,18.22,19.62,21.02,22.43,23.83,25.23,26.63,28.04
69.37,1.38,2.76,4.14,5.52,6.90,8.28,9.66,11.05,12.43,13.81,15.19,16.57,17.98,19.34,20.73,22.11,23.48,24.87,26.26,27.90
68.55,1.38,2.76,4.14,5.52,6.90,8.29,9.67,11.05,12.43,13.83,15.19,16.57,17.96,19.34,20.73,22.12,23.47,24.93,26.25,27.64
68.11,1.32,2.64,3.96,5.28,6.60,7.92,9.24,10.56,11.89,13.21,14.53,15.85,17.17,18.49,19.82,21.14,22.51,23.78,25.11,26.43
70.52,1.38,2.76,4.14,5.52,6.90,8.29,9.66,11.05,12.43,13.81,15.19,16.57,17.96,19.34,20.72,22.10,23.47,24.88,26.25,27.64
68.32,1.33,2.66,3.99,5.32,6.65,7.98,9.32,10.64,11.98,13.31,14.65,15.97,17.31,18.64,20.02,21.33,22.65,23.94,25.30,26.66
64.45,1.33,2.66,3.99,5.32,6.65,7.98,9.31,10.65,11.98,13.31,14.64,15.97,17.31,18.64,19.97,21.30,22.63,24.00,25.30,26.64
66.17,1.34,2.68,4.02,5.36,6.70,8.04,9.39,10.73,12.07,13.41,14.75,16.09,17.44,18.78,20.14,21.46,22.81,24.13,25.52,26.86
72.09,1.43,2.86,4.29,5.72,7.15,8.58,10.02,11.45,12.88,14.31,15.75,17.17,18.61,20.08,21.46,22.94,24.35,25.80,27.20,28.63
66.38,1.38,2.76,4.14,5.52,6.90,8.28,9.66,11.04,12.43,13.80,15.19,16.57,17.96,19.34,20.72,22.10,23.48,24.89,26.26,27.61
70.44,1.39,2.78,4.17,5.56,6.95,8.35,9.73,11.13,12.52,13.91,15.30,16.69,18.11,19.47,20.88,22.26,23.66,25.06,26.46,27.84
68.37,1.36,2.72,4.08,5.44,6.80,8.16,9.52,10.89,12.25,13.61,14.97,16.33,17.69,19.08,20.42,21.78,23.17,24.52,25.86,27.24
65.33,1.42,2.84,4.26,5.68,7.10,8.52,9.94,11.37,12.79,14.21,15.64,17.06,18.48,19.90,21.32,22.74,24.17,25.59,27.01,28.44
68.37,1.28,2.56,3.84,5.12,6.40,7.68,8.96,10.25,11.53,12.81,14.09,15.37,16.66,17.94,19.22,20.50,21.77,23.07,24.37,25.63
71.53,1.42,2.84,4.26,5.68,7.10,8.52,9.95,11.37,12.79,14.21,15.64,17.07,18.48,19.91,21.32,22.75,24.17,25.60,27.05,28.44
70.18,1.35,2.70,4.05,5.40,6.75,8.10,9.46,10.81,12.16,13.51,14.86,16.20,17.56,18.92,20.27,21.62,22.97,24.33,25.68,27.03
68.08,1.38,2.76,4.14,5.52,6.90,8.28,9.66,11.05,12.43,13.81,15.20,16.57,17.97,19.33,20.76,22.13,23.49,24.87,26.32,27.67
69.57,1.40,2.80,4.20,5.60,7.00,8.40,9.80,11.21,12.61,14.01,15.41,16.81,18.21,19.63,21.03,22.43,23.82,25.22,26.63,28.09
59.65,1.40,2.80,4.20,5.60,7.00,8.40,9.80,11.21,12.61,14.01,15.42,16.82,18.22,19.62,21.02,22.42,23.86,25.22,26.63,28.06
67.61,1.40,2.80,4.20,5.60,7.00,8.40,9.81,11.21,12.61,14.02,15.41,16.81,18.22,19.62,21.02,22.43,23.83,25.23,26.66,28.03
69.56,1.40,2.80,4.20,5.60,7.00,8.40,9.81,11.21,12.61,14.01,15.41,16.81,18.22,19.62,21.02,22.46,23.83,25.26,26.63,28.11
66.70,1.39,2.78,4.17,5.56,6.95,8.34,9.73,11.13,12.52,13.91,15.30,16.69,18.09,19.48,20.87,22.26,23.66,25.09,26.45,27.83
71.18,1.39,2.78,4.17,5.56,6.95,8.34,9.74,11.12,12.52,13.91,15.30,16.69,18.09,19.48,20.90,22.28,23.47,25.06,26.48,27.85
66.68,1.39,2.78,4.17,5.56,6.95,8.34,9.74,11.13,12.52,13.91,15.30,16.69,18.08,19.48,20.87,22.27,23.66,25.06,26.45,27.87
71.09,1.41,2.82,4.23,5.64,7.05,8.46,9.87,11.29,12.70,14.11,15.52,16.94,18.35,19.77,21.17,22.59,24.00,25.43,26.83,28.21
67.84,1.39,2.78,4.17,5.56,6.95,8.34,9.73,11.13,12.52,13.91,15.30,16.69,18.11,19.47,20.89,22.30,23.68,25.05,26.48,27.91
68.19,1.32,2.64,3.96,5.28,6.60,7.92,9.24,10.57,11.89,13.21,14.53,15.85,17.17,18.49,19.81,21.14,22.47,23.82,25.12,26.44
67.63,1.40,2.80,4.20,5.60,7.00,8.40,9.81,11.21,12.61,14.01,15.41,16.82,18.21,19.64,21.02,22.39,23.84,25.22,26.64,28.02
69.05,1.43,2.86,4.29,5.72,7.15,8.58,10.02,11.45,12.88,14.31,15.74,17.19,18.59,20.04,21.49,22.90,24.33,25.78,27.21,28.64
66.80,1.49,2.98,4.47,5.96,7.45,8.94,10.44,11.93,13.42,14.91,16.40,17.89,19.39,20.88,22.37,23.86,25.39,26.83,28.35,29.85
67.09,1.31,2.62,3.93,5.24,6.56,7.87,9.17,10.48,11.80,13.11,14.42,15.72,17.04,18.34,19.67,20.98,22.29,23.60,24.89,26.23
68.21,1.36,2.72,4.08,5.44,6.80,8.16,9.53,10.88,12.25,13.61,14.96,16.34,17.70,19.06,20.42,21.79,23.16,24.52,25.91,27.22
66.00,1.38,2.76,4.14,5.52,6.90,8.28,9.67,11.04,12.43,13.81,15.19,16.58,17.95,19.33,20.71,22.13,23.51,24.87,26.24,27.64
69.56,1.45,2.90,4.35,5.80,7.25,8.70,10.16,11.61,13.06,14.51,15.96,17.42,18.86,20.33,21.78,23.23,24.70,26.13,27.63,29.04
66.64,1.35,2.70,4.05,5.40,6.75,8.10,9.46,10.81,12.16,13.51,14.86,16.22,17.32,18.92,20.27,21.62,23.00,24.35,25.69,27.03
70.66,1.42,2.84,4.26,5.68,7.10,8.52,9.94,11.37,12.79,14.21,15.63,17.05,18.48,19.89,21.30,22.74,24.20,25.59,27.02,28.44
68.72,1.39,2.78,4.17,5.56,6.95,8.34,9.74,11.13,12.52,13.91,15.29,16.69,18.08,19.48,20.87,22.26,23.66,25.05,26.45,27.84
