68.98,3.48,6.90,10.58,13.82,17.27,20.76,24.18,27.63,31.11,34.45,37.87,41.25,44.38,46.10,47.87,49.46,86.85,52.30,53.49,54.64
73.51,3.69,7.45,11.04,14.73,18.42,22.43,25.78,29.54,33.17,36.86,40.58,57.91,48.13,77.83,55.38,58.87,67.95,66.29,68.97,69.91
70.90,3.58,7.23,10.62,14.17,17.74,21.29,24.80,28.38,31.95,35.59,39.20,42.41,47.81,46.74,48.36,62.29,51.48,52.86,54.32,55.34
60.98,3.12,6.10,9.15,12.21,15.25,18.30,20.67,22.88,25.06,27.03,29.00,30.70,32.43,34.13,40.81,36.70,38.41,39.60,40.92,42.27
76.57,3.84,7.66,11.50,15.33,19.16,23.03,26.80,30.66,34.52,38.39,42.33,45.85,49.64,53.65,78.79,61.52,78.83,69.01,69.97,71.05
74.66,3.74,7.46,11.20,14.93,18.69,22.39,26.18,29.88,33.63,60.56,41.08,44.81,78.74,60.96,55.77,59.67,49.04,67.17,74.04,70.64
67.07,3.38,6.90,10.05,13.41,16.78,20.11,27.96,26.83,30.12,33.56,36.86,40.19,43.52,45.48,47.09,48.66,50.18,51.74,52.87,54.03
68.83,3.48,6.88,10.33,13.76,17.18,20.64,24.16,27.63,31.01,34.55,44.29,41.40,44.44,46.40,47.95,49.40,50.84,52.05,53.40,54.63
58.00,2.96,5.81,8.70,11.60,14.51,17.38,19.88,21.83,23.87,25.98,27.91,29.66,31.27,32.64,34.09,35.64,36.97,36.83,39.95,41.17
55.43,2.83,5.54,8.31,11.09,13.88,16.63,19.20,21.31,23.30,25.25,27.34,28.72,30.30,31.90,33.41,34.85,36.11,37.58,38.68,40.19
73.24,3.67,7.32,11.09,14.64,18.33,21.98,25.72,29.31,32.97,36.64,40.40,44.10,47.70,49.88,78.40,58.87,105.14,66.28,70.46,70.71
73.33,3.68,7.61,11.00,14.70,22.00,21.99,25.72,29.44,33.06,36.72,40.34,44.24,47.88,51.50,55.20,58.73,62.92,66.24,69.20,70.66
83.91,4.21,8.41,12.62,16.79,21.02,25.25,29.50,33.74,37.86,42.03,46.51,50.50,50.72,58.93,44.55,67.82,70.02,115.19,72.05,80.82
76.96,3.86,7.70,11.56,15.41,19.26,23.14,27.00,30.73,34.68,38.65,42.49,46.29,50.24,54.20,57.91,61.86,65.69,69.35,70.77,71.60
78.22,3.91,7.82,12.24,15.65,19.57,23.52,27.40,31.29,35.20,39.14,42.99,47.14,50.92,54.84,58.65,62.74,66.51,59.76,70.94,71.76
82.25,4.12,8.22,12.34,16.45,20.57,24.68,28.81,33.00,37.05,41.22,45.33,49.75,53.63,57.75,73.48,66.18,69.92,108.35,71.71,75.09
81.37,4.08,8.14,12.23,16.28,22.00,24.39,28.55,32.61,36.66,40.81,44.85,49.09,53.84,57.19,81.46,65.36,144.13,70.41,53.33,56.63
74.85,3.75,7.49,11.23,15.55,18.71,22.46,26.25,29.96,33.70,37.57,41.08,44.55,48.80,54.06,85.17,56.81,63.67,67.21,70.11,70.75
86.11,4.32,8.62,12.94,17.25,21.57,25.87,35.01,34.53,38.84,43.19,46.42,52.01,57.43,60.19,64.82,68.83,70.60,71.79,53.80,74.01
78.35,3.93,8.33,11.77,15.69,19.62,23.46,27.48,31.46,35.35,39.14,43.16,46.98,51.22,55.02,58.76,77.67,82.38,69.93,70.91,72.19
85.37,4.28,8.72,12.82,17.10,21.37,25.65,29.94,34.21,38.50,42.77,47.18,51.26,65.88,59.91,64.21,68.57,70.20,71.79,72.21,73.20
75.68,3.79,7.56,11.35,15.14,18.91,22.71,26.48,30.28,34.04,37.84,41.54,45.60,46.17,94.51,56.84,77.48,91.23,68.01,84.70,79.46
82.91,4.16,8.30,12.47,16.64,20.77,24.90,29.09,33.25,37.43,41.50,45.89,50.08,54.12,58.32,81.46,67.22,70.32,81.47,51.52,68.34
88.14,4.41,8.82,13.24,17.65,22.07,26.50,30.92,35.27,39.71,44.21,48.55,53.20,57.47,61.74,51.56,69.61,70.78,72.34,72.62,74.01
86.91,4.36,8.70,13.05,17.40,21.77,26.20,30.49,34.94,39.24,48.46,48.11,65.05,56.64,73.05,65.54,68.35,70.63,87.63,72.18,76.81
82.62,4.14,8.26,12.41,16.56,20.67,24.80,29.00,33.02,37.23,41.35,45.41,49.73,49.01,57.98,61.97,65.85,69.63,70.67,71.57,72.63
88.50,4.44,8.87,13.29,17.74,22.17,26.62,31.07,35.56,39.94,44.39,48.83,53.24,57.76,62.61,53.67,70.27,73.40,71.96,72.76,118.09
82.76,4.14,8.29,12.42,16.60,20.77,24.86,29.09,33.18,45.69,41.56,58.71,49.88,70.54,58.29,62.06,66.08,69.68,71.08,71.73,88.83
88.19,4.42,8.83,13.24,17.63,22.04,26.49,30.92,35.23,39.81,44.27,77.61,53.01,62.05,50.59,83.42,69.90,53.60,71.70,72.77,73.26
86.14,4.32,8.63,12.94,17.25,21.81,25.89,30.19,34.52,38.85,43.14,47.49,51.87,56.22,60.56,64.73,69.02,70.60,71.72,72.17,73.26
78.25,3.92,7.82,11.75,15.65,19.61,23.48,27.41,31.35,35.29,39.66,43.34,46.99,52.48,54.82,58.82,58.72,66.67,69.98,70.84,71.67
83.68,4.19,8.38,13.09,16.72,20.87,25.12,29.21,33.41,37.75,41.90,46.03,50.27,96.42,58.87,100.77,66.74,52.33,71.53,89.38,72.72
87.30,4.37,8.90,13.08,17.46,21.83,26.19,30.59,34.93,39.15,43.87,48.06,52.44,56.89,61.12,65.43,52.08,70.65,71.89,83.54,73.68
74.91,3.76,7.50,11.27,15.01,18.78,22.53,26.22,30.05,33.78,37.55,41.19,45.22,48.94,82.97,56.34,60.23,63.69,67.98,68.38,71.14
93.15,4.67,9.32,13.98,18.66,23.39,27.94,32.66,37.37,41.98,46.90,51.60,56.27,145.95,66.25,68.95,70.65,71.57,73.03,74.16,74.67
75.76,3.80,7.58,11.39,16.90,18.96,22.77,26.60,30.36,34.18,37.96,41.88,45.66,49.17,53.19,56.99,125.47,64.63,51.78,69.97,71.22
88.23,4.42,8.99,13.23,17.66,22.10,26.48,30.97,54.99,39.78,44.14,64.32,53.88,57.50,61.81,66.50,69.85,81.96,169.70,54.69,78.76
87.65,4.39,8.76,13.15,17.50,21.95,26.28,30.84,35.02,39.46,43.93,42.66,67.59,57.99,61.34,65.74,69.64,70.45,142.49,75.58,70.12
84.24,4.22,8.42,12.63,16.85,21.07,25.29,29.48,33.74,37.87,42.13,46.20,66.30,44.04,58.95,63.36,67.63,69.91,70.66,72.15,73.32
86.63,4.34,8.66,13.02,17.35,21.70,32.36,30.35,34.59,39.04,43.32,74.94,52.08,75.18,62.00,79.21,67.74,52.54,72.34,73.33,73.27
78.23,3.92,7.82,11.74,18.54,19.57,23.47,27.43,31.30,35.32,39.24,42.95,47.10,85.10,54.79,113.27,62.58,67.15,61.48,70.93,144.12
77.42,3.88,7.74,11.61,15.48,19.37,23.77,27.14,30.97,34.76,38.73,42.57,46.69,58.94,54.26,62.07,62.05,66.42,52.92,71.28,71.12
85.09,4.26,9.31,12.74,16.98,21.32,25.57,29.69,33.97,38.27,42.57,46.85,51.35,47.21,59.86,63.97,111.18,70.38,71.28,131.58,87.02
89.05,4.46,8.90,14.95,17.81,22.25,26.74,31.17,35.73,40.10,44.35,49.09,53.55,57.95,62.57,67.06,70.20,70.94,71.77,72.83,74.16
88.57,4.44,8.87,13.28,17.74,22.14,26.61,31.05,35.47,40.02,44.44,65.77,53.34,50.36,62.40,71.96,69.54,58.84,87.73,73.16,73.62
81.72,4.10,8.18,12.28,16.37,20.50,24.55,28.67,32.76,36.85,41.05,45.11,49.16,53.92,57.60,119.84,68.68,69.40,70.65,71.81,109.39
89.72,4.50,8.98,15.60,17.99,22.47,26.96,31.45,35.95,40.32,44.96,49.50,61.37,58.15,58.52,51.73,52.32,86.53,54.11,54.63,73.91
82.89,4.15,8.28,12.44,16.56,20.70,24.93,28.96,33.15,37.32,41.47,45.61,49.74,54.03,58.11,58.01,66.23,69.59,45.70,71.64,72.76
89.37,4.48,9.15,13.42,17.95,22.34,26.87,31.34,52.84,44.50,44.66,49.49,94.78,110.83,57.82,86.19,69.89,71.25,92.34,72.92,51.42
88.58,4.44,8.86,13.30,17.70,22.18,26.64,31.04,35.48,39.91,44.42,48.87,53.22,58.03,62.23,57.32,69.72,71.05,71.74,73.08,73.80
73.84,3.70,7.38,11.48,14.76,18.47,22.19,25.80,29.52,27.95,36.85,40.70,44.35,48.10,51.78,55.41,59.16,63.13,66.51,80.24,99.52
84.79,4.25,9.04,12.74,16.99,21.22,25.47,29.72,34.05,58.11,60.49,46.78,47.21,55.22,59.49,63.71,75.57,52.42,71.24,72.28,90.59
82.74,4.15,8.28,12.43,16.57,20.79,24.90,29.00,33.14,37.25,41.45,45.82,49.79,54.17,58.12,66.86,66.40,86.89,70.70,73.68,72.71
74.52,3.74,7.65,11.21,14.93,18.66,22.40,26.13,29.86,33.60,37.45,40.94,44.71,48.80,52.38,54.51,59.90,63.60,57.88,70.17,70.98
85.26,4.27,8.55,12.79,17.05,21.32,25.59,29.80,34.11,38.39,42.73,46.76,51.49,55.82,48.89,82.26,62.12,70.08,71.62,72.24,68.83
85.49,4.28,8.54,12.84,17.12,24.93,25.62,29.86,34.18,38.48,42.62,47.34,51.41,55.56,59.82,64.08,68.50,70.92,53.39,47.41,72.72
98.97,4.95,9.91,14.88,19.80,24.81,29.74,34.85,39.64,44.61,49.61,54.62,60.36,68.38,110.58,59.23,61.87,73.39,74.37,74.26,74.56
80.46,4.02,8.04,12.06,16.08,20.13,24.16,28.22,32.21,36.27,40.27,44.40,48.48,48.74,54.02,60.41,63.65,68.36,71.17,71.04,72.91
86.57,4.34,8.67,13.05,17.35,21.69,26.01,30.35,34.73,38.89,43.38,47.54,81.48,56.51,75.19,65.19,85.33,70.82,71.12,72.71,48.68
93.24,4.67,9.32,14.01,18.61,23.41,28.05,32.68,37.28,41.92,46.69,51.68,56.12,60.72,65.43,84.35,70.71,72.10,54.22,73.89,131.47
121.36,6.08,12.15,21.01,24.34,30.46,36.47,42.59,48.66,59.28,57.93,66.93,70.06,71.49,72.88,74.41,65.27,82.43,75.13,75.54,74.35
99.51,4.99,9.96,14.95,19.92,24.93,29.90,35.05,40.07,44.88,49.90,54.91,59.68,64.88,69.54,70.66,72.38,73.32,73.68,80.35,74.83
90.82,4.55,9.08,13.65,18.17,22.70,27.31,31.80,36.29,40.88,45.42,50.14,65.95,59.05,62.25,68.55,49.89,71.59,72.67,73.31,73.76
93.90,4.71,9.40,15.39,18.78,23.71,28.24,33.05,37.76,42.41,47.17,66.24,57.05,61.10,65.73,70.26,70.69,71.91,73.33,73.79,74.85
86.70,4.35,8.68,13.06,17.38,21.72,26.12,30.41,34.75,39.27,43.40,47.86,52.22,56.51,61.04,64.95,52.06,70.58,53.03,72.60,73.82
84.82,4.25,8.49,14.14,16.97,21.24,25.42,29.71,33.94,38.20,42.49,46.85,50.91,55.33,46.66,63.54,68.63,70.03,71.18,72.25,73.23
87.35,4.38,8.74,13.13,17.49,21.89,26.27,30.66,35.16,39.53,43.81,48.27,52.93,56.93,74.51,65.74,69.86,71.27,71.62,72.65,73.87
76.25,3.82,8.00,11.44,15.27,19.06,22.86,26.70,30.53,34.35,38.16,42.04,45.82,49.64,53.35,57.39,61.53,64.93,68.77,70.86,71.05
97.06,4.87,9.70,14.56,22.50,24.26,32.20,33.98,38.73,43.75,48.45,53.53,58.08,63.26,67.87,52.54,71.80,72.15,65.91,55.49,75.31
88.33,4.42,8.85,13.27,17.72,22.12,26.52,31.01,35.41,39.90,71.52,48.91,61.22,57.66,61.85,66.88,59.72,71.08,71.84,73.84,73.89
81.99,4.11,8.20,13.33,16.44,20.80,24.64,28.73,32.83,36.95,41.19,45.13,49.46,70.47,70.33,68.15,65.87,69.85,70.50,53.70,81.67
84.67,4.23,8.65,12.70,16.91,21.21,25.40,28.33,33.94,38.07,42.54,46.70,50.88,55.19,52.31,63.58,80.32,85.59,99.12,59.55,72.71
89.69,4.49,8.98,13.45,17.93,22.42,26.91,31.46,35.87,40.48,44.97,49.53,58.19,58.54,50.84,51.71,69.77,71.45,91.34,85.59,75.77
87.10,4.36,8.70,13.06,17.41,21.78,26.15,30.55,45.88,39.23,43.54,47.72,52.38,56.76,60.78,65.31,69.00,70.67,71.01,72.10,73.34
74.15,3.72,7.42,11.14,14.85,18.59,22.27,33.14,29.78,33.42,53.69,41.03,44.50,48.60,52.05,55.77,79.99,63.30,66.63,70.34,71.00
89.34,4.48,8.95,13.41,17.90,22.37,26.86,31.31,35.80,40.18,44.58,49.51,64.03,58.11,62.29,67.06,70.18,70.96,72.10,72.83,74.09
76.26,3.82,7.62,11.68,15.30,19.15,22.91,26.78,30.54,34.39,38.13,42.08,45.82,49.82,53.60,62.14,54.57,65.01,68.71,52.61,53.38
72.79,3.65,7.29,11.16,14.58,18.23,21.87,25.52,29.19,36.64,33.56,40.17,43.91,47.50,47.87,55.12,58.09,62.21,65.82,57.10,52.27
101.07,5.05,10.34,15.23,23.48,30.45,38.25,35.37,40.38,45.57,50.67,56.25,68.08,51.17,70.30,70.68,72.60,73.46,74.24,74.97,75.43
83.05,4.16,8.79,12.47,16.62,20.73,24.86,29.09,33.24,37.36,41.40,45.92,49.83,54.21,57.98,72.26,66.35,80.66,70.99,71.65,72.66
83.78,4.20,8.38,12.59,16.78,21.00,25.20,29.35,33.52,37.58,42.06,46.31,59.47,62.55,135.06,58.16,148.13,69.30,71.11,71.74,74.27
84.72,4.25,8.49,13.00,16.97,21.19,25.45,29.74,33.75,38.25,42.36,47.02,97.70,100.71,59.38,63.59,68.18,50.09,70.74,63.53,76.28
91.46,4.58,9.15,13.95,18.29,22.86,27.37,31.93,36.61,41.07,45.77,50.39,49.50,79.26,70.89,68.49,180.59,71.37,72.31,85.49,55.52
83.62,4.19,8.36,12.82,16.72,20.91,25.10,29.26,33.47,37.68,41.96,45.81,50.34,54.42,58.92,45.40,69.46,84.90,70.30,71.63,94.56
88.30,4.43,8.89,15.30,17.70,22.14,26.55,31.06,55.12,39.82,44.41,47.40,53.24,75.37,62.01,66.61,70.06,68.53,72.35,73.57,88.10
80.29,4.02,8.02,12.06,16.05,20.07,24.04,28.11,32.08,36.21,44.64,54.94,48.22,52.54,56.42,113.53,64.31,68.08,70.23,73.91,54.95
77.92,3.91,7.93,11.72,15.62,19.54,23.43,27.33,31.15,35.24,39.16,42.95,46.72,53.09,54.86,58.66,62.52,66.39,69.49,89.56,71.72
87.87,4.40,8.78,13.18,17.57,21.97,26.35,30.75,35.20,39.59,64.91,47.58,66.70,99.70,46.21,66.26,69.77,70.78,71.81,66.14,73.89
80.16,4.02,8.01,12.06,16.05,20.07,24.10,28.20,32.12,36.12,40.38,39.60,48.29,56.53,56.35,60.01,57.72,68.11,70.57,71.02,93.93
84.41,4.23,8.44,12.67,16.89,21.17,25.36,29.59,33.91,38.11,42.48,46.50,64.42,55.10,59.23,63.39,67.47,69.65,71.33,47.05,72.76
82.89,4.15,8.29,12.55,16.57,20.72,24.89,29.01,33.17,37.33,41.38,45.60,54.33,53.99,45.83,62.17,51.45,52.33,70.53,93.74,73.18
75.48,3.78,7.54,11.35,15.07,18.90,22.66,33.85,30.20,33.97,37.79,41.46,45.26,49.22,53.06,84.12,55.35,64.39,68.06,70.14,58.18
89.24,4.47,8.92,13.38,17.86,22.32,26.82,31.19,35.90,40.22,44.85,49.11,53.88,128.07,62.36,67.25,69.47,70.52,71.73,65.29,74.48
87.32,4.38,8.75,13.12,17.49,21.88,26.25,30.64,35.08,39.46,43.62,48.28,52.56,56.85,61.20,84.11,69.45,91.92,72.41,73.00,54.81
74.30,3.73,7.45,11.17,14.90,18.60,22.35,26.09,29.77,33.50,37.24,40.95,44.88,48.40,52.15,55.87,59.82,63.04,66.79,96.21,70.51
76.46,3.83,7.64,11.47,15.28,19.12,22.95,26.73,30.68,34.48,38.34,42.10,45.90,49.86,53.43,57.45,50.62,65.10,68.30,60.25,71.25
102.00,5.11,10.54,15.44,20.41,25.51,30.63,35.75,40.91,46.08,54.35,56.27,61.87,66.37,69.79,71.10,72.40,73.18,74.55,75.09,75.02
55.78,2.79,5.58,8.64,11.17,13.96,16.75,19.56,21.46,25.16,28.00,30.75,32.83,40.06,39.13,41.95,44.71,47.51,50.75,53.16,49.05
85.10,4.26,8.50,12.75,17.03,21.27,26.41,29.77,34.04,38.32,42.69,46.82,51.06,55.51,59.64,64.00,67.89,70.20,71.10,72.12,73.09
81.17,4.07,8.12,12.32,16.25,20.33,24.45,31.37,32.50,36.63,40.73,44.82,58.15,52.99,65.57,61.06,65.59,84.31,60.37,71.57,72.16
79.05,3.95,8.05,11.86,15.80,19.78,23.77,27.68,31.61,35.68,39.52,43.72,47.45,51.51,55.42,59.34,63.14,67.69,69.98,53.09,72.19
90.80,4.55,9.29,13.64,18.16,22.72,37.75,31.82,36.44,40.93,45.50,49.87,54.50,59.06,63.85,51.63,70.26,71.72,95.49,73.27,74.30
83.83,4.20,8.39,12.57,17.60,21.35,25.24,29.38,33.65,37.95,42.03,46.21,50.69,48.97,59.01,62.90,67.01,69.54,70.68,71.82,73.02
89.42,4.48,8.94,13.42,17.88,22.38,26.89,31.34,35.82,40.14,44.81,48.47,87.77,57.93,62.58,67.53,69.93,71.25,72.80,72.80,74.35
93.97,4.71,9.40,14.10,20.24,23.64,28.24,32.99,37.65,42.34,46.99,52.02,56.56,66.97,65.77,69.64,70.62,52.41,48.33,73.71,74.88
90.22,4.52,9.01,13.56,18.05,22.59,27.13,31.61,36.27,40.68,45.21,47.50,54.30,116.45,63.22,68.04,60.67,88.12,71.65,89.55,73.80
81.86,4.10,8.19,12.43,16.38,20.45,24.61,28.68,32.78,36.95,40.97,45.15,49.34,53.15,57.72,61.68,58.45,113.61,70.59,71.85,94.93
78.89,3.95,7.88,11.84,15.77,19.74,23.67,27.62,31.54,35.47,39.43,43.44,47.38,51.61,55.32,87.76,63.26,78.73,82.02,60.74,89.76
80.70,4.05,8.08,12.13,16.18,20.23,24.26,28.26,32.39,36.41,40.50,44.32,48.62,52.61,57.14,60.72,64.44,69.23,59.40,71.53,72.22
76.62,3.84,7.67,11.50,15.33,19.18,23.86,26.90,30.77,34.51,38.44,42.06,44.97,49.91,53.69,57.71,62.03,69.70,69.35,70.42,61.39
83.86,4.20,8.89,12.58,16.80,20.98,25.24,29.37,33.67,37.62,41.67,46.37,50.37,72.21,58.93,73.27,67.26,70.23,71.26,71.94,48.32
86.58,4.34,8.98,12.99,17.36,21.67,26.09,30.39,34.60,38.90,43.38,47.76,51.79,56.30,61.07,65.06,69.00,149.09,71.24,72.74,75.70
89.00,4.46,9.13,13.37,17.82,22.28,26.71,36.83,35.63,40.35,44.67,49.02,53.51,58.08,62.37,66.89,69.55,70.56,71.66,73.38,73.77
88.88,4.45,8.89,13.34,17.75,22.19,26.67,31.14,35.69,39.98,44.47,49.03,53.41,57.73,62.01,67.33,69.57,70.23,72.43,73.23,55.59
66.26,3.34,6.62,9.93,13.24,16.56,19.91,23.23,26.44,31.67,33.25,36.51,39.88,40.85,45.05,46.73,48.43,46.46,51.23,52.63,53.70
69.49,3.50,6.94,10.42,13.88,17.37,20.86,24.33,27.88,31.22,34.71,43.59,41.72,44.37,46.39,41.84,49.21,51.26,52.32,53.86,54.95
72.60,3.67,7.27,10.90,16.28,18.20,21.83,25.45,29.15,32.73,36.56,45.86,43.82,45.98,47.50,49.10,50.68,52.04,53.50,54.65,55.93
68.03,3.43,6.81,10.21,13.62,17.05,20.46,23.83,27.20,30.73,34.05,37.57,40.64,44.70,45.96,47.68,49.08,50.68,52.03,53.20,54.40
64.15,3.24,6.42,9.64,12.84,16.09,19.26,22.48,25.70,28.93,32.13,35.46,38.52,37.85,42.10,45.83,47.37,49.45,50.51,51.75,52.64
67.45,3.40,6.74,10.11,13.48,16.88,20.23,23.55,27.03,30.37,33.80,37.11,55.31,38.67,44.60,47.22,49.29,50.47,52.27,53.28,54.34
62.50,3.16,6.26,9.40,12.74,15.67,18.80,21.93,25.04,28.24,31.44,34.46,37.61,37.56,44.03,45.48,47.06,48.17,49.60,50.67,52.00
71.12,3.60,7.12,10.70,14.23,17.84,22.77,24.96,28.51,32.12,35.60,39.10,42.78,53.91,46.76,48.35,50.16,51.75,52.87,54.35,55.25
67.40,3.40,6.74,10.30,13.92,16.88,20.22,30.94,27.03,30.33,33.76,37.09,49.42,43.82,45.08,47.58,48.89,50.52,45.37,52.85,46.75
68.18,3.45,6.82,10.25,13.67,17.09,20.44,23.92,27.32,30.78,34.06,37.51,40.97,43.98,45.98,47.49,49.18,44.09,51.78,53.40,54.42
69.88,3.53,6.98,10.49,13.96,17.48,20.95,24.43,27.86,31.45,34.84,38.38,42.01,44.62,46.38,41.98,50.29,51.23,51.89,53.77,54.88
63.13,3.19,6.32,9.49,12.66,15.82,19.02,22.09,25.34,28.48,31.75,34.73,37.91,41.03,39.03,45.42,47.34,48.92,50.19,51.19,52.56
64.90,3.27,6.48,9.30,12.97,16.21,19.51,22.74,25.96,29.13,32.40,35.63,38.97,42.30,44.34,46.32,47.92,49.34,50.19,51.86,52.77
68.35,3.46,6.85,10.42,13.69,17.13,20.53,24.00,27.46,30.42,35.01,37.72,41.14,44.22,45.90,47.68,49.40,50.69,52.03,53.18,54.21
70.39,3.56,7.04,10.57,15.94,17.61,21.14,24.63,28.23,31.71,35.24,38.65,42.49,45.03,46.82,48.36,49.92,51.52,52.87,54.03,55.28
70.06,3.54,7.01,10.51,14.02,17.51,21.03,24.53,28.07,31.60,35.07,38.51,42.17,44.84,46.40,47.74,47.77,50.74,64.87,46.56,55.28
70.27,3.55,7.02,10.53,14.04,17.54,21.13,24.63,28.11,31.53,35.13,38.61,42.12,43.97,46.16,48.41,49.83,51.26,52.62,53.94,54.89
70.11,3.54,7.02,10.54,14.05,17.59,21.11,24.65,28.14,31.59,35.26,38.69,42.20,44.38,40.88,48.37,49.86,51.13,52.56,53.73,55.18
59.91,3.03,6.00,9.58,12.02,15.01,18.02,21.05,24.01,27.05,30.11,33.05,36.07,39.22,36.28,44.78,46.18,47.49,48.72,50.19,51.44
68.88,3.48,6.89,10.33,13.77,17.20,20.61,24.08,27.48,31.10,34.53,37.86,41.18,53.41,46.10,47.92,49.43,50.89,52.24,81.61,54.69
76.98,3.90,7.70,11.62,15.42,22.13,23.12,27.02,30.81,34.74,38.60,42.41,45.31,46.83,48.94,50.81,52.07,58.91,54.69,56.53,56.83
70.46,3.56,7.04,10.57,14.09,17.69,21.12,24.67,28.11,31.73,35.36,38.74,42.20,45.11,46.81,48.42,49.46,50.82,52.55,53.78,55.25
59.65,3.01,5.97,8.94,13.54,14.91,17.91,20.87,23.86,26.86,29.76,32.75,35.82,38.74,55.76,44.51,45.95,47.48,44.74,49.86,41.64
69.33,3.51,6.94,10.40,13.91,17.37,20.80,24.32,27.76,31.16,34.87,38.13,41.66,44.18,46.03,39.25,49.66,51.20,91.24,53.74,54.98
67.13,3.39,6.72,10.42,13.44,18.28,20.13,23.54,26.90,30.29,33.85,37.03,40.59,48.93,45.45,46.82,48.87,50.38,50.80,55.62,54.31
72.55,3.67,7.26,10.90,14.55,18.15,21.84,25.43,29.07,32.73,36.52,39.80,43.71,45.28,47.48,49.20,50.67,52.39,66.58,54.68,55.88
62.59,3.16,6.26,9.70,12.53,15.64,18.79,21.96,25.11,28.22,31.36,34.38,39.90,47.31,40.64,45.50,60.31,48.39,49.86,51.36,52.57
68.51,3.47,6.86,10.29,15.13,20.75,20.61,24.00,27.52,29.39,34.42,37.75,41.28,44.17,46.13,47.71,49.51,51.10,52.01,50.11,54.29
72.16,3.65,7.22,10.83,14.44,18.03,21.68,25.33,28.97,32.54,36.12,39.55,43.49,45.44,47.26,48.88,50.42,52.07,53.51,54.61,56.03
66.74,3.37,6.68,10.03,13.38,16.71,20.08,23.41,26.76,30.11,33.45,35.46,49.56,64.68,45.53,47.23,48.83,50.13,41.70,52.71,54.02
64.40,3.25,6.44,9.67,12.89,16.11,19.36,22.56,25.73,29.11,32.23,35.47,43.19,42.04,59.33,46.31,47.95,49.43,50.44,52.02,53.11
69.03,3.49,6.91,10.37,13.80,17.27,20.71,24.16,27.64,31.04,34.66,38.03,41.49,44.46,46.15,47.92,49.41,50.95,85.29,53.39,54.59
64.86,3.27,6.48,9.73,12.97,16.20,19.41,22.70,25.97,29.17,32.49,35.72,39.01,42.29,44.67,46.37,47.96,49.35,50.95,52.01,53.17
63.70,3.21,6.79,10.10,12.73,15.93,19.09,22.25,25.45,28.66,31.87,35.08,38.17,41.42,44.23,45.96,47.45,48.95,50.16,68.43,52.59
74.85,3.79,7.62,11.24,14.97,18.73,22.46,26.25,29.93,33.62,37.50,41.41,44.45,46.37,48.11,81.71,51.49,53.05,102.25,55.55,108.36
69.88,3.53,6.98,10.47,13.98,17.44,20.95,24.50,28.00,31.56,34.59,38.41,41.99,44.60,46.57,48.19,49.86,71.49,52.16,53.35,54.54
68.17,3.44,6.82,10.23,14.27,17.07,20.52,23.91,27.34,30.82,34.15,37.56,41.01,43.85,45.89,47.71,49.12,50.58,74.15,53.17,54.34
65.54,3.31,6.56,9.85,13.13,16.44,19.70,22.93,26.22,29.50,32.84,36.08,35.53,42.63,45.09,46.72,48.17,49.69,51.21,52.29,53.52
63.76,3.22,6.38,9.68,12.76,15.96,19.12,22.29,25.58,28.69,32.05,35.12,38.23,41.47,44.43,45.92,47.50,48.86,50.41,51.48,52.88
61.05,3.08,6.10,9.15,12.20,15.32,18.34,21.39,24.45,27.53,30.60,33.61,36.49,39.66,42.72,44.88,46.94,78.56,49.08,50.44,48.84
66.95,3.38,6.70,10.06,13.41,16.77,20.13,23.44,26.75,30.13,33.54,37.03,40.09,43.55,44.99,47.18,48.66,50.17,51.51,52.80,54.05
69.10,3.49,6.90,10.35,13.80,17.26,23.00,24.18,27.64,31.19,34.62,38.16,41.66,44.32,46.09,42.12,49.21,50.92,52.35,53.54,54.66
66.41,3.35,6.64,9.97,13.28,16.61,19.99,23.27,26.59,29.94,33.31,36.55,39.84,43.12,45.34,47.05,48.54,50.18,51.20,52.62,53.74
54.05,2.72,5.40,8.10,10.81,13.51,16.21,18.92,21.61,25.97,27.02,29.75,32.45,35.15,37.86,40.76,43.15,49.54,46.34,47.53,48.66
71.64,3.62,7.16,10.75,14.33,17.90,21.46,25.13,28.64,32.25,35.87,39.51,43.33,45.56,47.12,48.68,50.41,51.81,53.21,51.17,55.66
61.07,3.08,6.10,9.16,12.21,15.27,18.31,21.39,24.42,27.49,30.55,33.56,36.63,39.67,42.72,42.01,46.57,47.95,49.44,50.50,51.89
61.96,3.13,6.27,9.30,12.41,15.51,18.59,21.72,24.87,28.01,31.04,34.16,37.35,40.40,38.61,44.86,46.36,45.23,49.72,50.89,52.25
69.51,3.52,7.06,10.47,13.91,17.41,20.86,24.38,27.97,31.43,34.86,38.40,41.80,44.64,46.65,48.59,49.67,51.38,52.55,53.74,54.95
69.29,3.49,6.92,10.69,13.83,17.32,20.78,28.69,27.76,36.90,34.64,38.19,41.70,44.42,46.19,47.94,49.37,50.65,52.25,53.44,54.93
62.28,3.14,6.22,9.33,12.44,15.56,18.71,21.82,24.98,28.03,31.14,34.17,37.38,40.47,43.71,45.57,46.81,42.11,49.63,51.17,52.28
62.60,3.16,6.26,9.40,12.53,15.66,18.79,21.96,25.08,28.19,31.33,34.41,37.55,40.59,53.13,45.56,47.02,48.43,49.62,51.22,46.23
69.23,3.50,6.92,10.39,13.84,17.50,20.78,24.31,27.71,33.81,38.23,38.09,59.18,44.71,46.13,47.74,49.42,44.01,52.32,53.73,54.94
62.78,3.17,6.28,9.43,12.58,15.71,18.87,22.05,25.20,28.34,31.54,34.68,37.81,40.84,43.99,45.72,47.04,48.71,49.95,51.56,52.64
65.82,3.32,6.59,9.85,13.16,16.47,19.76,23.05,26.38,29.71,32.96,36.33,39.62,42.74,45.09,46.70,48.42,49.63,51.24,52.26,53.43
78.30,3.96,7.83,12.17,15.68,19.61,23.45,27.41,31.45,35.26,39.19,43.05,45.53,47.48,49.41,50.97,67.01,90.48,55.21,56.30,57.40
65.92,3.33,6.67,9.91,13.21,16.50,19.87,23.15,26.40,29.77,33.15,36.52,39.83,43.03,45.33,46.81,48.45,49.94,51.20,52.33,53.68
70.02,3.54,7.00,11.00,14.01,19.81,21.02,24.56,28.04,31.56,34.94,38.40,42.04,44.67,46.60,48.43,49.66,50.91,53.00,53.50,55.24
71.74,3.63,7.18,10.77,14.35,20.46,21.54,25.19,28.74,32.32,35.92,39.56,43.12,45.42,47.10,48.98,50.42,51.77,53.15,54.34,55.87
69.53,3.52,7.05,10.45,13.93,17.42,20.88,24.44,27.35,31.28,34.84,44.96,41.84,44.61,46.55,47.55,49.23,51.12,64.36,53.36,55.32
70.58,3.57,7.06,10.60,14.13,17.65,21.15,24.79,28.23,31.82,35.36,38.88,42.39,45.06,46.80,48.57,40.80,51.49,52.76,54.03,55.30
72.27,3.65,7.22,10.93,14.47,18.08,21.66,27.55,28.93,32.67,36.06,39.59,43.23,45.48,47.26,48.94,50.44,52.42,53.26,54.58,55.55
69.98,3.54,7.00,10.50,16.02,17.55,21.04,24.60,28.04,31.58,35.13,38.58,42.11,44.79,46.24,48.17,49.92,51.20,52.64,53.72,54.58
68.54,3.46,6.87,10.28,13.73,17.15,20.61,23.99,27.49,31.01,34.36,37.86,41.38,44.44,46.15,47.76,49.04,50.68,52.08,53.48,54.66
72.00,3.64,7.20,10.81,14.41,18.02,21.63,25.23,28.83,32.54,36.07,39.59,43.27,45.46,47.21,48.92,51.54,51.75,53.16,92.38,55.48
65.95,3.34,6.60,9.91,13.21,16.52,19.80,23.08,26.48,29.81,33.15,36.35,39.57,42.98,45.09,46.80,48.49,43.54,50.69,52.01,53.39
71.21,3.60,7.13,11.48,14.26,17.81,21.39,24.97,28.50,32.03,35.76,39.28,42.79,45.28,47.05,48.67,50.17,51.79,52.98,54.86,55.65
70.89,3.58,7.08,10.62,14.22,17.73,21.26,24.86,28.47,31.97,35.90,34.57,51.97,45.03,46.81,48.09,49.63,51.21,52.61,63.83,54.73
69.18,3.49,6.92,10.39,14.48,17.31,20.80,24.31,27.66,31.19,34.56,38.12,35.50,44.43,46.09,47.96,49.38,62.82,52.32,53.48,54.59
61.69,3.11,6.16,9.25,12.32,15.40,19.24,21.61,24.64,27.75,30.83,33.93,36.92,40.07,43.37,45.36,63.47,48.22,49.66,50.97,52.03
73.53,3.72,7.36,11.05,14.73,18.41,22.14,25.74,29.56,33.20,37.00,40.72,43.63,45.43,47.73,49.12,51.19,52.30,53.88,55.23,56.26
75.45,3.81,7.54,11.32,15.06,18.86,22.64,26.37,30.29,34.03,37.81,41.71,44.63,46.59,48.16,80.34,47.50,53.13,54.31,55.22,53.47
74.38,3.76,7.44,11.17,14.89,18.61,22.50,26.10,29.77,33.40,35.62,39.74,44.25,46.10,48.10,49.72,51.18,65.45,54.03,55.56,55.99
67.51,3.41,6.76,10.15,13.52,16.96,20.30,23.74,27.14,30.48,33.94,37.31,40.62,44.30,45.71,47.50,48.91,50.49,51.75,53.16,54.35
67.59,3.41,6.76,10.15,13.54,16.90,20.31,23.69,27.14,30.47,33.84,37.14,40.53,43.83,45.65,47.49,48.92,50.37,51.73,53.20,54.01
67.33,3.40,6.74,10.11,13.51,16.86,20.22,23.67,33.04,30.41,33.75,37.06,40.54,43.45,45.77,55.32,48.30,49.99,51.43,52.43,54.30
62.94,3.18,6.31,9.83,12.59,15.75,18.92,22.07,25.24,28.35,31.55,34.68,38.11,40.87,44.05,45.92,47.20,48.62,50.20,51.56,65.85
62.96,3.18,6.29,9.45,12.61,15.76,18.92,22.04,25.23,28.37,31.54,34.61,37.91,41.06,44.04,59.91,47.26,48.66,49.95,51.14,52.03
73.59,3.72,7.36,11.04,14.75,18.43,22.14,25.81,29.47,33.17,35.04,40.49,43.58,45.86,47.71,49.64,51.00,47.21,68.54,55.07,56.67
67.50,3.40,6.76,10.11,13.48,16.87,20.22,23.57,26.98,30.47,33.81,42.87,40.39,43.72,46.05,53.05,45.83,50.17,86.97,53.02,54.14
64.18,3.24,6.42,9.63,14.17,16.11,22.33,22.54,26.88,28.95,32.15,35.48,38.66,41.81,44.68,46.14,47.70,49.05,50.71,51.99,53.20
63.79,3.23,6.38,9.57,12.76,15.96,19.15,22.37,25.57,28.64,31.97,35.14,38.38,41.49,79.07,45.57,47.49,49.04,50.28,51.80,53.83
61.23,3.09,6.21,9.19,12.25,15.33,18.71,21.44,24.54,27.65,30.67,33.59,36.85,39.79,43.02,44.58,46.16,47.93,43.05,50.70,51.73
61.84,3.12,6.18,9.28,12.37,15.46,18.54,21.69,24.76,27.89,30.87,34.21,37.27,40.39,43.38,45.26,47.86,48.59,49.71,47.22,52.07
68.11,3.45,6.82,10.23,13.66,17.05,20.50,23.88,27.30,30.92,34.21,37.66,40.81,39.10,45.91,41.79,49.17,50.84,48.99,53.52,54.43
64.51,3.26,6.47,9.96,12.94,16.20,19.39,22.66,25.84,29.15,32.30,38.17,38.90,41.63,44.74,46.39,47.97,49.34,50.71,90.55,52.78
68.22,3.45,6.82,10.25,13.66,16.96,20.51,23.91,27.35,30.69,34.12,37.58,41.13,42.92,45.91,47.70,48.91,50.69,52.04,53.37,45.64
70.80,3.58,7.08,10.63,14.17,17.71,21.28,24.79,28.42,31.91,45.50,37.16,42.42,45.05,46.80,48.39,49.96,51.48,45.64,47.37,55.54
66.77,3.37,6.69,10.03,13.38,16.71,20.02,23.36,26.77,30.11,33.52,36.82,40.18,43.46,45.32,77.07,58.04,49.96,47.79,52.65,53.21
70.40,3.56,7.04,10.57,14.10,17.61,21.13,25.13,28.23,31.90,34.62,35.80,42.14,45.05,44.26,48.19,49.91,51.33,63.16,53.66,54.99
61.81,3.12,6.18,9.27,12.38,15.44,18.55,21.68,24.75,27.79,30.94,33.99,37.09,40.41,43.22,45.31,46.81,48.20,49.65,66.54,52.02
60.67,3.06,6.06,9.09,13.47,15.34,19.81,21.23,24.23,27.30,30.31,43.54,50.36,39.48,42.35,44.45,45.89,44.71,43.20,50.34,51.46
72.39,3.66,7.24,10.86,14.47,20.56,21.74,25.36,29.01,32.52,36.17,39.88,43.48,45.31,47.52,48.69,50.43,74.15,53.43,54.65,57.50
68.64,3.46,6.86,10.29,13.72,17.32,20.62,24.01,27.51,30.86,34.42,37.79,36.19,53.27,46.32,47.69,49.38,50.74,52.34,53.48,54.63
69.40,3.51,6.94,10.43,13.90,17.38,20.87,24.37,27.88,31.18,34.68,38.20,41.79,44.64,46.33,42.73,49.69,51.12,52.62,95.22,54.95
82.57,4.18,8.25,12.41,16.55,20.64,24.82,28.97,33.10,37.15,41.38,44.25,46.58,60.82,50.60,52.27,53.71,55.35,56.51,57.84,86.09
68.57,3.47,6.86,10.31,13.73,17.21,20.62,24.07,27.47,30.91,34.36,37.87,41.15,44.28,46.14,47.73,48.07,50.95,60.10,53.48,46.27
66.42,3.35,6.65,9.96,14.59,16.61,19.92,23.23,26.58,29.92,33.31,36.55,39.89,43.06,45.21,46.98,48.46,49.90,51.24,52.55,53.27
70.01,3.54,7.01,10.51,14.02,17.48,21.02,24.53,28.07,31.54,34.95,38.86,42.06,44.68,46.61,42.27,49.65,53.52,52.65,53.75,54.89
60.70,3.07,6.08,9.12,12.18,15.19,18.25,21.28,24.30,27.41,30.48,33.40,39.62,39.58,43.63,44.77,46.35,47.94,49.12,50.42,52.25
73.13,3.70,7.32,11.03,14.65,18.31,21.99,25.71,29.28,33.01,36.63,40.32,43.47,45.94,57.75,49.33,50.91,52.01,53.75,54.95,56.15
64.27,3.24,6.42,9.65,12.86,16.11,19.29,22.43,25.74,28.93,32.23,35.36,44.05,41.95,44.41,46.23,47.71,49.14,49.43,52.03,49.84
72.68,3.67,7.26,10.91,14.54,18.16,21.80,25.49,29.01,32.76,36.46,39.86,43.61,45.69,47.55,45.85,50.72,52.02,53.53,54.68,55.89
76.14,3.86,7.62,11.44,15.24,19.07,22.92,26.67,30.51,32.13,38.23,41.84,45.08,72.38,39.89,50.42,51.73,52.63,58.51,55.65,56.61
69.77,3.53,6.99,10.47,13.97,17.43,20.96,24.50,28.02,31.36,34.88,38.32,41.82,44.26,46.59,47.34,49.63,50.94,52.59,53.77,54.93
62.37,3.15,6.24,9.37,12.49,15.61,18.74,21.84,24.98,28.11,31.18,34.48,37.59,40.56,43.57,45.32,47.04,48.43,49.84,51.14,65.34
66.27,3.34,6.62,10.64,13.24,16.57,20.51,23.16,26.49,29.78,33.14,34.81,39.64,40.77,45.30,46.79,42.96,59.61,81.87,52.59,53.77
64.55,3.26,6.46,9.69,12.92,16.15,19.42,22.69,25.85,36.23,44.93,35.62,42.45,42.04,49.94,46.34,47.93,49.18,50.26,48.79,53.46
62.61,3.16,6.26,9.40,12.66,15.65,18.82,21.89,25.07,28.26,31.36,34.43,37.61,40.79,43.77,45.49,45.36,48.68,58.90,51.18,52.31
65.18,3.29,6.52,9.79,13.04,16.50,19.58,22.84,26.10,29.42,32.52,35.88,39.08,42.36,44.89,46.79,48.10,49.66,50.92,52.30,53.39
68.60,3.47,6.86,10.61,13.73,17.15,20.61,23.99,27.52,30.92,34.34,37.86,41.11,44.48,45.89,47.93,49.15,50.93,52.09,49.57,54.61
67.14,3.39,6.72,10.08,13.45,16.82,20.16,23.60,26.99,30.27,33.71,36.94,45.04,43.76,43.93,47.33,49.00,50.39,51.78,52.97,54.06
73.69,3.72,7.36,11.04,14.71,18.43,22.15,25.76,29.47,33.25,36.77,40.10,43.70,45.58,47.89,49.38,50.89,52.62,53.76,54.92,56.16
70.44,3.56,7.19,10.57,14.56,17.61,21.17,24.65,28.21,34.00,35.27,38.69,42.55,44.92,46.80,80.33,49.89,51.15,52.43,54.01,63.31
77.22,3.91,7.72,11.59,15.44,19.29,23.24,27.08,30.83,34.80,38.67,42.38,45.10,46.78,48.44,50.65,45.42,53.57,54.88,56.41,57.13
70.79,3.58,7.08,10.63,14.17,17.73,21.29,24.76,28.34,31.94,35.51,38.99,42.66,45.06,73.95,48.66,49.89,51.53,52.85,53.60,55.19
64.73,3.32,6.48,9.72,12.97,16.22,19.44,21.74,24.03,26.21,28.15,30.11,31.99,33.80,37.62,36.57,35.89,40.17,41.15,42.32,43.46
56.62,2.89,5.66,8.49,11.32,14.09,16.99,19.36,21.64,23.67,25.57,27.44,29.16,30.90,32.44,33.86,35.34,36.65,37.90,39.15,40.25
54.17,2.76,5.41,8.61,10.83,15.03,16.29,18.66,20.74,22.74,24.76,26.63,28.31,29.98,31.49,33.12,34.23,35.59,34.25,38.08,39.45
56.50,2.88,5.64,8.46,11.29,14.08,16.95,19.45,21.57,23.60,25.52,27.36,29.16,30.68,32.29,33.77,35.21,36.52,37.89,39.14,40.28
58.53,2.99,5.86,8.79,11.72,14.67,17.31,19.87,22.06,24.32,26.27,27.87,29.84,31.24,32.93,34.61,35.98,46.81,38.50,40.15,41.23
55.92,2.85,5.60,8.40,11.21,14.00,16.80,19.29,21.17,23.42,25.37,27.21,29.05,30.62,30.72,33.63,35.06,36.37,37.65,38.82,40.08
53.10,2.70,5.30,7.95,10.60,13.25,15.90,18.50,20.60,22.51,24.37,25.91,27.64,29.33,30.68,32.20,33.50,35.22,36.53,37.80,38.82
56.17,2.86,5.62,8.43,11.24,14.04,16.87,19.38,21.04,23.55,25.57,27.35,28.97,30.68,32.08,33.75,35.24,36.53,37.85,39.00,40.33
56.04,2.86,5.60,8.40,11.20,13.99,16.84,19.33,21.50,23.34,25.16,27.29,28.66,30.32,31.88,33.31,34.78,36.14,37.54,39.01,40.09
57.15,2.92,5.72,8.59,11.45,14.33,17.20,19.64,21.83,23.83,25.77,27.68,29.41,31.10,31.51,33.98,35.46,36.48,37.85,39.04,40.34
53.26,2.71,5.32,7.98,10.64,13.30,15.96,18.36,20.41,22.38,24.20,25.98,27.61,29.28,31.09,32.37,33.87,34.96,36.48,37.49,38.99
57.39,2.93,5.74,8.61,11.49,14.87,17.22,19.68,21.87,23.96,24.62,27.84,29.50,31.22,32.66,34.24,35.63,37.09,38.23,39.46,40.82
58.69,2.99,5.86,8.80,12.99,14.71,17.49,19.82,22.02,24.05,26.27,28.14,29.85,31.59,33.19,34.58,35.98,37.49,38.67,40.10,41.11
55.85,2.84,5.58,8.37,11.16,13.95,16.74,19.30,21.45,23.44,25.34,27.21,28.90,30.51,32.11,33.63,35.09,36.23,37.65,38.96,40.08
59.27,3.02,5.92,8.88,11.84,14.80,17.78,20.20,22.38,24.50,26.48,28.25,30.03,31.66,33.42,34.97,36.28,37.67,38.99,40.17,41.40
57.55,2.94,5.76,8.64,11.52,14.42,17.28,19.75,21.91,24.74,25.99,38.11,29.52,31.19,32.83,34.35,35.59,36.93,38.39,39.64,40.43
59.87,3.05,5.98,9.00,11.97,14.94,17.88,20.37,22.56,24.69,26.62,33.68,30.21,32.02,33.64,35.07,36.50,37.91,39.11,40.39,41.67
56.79,2.90,5.68,8.52,11.37,14.19,17.06,19.52,21.69,27.07,25.62,27.51,29.23,30.91,32.43,33.97,35.33,36.65,38.13,39.25,51.18
56.22,2.87,5.62,8.43,11.24,14.04,16.86,19.17,21.38,23.55,24.36,27.30,29.08,30.71,32.23,33.79,35.22,36.39,37.80,39.00,40.30
56.23,2.87,5.62,8.45,11.24,14.04,16.87,19.38,21.54,23.50,25.52,27.29,32.66,30.66,32.21,33.78,35.06,36.52,37.77,38.98,53.69
54.78,2.79,5.48,8.22,10.96,13.70,16.46,19.00,21.07,23.11,25.06,26.83,28.23,30.13,31.67,33.18,34.58,35.97,37.20,38.34,39.57
58.22,2.97,5.82,9.37,11.65,14.56,17.43,19.71,21.87,23.91,26.03,27.96,29.45,31.73,32.70,34.60,36.01,37.36,38.68,39.76,41.15
59.19,3.02,5.92,8.88,11.85,14.80,17.79,20.20,22.35,24.49,26.50,28.29,30.16,31.90,32.86,34.82,36.24,37.63,38.98,40.10,41.42
55.59,2.84,5.56,8.33,11.62,13.89,16.68,19.18,21.12,23.40,25.25,27.04,28.79,30.40,32.13,33.71,34.77,36.28,37.50,38.66,39.92
57.00,2.91,5.70,8.55,11.40,14.08,17.14,19.46,21.62,23.59,25.79,27.52,29.34,31.00,32.52,34.00,35.33,36.50,37.83,34.45,40.27
60.67,3.10,6.06,9.10,12.11,15.17,18.17,20.55,22.78,24.87,26.84,28.72,30.62,32.20,33.85,34.18,36.77,38.07,39.48,40.80,41.80
57.45,2.93,5.74,8.71,11.84,15.54,17.21,19.30,21.82,23.95,25.84,27.68,29.49,31.19,32.61,34.25,35.59,36.96,38.20,39.45,40.77
54.61,2.78,5.46,8.19,10.93,13.66,16.40,18.92,21.09,23.06,25.00,26.77,28.49,29.84,31.24,32.86,34.22,35.62,37.22,38.39,39.65
60.89,3.10,6.08,9.13,12.52,15.20,18.22,20.63,22.85,24.84,27.00,28.89,30.72,32.42,33.88,35.48,36.95,38.35,39.48,40.77,42.24
57.26,2.92,5.81,8.57,11.45,14.27,17.16,19.64,21.82,23.84,25.79,27.67,28.15,31.09,31.23,34.13,35.58,36.93,38.22,39.42,40.78
55.77,2.84,5.58,8.37,11.16,13.97,16.73,19.29,21.39,23.38,25.30,27.20,28.90,30.55,32.11,33.51,34.98,35.99,37.21,38.53,39.71
58.61,2.99,5.86,8.80,11.72,14.66,16.98,18.01,22.00,24.30,25.94,27.82,29.62,31.52,33.06,34.55,36.14,37.39,38.71,43.23,41.28
57.50,2.93,5.74,8.61,11.48,14.37,17.24,19.72,21.88,23.96,25.93,27.67,29.54,31.25,32.76,34.14,31.76,36.63,37.30,39.20,40.45
54.63,2.78,5.46,8.19,10.91,13.53,16.38,18.92,21.07,23.06,24.95,26.72,28.48,30.05,31.58,33.09,34.59,35.87,37.26,38.39,39.62
52.47,2.67,5.24,7.89,10.48,13.11,15.71,18.32,20.37,22.33,24.20,25.91,27.59,29.22,30.82,38.96,33.71,34.83,36.25,37.33,38.65
61.39,3.14,6.15,9.22,12.27,15.34,18.24,20.61,23.07,25.21,26.91,28.77,30.79,32.52,34.01,35.57,37.06,38.54,39.78,41.15,42.38
55.23,2.81,5.52,8.28,11.04,13.82,16.59,18.96,21.26,23.21,24.45,26.99,28.73,30.30,31.90,33.42,34.73,36.04,37.52,38.58,39.80
58.45,2.98,5.84,8.81,11.68,14.62,17.56,19.85,22.23,24.26,26.18,28.06,29.74,31.56,32.95,34.33,35.95,37.33,38.32,39.69,40.62
59.85,3.05,5.98,8.98,11.97,14.94,17.87,20.22,22.41,24.68,26.71,28.48,30.33,31.90,33.65,32.50,36.53,37.95,39.32,40.27,41.58
57.55,2.94,5.76,8.65,11.55,14.41,17.28,19.65,21.99,23.54,25.95,27.89,29.63,31.19,32.67,34.28,35.77,37.11,38.39,39.59,40.97
58.34,2.98,5.84,8.76,11.69,14.62,17.51,19.82,22.18,24.24,26.22,28.07,29.71,31.49,33.07,34.60,35.99,37.35,38.64,39.43,41.07
56.30,2.87,5.62,8.43,11.26,14.04,16.87,19.38,23.08,23.56,25.45,27.29,29.05,30.72,35.39,33.78,50.60,36.42,52.63,39.12,55.03
50.73,2.59,5.08,7.63,10.16,12.72,15.26,17.78,19.88,21.78,23.67,25.37,26.97,28.65,30.17,31.58,32.96,34.37,35.44,36.38,37.50
64.39,3.29,6.45,9.66,13.31,16.13,19.12,21.53,23.85,26.05,26.97,30.09,31.81,33.71,35.25,36.63,38.11,39.58,40.90,42.14,42.68
54.82,2.79,5.48,8.22,11.19,13.70,16.45,17.84,21.11,22.92,24.99,26.81,28.58,30.11,31.65,33.20,34.60,35.98,37.22,38.55,52.00
52.28,2.66,5.22,7.84,10.46,13.06,15.68,18.15,20.14,22.05,23.87,25.64,27.28,28.80,30.70,32.23,33.50,34.87,36.13,37.36,38.69
55.17,2.82,5.52,8.29,11.05,13.82,16.56,18.96,21.20,23.27,25.18,27.71,27.46,37.60,31.89,33.32,50.05,36.12,37.35,38.51,39.79
64.68,3.31,6.46,9.98,12.92,16.15,19.15,21.64,23.97,26.11,28.15,30.06,31.91,33.65,35.20,36.79,38.38,39.63,40.93,42.31,43.51
57.69,2.94,5.88,8.65,11.43,14.41,17.32,19.62,21.78,23.78,25.94,27.55,29.27,31.20,32.64,34.27,35.59,37.05,38.38,36.55,40.74
57.51,2.94,5.76,8.65,11.54,14.40,17.29,19.76,21.92,23.95,25.99,27.77,29.48,31.19,32.75,34.35,35.70,36.91,54.84,39.61,63.97
58.18,2.97,5.82,8.74,11.65,14.58,17.47,19.97,22.13,24.20,26.16,27.98,29.78,31.39,32.98,32.02,35.88,37.37,38.54,39.97,40.65
61.52,3.15,6.16,9.24,12.32,15.40,18.42,20.86,23.11,25.19,27.19,29.08,31.74,32.67,34.10,35.73,37.20,38.51,39.90,41.95,42.35
58.84,3.00,5.88,8.82,11.76,14.69,17.66,20.08,22.27,24.34,25.58,27.82,29.75,31.60,35.97,34.56,36.13,37.32,36.85,39.70,41.29
58.45,2.98,5.84,8.76,11.67,14.63,17.55,19.95,22.17,24.25,26.17,28.08,29.91,31.52,33.09,34.61,36.01,37.18,38.69,39.91,40.90
55.34,2.82,5.53,8.58,11.09,13.87,16.65,19.37,21.30,23.28,25.21,26.49,27.84,30.34,31.91,33.39,34.96,36.19,37.51,38.67,39.96
53.95,2.75,5.40,8.11,10.80,13.49,16.21,18.74,20.85,22.85,24.73,26.55,28.15,29.96,31.41,32.76,34.04,35.64,36.77,38.06,39.27
53.75,2.74,5.38,8.07,10.77,13.48,16.16,18.71,20.82,22.85,24.68,26.48,28.15,29.68,31.27,32.88,34.25,35.46,36.78,37.94,39.16
57.49,2.93,5.86,8.61,11.48,14.40,17.24,19.60,21.88,23.97,25.70,27.74,29.17,31.09,34.83,33.86,35.59,36.82,38.08,39.63,40.75
58.65,2.99,5.86,8.79,11.72,14.66,17.58,22.51,22.18,24.32,26.26,28.15,29.85,31.49,33.07,34.58,36.09,53.88,38.68,39.95,41.13
64.15,3.28,6.42,9.63,12.84,16.06,19.05,21.47,23.83,25.97,28.05,29.97,31.76,33.54,35.12,36.67,38.04,39.43,40.95,42.17,43.28
54.11,2.76,5.42,8.13,10.86,13.55,16.29,18.82,20.90,22.91,24.81,26.63,28.31,29.98,31.50,32.87,34.20,35.73,36.91,38.23,39.30
60.92,3.12,6.10,9.16,12.19,16.42,18.18,20.52,22.96,24.39,26.96,28.63,30.49,32.04,42.75,35.27,36.93,38.40,39.63,40.83,41.72
58.84,3.00,5.88,8.82,11.75,14.71,17.62,17.70,21.71,24.31,26.26,28.11,29.93,31.55,33.17,34.72,36.11,37.48,38.86,40.12,41.30
57.77,2.95,5.78,8.91,11.56,14.50,17.35,19.85,21.97,24.07,25.97,27.78,29.62,31.15,32.87,34.35,35.74,37.24,38.56,39.79,40.94
57.20,2.92,5.72,8.59,11.44,14.29,17.17,19.65,21.83,23.84,27.07,28.54,29.31,31.08,32.63,34.11,35.58,36.95,38.06,39.18,40.34
56.76,2.90,5.68,8.53,11.40,14.19,17.06,19.56,21.69,23.73,25.65,27.46,29.24,30.90,32.43,34.00,35.48,36.63,38.09,39.39,40.60
52.11,2.66,5.22,7.84,10.44,13.05,15.68,21.57,20.34,22.27,24.15,25.92,27.61,29.25,30.61,32.24,33.53,34.73,36.12,37.23,38.55
56.81,2.90,5.68,8.52,11.35,14.22,17.06,19.52,21.73,23.72,25.71,27.52,29.00,30.68,32.43,33.85,35.43,36.67,38.09,39.25,40.49
56.64,2.89,5.66,8.50,11.32,14.17,16.99,19.49,21.63,23.73,25.51,27.44,29.23,30.80,32.43,39.77,35.35,36.80,38.00,39.36,40.47
57.00,2.91,5.70,8.56,11.43,14.24,17.09,19.44,21.78,23.78,25.53,27.56,29.20,31.01,32.13,33.70,35.06,36.51,38.24,39.47,39.79
60.03,3.06,6.00,9.01,12.36,14.99,18.02,20.44,22.63,24.76,26.69,28.66,30.33,32.11,33.72,35.06,36.69,33.18,39.30,40.59,41.59
56.96,2.91,5.70,8.56,11.41,14.27,17.11,19.61,26.40,23.85,25.71,27.49,29.21,30.98,32.53,33.71,35.51,36.38,37.76,39.04,42.84
58.53,2.99,5.86,8.97,11.74,14.67,17.60,20.00,22.23,24.42,26.27,28.15,30.80,31.62,33.22,34.62,36.02,37.51,38.87,39.94,41.08
63.67,3.25,6.36,9.54,12.72,15.89,18.89,21.40,23.66,25.85,27.84,28.89,31.23,33.28,34.93,36.36,37.91,39.31,40.79,41.83,43.05
57.24,2.92,5.72,8.58,11.43,14.32,17.16,19.64,21.83,23.90,25.78,27.65,29.32,31.09,32.54,34.12,35.47,36.95,38.22,39.48,40.56
52.07,2.65,5.20,7.80,10.40,12.99,15.58,18.18,20.25,22.17,27.59,25.78,27.42,28.97,30.10,32.13,33.39,34.69,36.14,37.23,38.56
59.27,3.02,5.92,8.88,12.16,14.83,17.78,20.35,22.38,24.50,26.49,28.30,30.31,31.84,33.33,34.98,36.23,37.63,39.19,40.28,41.43
60.73,3.10,6.08,9.13,12.16,16.02,18.21,20.64,22.85,24.94,27.00,28.88,30.69,32.29,33.87,35.45,36.94,38.36,39.63,39.94,42.02
62.09,3.17,6.20,9.30,12.41,15.50,18.49,20.95,23.23,25.31,27.06,28.99,30.76,28.47,34.35,35.98,37.36,38.71,40.07,41.31,42.70
60.27,3.08,6.02,9.02,12.04,15.06,18.07,20.28,22.45,24.54,26.76,28.65,30.06,32.09,33.45,34.97,36.39,37.67,39.21,40.34,44.99
60.76,3.11,6.08,9.13,12.17,15.23,18.27,20.57,22.83,25.01,26.98,28.79,30.68,32.32,42.21,35.45,36.94,38.21,39.49,40.94,42.23
54.27,2.76,5.42,8.13,10.84,13.56,15.65,18.82,21.00,22.84,24.67,26.48,28.30,29.84,31.13,32.60,47.80,35.39,36.55,38.22,39.06
54.87,2.79,5.48,8.22,10.99,13.71,16.45,19.00,21.12,26.86,24.79,27.43,28.47,30.13,31.68,33.18,34.61,36.00,37.32,38.54,39.62
45.51,2.32,4.61,6.98,9.13,11.40,13.70,15.96,18.26,20.04,21.78,23.40,24.99,33.41,28.03,29.34,30.60,31.90,33.07,34.36,35.49
54.47,2.77,5.44,8.16,10.89,13.61,16.32,18.90,20.99,23.01,24.87,26.70,28.39,30.05,31.60,33.08,34.49,35.87,37.03,38.36,39.49
52.62,2.68,5.26,7.90,10.53,13.17,15.77,18.39,20.46,22.36,24.26,25.98,27.68,29.33,30.90,32.19,33.76,35.00,36.27,37.46,38.86
57.36,2.93,5.74,8.58,11.50,14.38,17.21,19.71,21.93,23.96,25.86,27.67,29.53,31.12,32.78,34.25,35.76,37.08,38.40,39.48,40.78
52.92,2.70,5.30,7.95,10.61,13.25,15.90,18.49,20.19,22.54,24.39,26.19,27.83,29.40,30.97,32.41,33.85,35.19,36.35,37.86,39.01
52.90,2.69,5.28,7.92,10.55,13.20,15.86,18.43,20.52,22.49,24.33,26.13,27.56,29.41,30.78,32.06,33.50,34.72,36.30,37.23,38.34
53.01,2.70,5.30,7.95,10.60,13.27,15.90,18.47,20.54,22.52,24.41,26.19,27.90,29.52,31.11,32.54,33.90,35.08,36.40,37.65,38.84
58.56,2.99,5.86,8.79,11.72,14.67,17.59,20.05,22.20,24.31,26.24,28.15,29.85,31.46,33.08,34.60,36.12,37.49,38.83,39.90,41.27
53.63,2.73,5.36,8.04,10.72,13.43,16.09,18.64,20.77,22.74,24.36,26.44,28.09,29.68,31.28,33.52,34.05,35.22,36.34,38.52,44.44
57.74,2.95,5.78,8.87,11.56,16.03,17.33,20.93,22.07,24.08,26.10,27.83,29.71,31.17,32.52,34.36,35.69,37.10,37.49,39.69,40.91
59.10,3.02,5.92,8.89,11.84,14.84,17.38,20.21,22.38,24.50,26.48,28.31,30.04,31.80,33.29,34.85,36.26,37.69,38.99,40.32,41.44
59.14,3.03,5.92,8.77,11.85,14.80,17.76,20.16,22.37,24.49,26.48,28.29,30.01,31.68,33.26,34.83,36.41,37.82,39.02,40.33,41.43
56.41,2.88,5.64,8.46,11.27,14.11,16.93,19.45,21.53,23.62,25.59,27.36,29.05,30.69,32.33,32.95,35.06,36.49,37.91,39.10,40.23
60.04,3.06,6.00,9.03,12.00,15.00,18.02,20.38,22.41,24.54,26.68,28.55,30.10,32.00,33.63,35.07,36.64,37.91,39.20,40.48,41.93
58.75,3.00,5.88,8.82,11.76,14.69,17.56,19.92,22.06,24.17,26.34,28.14,29.96,31.61,33.30,34.61,36.13,37.49,38.82,40.08,41.22
52.62,2.68,5.26,7.89,10.53,13.16,15.72,18.97,19.90,22.37,24.07,25.78,27.74,28.96,30.53,32.34,33.65,35.07,36.28,37.50,38.70
60.46,3.08,6.04,9.07,12.09,15.64,17.99,20.36,22.62,23.20,26.58,27.08,30.48,32.10,41.30,35.31,36.77,38.21,39.43,40.56,41.95
39.86,2.00,3.98,5.97,7.95,9.96,11.95,13.94,15.93,17.90,19.90,21.92,23.85,25.93,27.91,29.93,31.96,33.87,34.96,35.52,35.83
39.49,1.97,3.94,5.91,7.88,9.86,11.83,13.87,15.77,17.73,19.70,21.68,23.65,25.64,27.59,29.52,31.55,33.49,34.92,35.59,35.78
40.13,2.01,4.02,6.03,8.04,10.05,12.07,14.08,16.08,18.09,20.13,22.12,24.24,26.13,28.20,30.11,32.21,32.14,35.30,35.82,33.61
40.24,2.02,4.02,6.04,8.04,10.06,12.07,14.07,16.09,18.16,20.18,22.12,24.42,26.31,29.29,30.20,30.68,34.07,35.17,46.58,36.04
39.60,1.99,3.96,5.94,7.92,9.90,11.88,13.87,15.85,17.84,19.84,21.88,23.72,34.84,27.87,29.73,34.90,33.67,32.95,30.39,35.99
39.94,2.00,4.00,6.20,8.00,10.30,12.00,13.82,16.01,18.03,23.40,22.02,24.03,26.03,28.13,30.02,31.88,33.94,35.03,35.56,36.05
39.96,2.00,4.00,6.01,8.01,10.00,12.00,14.02,16.01,18.01,20.02,22.01,24.04,26.02,28.06,30.04,32.05,33.90,35.04,35.50,36.06
37.89,1.89,3.78,5.70,7.56,9.45,11.36,13.25,15.14,17.02,18.92,20.76,22.72,24.59,26.48,28.52,30.15,32.18,33.99,35.05,35.48
39.61,1.99,3.96,5.95,7.92,9.92,11.90,13.87,15.81,17.83,19.81,21.80,23.77,25.77,28.08,29.71,31.63,33.27,34.92,35.48,35.86
37.00,1.85,3.70,5.55,7.40,9.25,11.10,12.99,14.81,16.63,18.55,20.36,23.58,24.08,26.17,29.98,29.60,33.69,33.38,35.75,35.33
40.41,2.03,4.04,6.09,8.10,10.10,12.13,14.14,16.18,18.20,21.56,22.22,24.27,26.31,28.28,27.92,32.29,34.23,35.01,35.82,36.08
36.40,1.83,3.64,5.50,7.28,9.12,10.95,12.75,14.57,16.55,18.22,20.27,21.88,23.70,25.50,27.34,29.01,30.84,32.83,34.66,35.04
38.09,1.90,3.80,5.72,7.60,9.50,11.40,13.30,15.21,17.12,19.02,20.98,23.08,24.82,26.73,28.85,30.38,32.35,31.08,35.28,35.59
39.76,2.00,3.98,5.97,7.96,10.06,11.95,13.94,15.93,17.91,19.98,21.90,23.91,25.92,27.91,30.57,31.95,34.34,35.05,35.36,35.96
41.52,2.08,4.16,6.31,8.32,10.40,12.49,14.57,16.65,18.72,20.87,22.91,25.00,27.05,30.20,31.18,33.16,34.80,35.31,36.08,36.19
41.11,2.07,4.12,6.18,8.25,10.30,12.37,14.43,16.49,18.49,23.89,22.67,24.68,26.81,28.82,37.19,33.01,34.76,35.25,35.78,36.39
37.59,1.89,3.76,5.64,7.61,9.40,11.27,13.17,15.01,16.91,18.82,20.70,22.50,24.46,25.94,28.21,30.11,32.06,33.91,35.04,35.47
39.52,1.99,3.96,6.00,8.11,9.90,11.88,13.82,15.87,18.83,23.38,22.04,23.76,25.73,27.74,29.72,31.68,33.32,34.93,35.44,35.78
41.04,2.06,4.10,6.15,8.20,10.37,12.32,14.33,16.41,18.47,20.52,22.55,24.76,26.56,28.73,30.80,32.62,29.81,35.34,35.76,36.28
35.78,1.79,3.58,5.37,7.18,8.95,10.74,12.52,14.33,16.68,17.92,21.28,21.46,23.27,25.09,26.89,28.70,30.02,32.25,34.01,34.96
40.08,2.01,4.00,6.00,8.01,10.00,12.00,14.02,15.99,18.02,20.04,22.03,24.03,26.09,27.88,30.05,32.12,34.03,33.81,35.58,36.35
37.85,1.90,3.78,5.89,7.57,9.45,11.35,13.26,15.16,17.02,18.90,20.86,22.70,24.88,25.56,28.41,30.42,32.13,34.06,38.73,35.48
39.51,1.98,3.96,5.99,7.92,9.90,11.77,13.87,16.29,17.83,19.81,22.73,23.84,25.77,30.28,29.72,31.68,33.52,33.63,35.52,35.81
40.55,2.03,4.06,6.09,8.12,10.15,12.20,14.21,16.25,18.28,24.98,22.29,24.37,26.42,28.49,30.42,32.48,34.62,35.29,29.24,36.38
39.31,1.98,3.94,5.91,7.89,9.85,11.83,13.80,15.77,17.72,19.71,21.69,23.65,25.62,27.61,29.56,31.55,33.52,34.94,35.53,36.09
40.51,2.04,4.06,6.09,8.12,10.15,12.18,14.22,16.26,18.29,20.26,22.35,31.38,26.48,28.46,30.56,32.69,34.57,36.50,35.83,28.71
39.67,1.98,3.96,5.94,7.92,9.89,11.88,16.12,15.84,17.89,19.81,21.86,23.77,25.77,28.04,29.88,31.84,33.69,34.80,35.94,36.02
42.71,2.15,4.28,6.41,8.57,10.72,12.86,14.99,17.14,19.27,21.67,23.60,25.85,27.94,30.65,32.12,29.84,35.09,35.77,36.39,30.62
37.54,1.89,3.76,5.64,7.53,9.41,11.28,13.18,15.03,16.97,18.85,20.68,22.59,24.49,26.34,28.23,30.09,30.14,33.93,34.96,35.48
38.60,1.94,3.86,5.82,7.73,9.65,11.58,13.52,15.44,17.38,19.28,21.24,23.09,24.97,27.85,29.01,30.84,32.70,34.69,31.21,35.70
37.70,1.88,3.76,5.65,7.52,9.41,11.28,13.16,15.05,16.94,18.82,20.76,22.58,24.47,26.35,28.18,30.08,31.88,33.91,34.87,35.49
37.83,1.90,3.78,5.68,7.55,9.45,11.36,13.25,15.13,17.02,18.93,20.91,22.72,24.60,26.48,28.36,30.20,32.14,34.08,33.10,35.25
40.31,2.02,4.04,6.07,8.08,10.11,12.13,14.12,16.21,18.19,20.16,22.16,24.49,26.29,28.29,31.85,32.35,31.34,34.99,35.78,32.73
41.12,2.07,4.12,6.18,8.75,10.31,12.36,14.43,16.49,18.55,20.62,22.69,24.64,27.11,28.83,30.94,33.05,34.74,35.67,36.14,36.18
40.45,2.03,4.04,6.06,8.08,10.10,12.13,14.15,16.17,18.29,20.19,22.50,24.36,26.31,28.28,30.28,32.98,31.52,35.30,35.59,36.07
38.58,1.93,3.86,5.79,7.72,9.65,11.58,13.52,15.45,17.42,19.37,23.47,23.18,26.83,27.04,28.94,31.26,32.73,38.57,35.15,35.58
40.28,2.01,4.02,6.03,8.04,10.05,12.06,14.08,16.09,18.10,20.12,22.13,24.21,26.21,28.47,30.60,32.20,34.03,35.69,32.44,36.04
40.81,2.05,4.08,6.12,8.20,10.20,12.25,14.30,16.33,18.37,20.37,22.46,24.52,26.68,28.60,32.16,32.72,34.59,35.92,35.82,36.31
39.55,1.98,3.96,5.94,7.93,9.90,11.88,13.83,15.81,17.83,19.82,21.79,23.84,25.77,27.67,29.65,31.65,31.89,34.82,35.42,36.75
37.22,1.86,3.72,5.65,7.44,9.30,11.17,13.01,14.90,16.76,18.61,20.42,22.33,24.16,26.06,27.93,29.78,31.11,33.58,35.00,35.60
41.58,2.09,4.16,6.24,8.33,10.40,12.49,14.56,16.65,18.69,20.80,22.98,24.99,27.06,29.13,31.21,33.19,34.96,35.55,36.06,36.36
40.03,2.01,4.00,6.01,8.00,10.00,12.01,14.00,15.96,18.01,20.04,22.02,24.09,26.13,27.99,30.03,32.03,34.26,34.97,35.41,36.04
39.04,1.95,3.90,5.92,7.80,9.75,11.70,13.70,15.60,17.73,19.51,21.44,23.41,25.39,27.41,29.24,31.40,33.12,34.81,28.08,36.17
39.76,2.00,3.98,5.97,7.96,9.96,11.97,13.94,15.93,17.93,19.92,21.83,23.91,25.92,26.98,29.89,31.70,33.86,35.06,35.54,36.01
38.40,1.92,3.84,5.82,7.86,9.71,11.65,13.43,15.40,17.33,19.22,21.16,23.05,25.25,26.95,29.14,30.77,32.81,34.60,35.24,35.57
39.92,2.01,4.00,6.00,8.00,10.00,12.20,13.98,16.01,17.95,21.58,22.02,24.04,25.83,28.05,30.04,31.95,35.10,35.06,35.55,36.07
40.83,2.05,4.08,6.13,7.98,10.23,12.25,14.29,16.33,18.39,20.42,22.52,24.49,27.58,36.27,32.05,32.57,40.23,30.21,36.49,36.32
38.86,1.95,3.88,5.89,7.75,9.70,11.65,13.59,15.54,17.47,19.49,21.35,23.57,25.25,27.21,29.27,31.13,33.06,34.78,39.81,35.78
37.51,1.88,3.76,5.64,7.53,9.41,11.29,13.20,15.05,16.88,19.14,20.71,22.59,25.02,26.35,28.54,29.58,31.98,33.96,35.01,36.00
39.85,2.00,3.98,5.96,7.96,9.95,11.96,13.94,15.93,17.92,19.84,21.84,23.61,25.91,27.92,29.85,31.75,33.72,34.95,35.66,36.77
39.56,1.98,3.96,6.04,7.92,9.90,11.88,13.90,15.83,17.83,19.82,27.17,23.79,25.76,27.72,29.92,31.94,33.69,35.06,35.57,35.77
40.87,2.05,4.08,6.12,8.17,10.96,12.12,14.27,16.33,18.38,20.42,22.47,24.50,26.67,28.60,32.58,32.83,34.55,35.25,35.62,36.18
39.79,2.00,3.98,5.97,7.96,9.95,11.97,13.94,15.95,17.92,19.89,21.91,24.03,25.97,27.94,29.91,30.06,33.83,35.09,35.48,35.84
40.30,2.02,4.04,6.06,8.10,10.11,12.13,16.01,16.17,18.19,20.15,22.24,24.26,26.38,28.30,30.33,32.32,32.86,36.85,39.95,36.01
39.96,2.01,4.00,6.01,8.01,10.01,12.01,14.00,15.99,18.07,20.02,22.03,24.03,26.03,28.00,30.04,32.04,34.65,34.90,35.30,36.03
40.28,2.01,4.02,6.03,8.04,10.05,12.06,14.08,16.09,18.10,20.13,22.60,24.15,28.54,28.13,30.32,32.20,34.36,35.20,35.83,36.26
39.80,2.00,3.98,5.97,7.96,9.95,13.34,13.95,15.93,17.93,19.98,21.91,23.90,25.91,27.94,29.82,30.20,33.77,32.77,35.75,36.11
52.06,2.61,5.20,7.80,10.42,12.99,15.65,18.21,20.81,23.43,26.04,28.70,31.23,33.87,35.33,35.85,36.34,36.87,37.44,41.29,37.48
39.46,1.98,3.94,5.91,7.88,9.85,11.82,13.80,15.78,17.78,19.73,21.69,23.67,25.76,27.58,29.55,31.49,33.74,34.93,35.48,35.75
39.03,1.96,3.90,5.85,7.81,9.75,11.72,13.62,15.67,17.54,19.60,21.42,23.44,25.31,27.64,29.30,33.13,33.23,34.76,35.25,35.79
39.86,1.99,3.98,5.97,7.96,9.96,11.93,13.98,15.95,18.12,19.91,21.74,23.92,25.93,28.04,29.82,31.83,33.67,35.01,35.58,36.21
41.34,2.07,4.14,6.21,8.28,10.35,12.40,14.51,16.57,18.64,20.72,22.79,24.79,27.07,29.09,31.09,33.11,34.66,35.53,35.74,36.29
40.15,2.02,4.02,6.03,8.04,10.06,12.07,14.08,16.05,18.06,20.11,22.21,24.15,26.14,28.20,30.18,32.22,34.12,35.04,35.83,34.57
40.44,2.03,4.05,6.06,8.08,10.10,12.12,14.15,16.16,22.34,20.14,22.23,24.26,26.26,28.30,30.49,32.36,34.31,35.22,36.69,36.07
42.06,2.11,4.20,6.31,9.19,10.51,12.60,14.71,18.98,18.91,21.02,23.33,25.22,35.52,29.43,29.16,32.72,34.90,35.28,36.08,36.34
40.79,2.05,4.08,6.19,8.16,10.20,12.24,14.29,16.33,18.39,20.42,22.48,24.54,26.59,28.55,30.65,32.71,34.67,35.04,35.84,36.06
37.57,1.88,3.80,5.65,7.52,9.40,11.29,13.16,15.08,16.94,18.82,20.69,22.62,24.45,26.42,28.25,30.05,31.91,33.94,34.97,36.19
40.95,2.06,4.10,6.15,8.20,10.28,12.29,14.38,16.40,18.51,20.45,22.57,24.75,26.56,28.75,30.79,32.74,34.57,35.42,35.84,36.30
37.86,1.89,3.78,5.67,7.57,9.46,11.34,13.23,15.13,17.05,18.84,20.82,22.80,24.69,26.49,28.42,30.20,32.29,33.98,35.09,35.46
41.63,2.09,4.16,6.25,8.32,10.32,12.49,14.57,16.60,18.71,20.82,22.86,25.03,27.05,29.10,31.27,33.31,34.27,35.36,35.76,36.33
33.75,1.69,3.38,5.07,6.76,8.46,10.89,11.83,13.52,15.22,16.91,18.60,20.30,21.97,23.69,25.37,27.08,28.75,30.78,32.14,33.75
42.86,2.15,4.48,6.49,8.56,10.71,12.87,14.99,17.15,19.27,21.47,23.55,25.73,27.81,30.00,32.13,34.09,35.28,35.75,36.56,36.62
40.41,2.02,4.04,6.06,8.08,10.10,12.32,14.12,16.16,18.19,20.14,22.24,24.24,26.28,28.37,30.26,32.37,34.17,35.18,35.89,35.97
37.33,1.87,3.77,5.83,7.48,9.34,11.22,13.11,14.98,16.79,18.71,21.21,22.47,24.31,26.20,28.08,29.93,31.77,33.70,35.40,35.49
39.75,1.99,3.98,5.97,7.96,9.95,11.95,13.94,15.89,17.93,19.85,21.87,24.12,25.89,28.20,29.88,31.78,33.85,35.66,35.79,40.04
39.58,1.99,3.96,5.95,7.92,9.91,11.88,13.86,15.85,17.88,19.83,21.76,23.79,25.78,27.63,29.69,31.82,35.62,35.09,35.49,30.78
37.10,1.85,3.70,5.55,8.01,9.25,11.10,12.95,14.78,16.71,18.52,20.38,22.18,24.07,25.90,27.80,29.63,31.47,33.21,34.69,35.22
39.30,1.96,3.92,5.87,7.84,9.80,11.85,13.84,15.68,17.68,19.54,21.51,23.55,25.50,27.81,29.98,31.86,33.42,34.94,35.92,36.08
42.73,2.15,4.28,6.42,8.56,10.70,12.84,15.03,17.12,19.29,21.43,23.52,25.59,27.78,29.99,32.15,34.22,35.08,35.77,32.88,36.57
39.48,1.98,3.94,5.91,7.88,9.86,11.82,13.79,15.77,17.67,19.71,21.68,23.66,25.65,27.61,29.52,29.14,33.45,34.94,35.51,35.79
39.69,1.99,3.96,6.15,8.01,9.92,11.90,13.85,15.83,17.83,19.82,21.84,23.75,25.23,27.77,29.71,31.63,33.47,34.95,35.57,35.77
41.49,2.08,4.14,6.21,8.28,10.35,12.94,14.49,16.57,18.65,20.75,22.72,24.78,32.32,29.02,31.36,33.09,34.76,35.27,35.81,36.41
41.28,2.07,4.12,6.27,8.24,10.30,12.37,14.43,19.81,18.51,20.53,23.84,24.74,26.81,28.86,31.46,32.96,34.73,35.14,36.16,36.37
37.78,1.89,3.78,5.68,7.60,9.45,11.33,13.24,14.96,17.02,18.91,20.83,22.70,24.60,26.48,27.46,36.47,32.16,34.26,36.56,39.08
41.92,2.11,4.20,6.30,8.40,10.50,12.60,14.71,16.77,18.92,21.03,23.22,25.35,27.52,29.45,31.60,31.47,34.96,35.80,35.83,36.43
39.68,1.99,3.96,5.94,7.94,9.90,11.88,13.90,15.82,17.88,19.82,21.81,23.70,25.82,27.72,29.70,31.75,33.75,34.93,35.59,36.10
37.98,1.90,3.80,5.70,7.61,9.52,11.40,13.27,15.21,17.11,19.01,20.92,22.82,24.63,26.61,28.47,30.36,32.32,34.40,35.03,35.55
39.95,2.01,4.00,6.00,8.00,10.00,12.01,14.01,15.99,18.02,20.04,22.02,31.86,26.02,28.02,30.04,32.03,33.91,35.04,35.50,38.55
40.67,2.04,4.06,6.09,8.12,10.15,12.20,14.22,16.29,18.28,20.25,22.35,24.39,26.41,28.53,30.56,32.39,34.48,35.27,35.56,36.16
38.95,1.96,3.90,5.85,7.81,9.75,11.84,13.65,15.77,17.56,19.53,21.54,23.41,25.39,27.33,29.29,31.25,33.54,35.14,35.24,35.83
40.17,2.02,4.02,6.23,8.08,10.06,12.09,14.07,16.09,18.10,20.13,22.14,24.14,33.23,28.19,30.79,32.01,34.11,35.05,35.55,39.19
39.65,1.98,3.96,5.95,8.02,9.92,11.89,13.87,15.83,17.83,20.07,21.77,23.78,25.79,27.89,29.77,31.66,35.75,34.97,35.42,35.84
39.92,2.00,4.00,6.00,8.00,10.00,12.00,13.98,16.06,18.00,20.01,22.06,24.10,26.02,28.15,29.87,32.06,34.10,31.70,35.55,35.89
39.64,1.99,3.96,5.94,7.93,9.91,11.86,13.88,15.85,17.83,19.80,21.89,23.72,25.78,27.72,30.28,31.65,34.42,38.09,35.53,35.78
38.25,1.91,3.82,5.73,7.64,9.55,11.44,13.37,15.26,17.20,19.17,21.04,23.07,24.84,26.78,29.09,30.58,32.39,34.24,35.00,35.48
40.14,2.02,4.02,6.03,8.04,10.05,12.07,14.08,16.08,18.05,20.12,22.14,24.14,26.14,28.17,30.40,32.21,34.35,34.99,35.48,36.06
40.78,2.04,4.08,6.12,8.24,10.23,12.22,14.29,16.35,18.40,20.38,22.48,25.55,26.58,31.43,31.55,32.50,34.76,35.23,35.59,36.34
40.73,2.05,4.08,6.12,8.16,10.20,12.25,14.28,16.33,18.37,20.42,22.46,25.06,26.53,28.73,30.49,32.47,29.91,35.30,35.76,36.29
39.16,1.96,3.92,5.89,7.84,9.81,11.76,13.73,15.66,17.60,19.57,21.62,23.62,25.63,27.46,29.40,31.30,33.24,34.72,35.32,36.10
42.19,2.12,4.22,6.33,8.44,10.55,12.67,16.38,16.90,19.05,21.10,23.23,25.40,27.46,29.45,31.60,33.60,35.00,35.47,36.03,36.36
35.06,1.77,3.50,5.25,6.99,8.75,10.51,12.23,14.02,15.71,17.49,19.25,21.00,22.27,23.27,24.06,25.19,25.58,27.40,26.96,36.09
33.92,1.72,3.40,5.10,6.80,8.52,11.38,11.90,13.30,15.31,17.05,18.72,22.46,22.00,22.80,23.72,24.55,25.14,25.85,26.54,27.13
33.00,1.67,3.30,4.95,6.60,8.25,9.89,11.55,13.19,14.88,16.46,18.17,19.87,21.51,22.65,23.38,24.17,24.90,25.53,26.13,26.80
32.33,1.64,3.24,4.86,6.49,8.11,9.73,11.33,12.97,14.55,16.20,17.83,19.42,21.06,22.28,23.15,23.95,24.68,25.31,25.86,26.50
33.09,1.67,3.30,5.04,6.60,8.44,9.89,11.54,13.22,14.81,16.48,18.16,19.90,21.42,22.49,23.38,24.17,23.12,25.58,26.22,26.67
33.69,1.70,3.36,5.04,6.72,8.39,10.10,11.77,14.08,15.13,16.78,18.43,20.21,21.78,22.73,22.15,24.29,25.05,25.83,26.37,26.93
33.36,1.69,3.34,5.01,6.69,8.34,10.01,11.92,13.34,15.06,16.75,18.43,20.14,21.74,22.62,23.48,24.18,24.90,23.88,26.28,26.95
31.92,1.62,3.20,4.80,6.40,8.00,9.61,11.19,12.81,14.41,16.03,17.59,19.22,20.87,22.22,23.09,23.74,24.54,25.18,25.72,26.52
30.85,1.55,3.08,4.69,6.16,7.70,9.24,10.78,12.33,13.86,15.41,16.99,18.45,20.04,20.86,22.61,23.27,24.05,24.67,25.46,25.97
32.27,1.63,3.32,4.83,6.44,8.05,9.67,11.26,12.87,14.49,16.15,17.76,19.34,20.87,22.20,22.14,23.82,24.54,25.18,25.96,26.54
32.67,1.65,3.26,4.89,6.52,8.15,9.78,11.39,13.05,14.67,16.30,17.95,19.53,21.17,22.41,23.15,23.95,27.83,25.43,25.97,26.54
32.96,1.67,3.30,4.95,6.60,8.25,9.91,11.57,13.19,14.84,16.51,18.11,19.83,21.43,22.50,23.23,23.57,24.79,25.09,26.10,36.38
32.33,1.64,3.24,4.86,6.48,8.10,9.72,11.34,12.95,14.59,16.19,17.83,19.45,20.21,22.41,23.25,23.94,24.65,25.29,25.99,30.18
32.61,1.65,3.26,4.89,6.52,8.15,9.78,11.40,13.06,14.66,16.34,17.91,19.61,21.20,22.41,23.16,24.25,22.04,25.47,25.98,26.67
33.60,1.70,3.36,5.09,6.73,8.40,10.08,11.77,13.44,15.13,16.76,18.45,20.16,21.86,22.73,23.69,24.31,23.57,25.66,26.36,26.92
32.04,1.62,3.20,4.80,6.40,8.00,9.60,11.20,12.81,14.41,15.98,17.68,19.22,20.86,22.20,22.95,24.04,24.54,25.03,25.68,26.37
30.69,1.54,3.06,4.59,6.12,7.64,9.30,10.73,12.23,13.76,15.32,16.88,18.34,19.85,21.47,22.52,23.26,24.01,24.64,25.31,24.17
33.12,1.68,3.32,4.98,6.64,8.30,9.96,11.99,13.28,14.95,16.58,18.25,21.26,24.70,24.43,23.59,24.06,24.89,25.70,26.25,26.76
33.31,1.69,3.34,5.01,6.83,8.36,10.33,11.70,13.40,15.03,16.76,18.41,20.13,21.69,22.71,23.60,24.18,25.05,25.68,27.26,25.58
32.19,1.63,3.22,4.83,6.45,8.05,9.66,11.28,12.91,14.50,16.12,17.73,19.34,20.93,22.20,23.04,23.81,24.56,25.29,26.00,26.38
32.47,1.64,3.24,4.86,6.48,8.09,9.74,11.34,12.99,14.60,16.19,17.82,19.61,20.86,23.73,23.16,23.87,24.68,25.31,25.75,26.54
32.64,1.65,3.26,4.89,6.52,8.15,9.78,11.42,14.30,14.73,16.29,17.95,19.54,21.19,22.40,23.26,23.94,24.68,25.12,26.10,27.09
32.64,1.65,3.27,4.90,6.53,8.15,9.78,11.43,13.05,17.01,16.34,17.90,19.58,21.18,22.40,23.25,23.58,24.77,25.42,25.94,26.53
32.03,1.62,3.20,4.80,6.40,8.00,9.60,10.89,12.80,14.41,16.00,17.65,19.28,19.30,27.54,22.93,23.82,24.42,25.16,25.83,26.38
32.71,1.66,3.28,4.92,6.56,8.20,9.84,11.48,13.11,14.78,16.40,18.04,19.69,21.35,22.54,23.37,24.05,24.82,25.41,26.08,26.67
32.34,1.64,3.24,4.86,6.48,8.12,9.74,11.32,12.97,14.59,16.17,17.85,19.41,21.11,22.42,23.18,23.83,28.65,25.31,26.03,26.54
32.63,1.65,3.26,4.94,6.52,8.15,10.47,11.42,13.05,14.65,16.29,17.93,19.53,20.14,22.38,23.27,24.09,32.73,25.40,26.07,28.01
33.57,1.70,3.36,5.27,6.72,8.40,10.08,11.78,13.45,15.13,16.77,18.43,20.19,20.52,22.73,23.59,24.43,24.93,25.66,26.40,26.97
32.98,1.67,3.30,4.95,6.60,8.26,9.91,11.57,14.21,14.87,16.54,18.15,19.79,21.43,22.51,23.48,30.77,24.91,32.28,26.24,30.22
32.53,1.65,3.26,4.89,6.52,8.15,9.79,11.42,13.04,14.65,16.30,17.93,19.51,21.18,22.40,23.25,24.07,24.67,25.39,25.93,26.54
32.49,1.64,3.24,4.86,6.48,8.10,9.73,11.35,13.35,14.61,16.19,17.81,19.41,21.06,22.32,23.06,22.57,24.66,25.43,25.95,26.53
30.85,1.55,3.08,4.62,6.17,7.70,9.25,10.78,12.32,13.87,16.11,16.97,18.50,20.06,21.65,22.51,23.39,24.09,25.21,25.29,25.96
32.41,1.64,3.24,4.86,6.48,8.10,9.72,11.45,12.98,14.59,16.19,17.82,19.48,20.18,22.40,22.97,23.93,24.67,24.60,25.99,26.57
30.68,1.54,3.06,4.59,6.13,7.66,9.18,10.70,12.25,13.75,15.31,16.88,18.38,19.95,21.41,22.53,21.45,22.95,24.65,25.34,25.82
33.21,1.68,3.32,4.98,6.64,8.29,9.97,11.62,13.30,14.95,16.59,18.27,19.62,21.05,21.31,23.38,24.18,24.90,25.71,23.49,34.38
32.22,1.63,3.25,4.96,6.44,8.30,9.66,11.28,12.90,14.52,16.09,17.70,19.07,20.90,22.30,23.04,23.62,24.54,25.17,25.86,26.55
30.92,1.56,3.10,4.66,6.21,7.76,9.31,10.85,12.41,13.96,15.51,17.10,18.63,20.10,21.72,24.03,23.37,24.31,24.79,31.97,26.10
30.75,1.55,3.08,4.62,6.15,7.70,9.24,10.79,12.32,13.86,16.22,16.93,18.44,20.05,21.56,22.51,23.26,23.96,24.95,25.42,25.97
32.29,1.63,3.23,4.83,6.73,8.07,9.65,11.30,12.90,14.49,16.13,17.68,22.55,20.98,21.08,23.05,23.80,24.51,24.88,23.27,26.41
32.56,1.65,3.26,4.95,6.52,8.15,9.78,11.42,13.05,14.67,16.33,17.95,19.62,21.21,22.29,22.95,23.95,24.67,25.28,25.93,26.69
32.85,1.66,3.28,4.92,6.56,8.67,9.83,11.49,13.16,14.73,16.40,18.05,19.75,21.36,22.52,23.35,24.06,24.79,25.58,26.10,26.64
31.92,1.62,3.20,4.80,6.40,8.00,9.60,11.21,12.81,14.45,15.99,17.60,19.21,20.86,22.16,23.04,23.84,24.69,25.18,26.09,26.38
32.24,1.63,3.22,4.83,6.58,8.05,10.24,11.28,12.89,16.42,16.15,17.76,19.28,20.96,22.20,22.93,23.69,24.54,23.58,25.89,26.52
32.73,1.66,3.28,4.92,6.57,8.20,10.56,11.49,13.16,15.34,16.39,18.04,19.76,21.36,22.51,23.29,29.88,24.77,25.42,28.71,26.70
32.36,1.64,3.25,4.91,6.60,8.10,9.74,11.36,12.96,16.31,16.17,18.05,19.48,21.09,22.42,23.16,23.61,24.57,25.30,25.83,26.55
30.52,1.54,3.08,4.59,6.12,7.65,9.20,10.71,12.25,13.80,15.32,16.87,18.41,19.85,21.37,22.53,23.26,23.96,24.67,25.32,25.95
32.63,1.65,3.26,4.89,6.52,8.15,10.11,11.42,13.05,14.66,16.36,17.94,19.62,21.30,22.42,23.11,23.96,24.67,25.30,26.13,26.68
32.12,1.62,3.23,4.83,6.44,8.13,9.66,11.27,12.91,14.54,16.07,17.89,19.34,20.92,22.21,23.15,23.83,24.52,25.15,25.80,26.53
31.50,1.59,3.14,4.71,6.28,7.84,9.42,11.00,12.57,14.43,15.73,17.28,20.47,20.43,21.89,22.83,23.60,22.67,22.74,25.54,26.12
32.14,1.63,3.22,4.84,6.51,8.06,9.58,11.28,12.90,14.48,17.31,20.71,21.39,21.11,22.30,22.86,23.83,24.67,25.67,25.86,26.50
33.43,1.69,3.34,5.10,6.68,8.34,10.01,11.69,13.34,15.04,16.71,18.38,20.06,21.71,22.72,23.58,24.29,25.03,25.72,26.36,31.37
32.46,1.64,3.24,4.86,6.49,8.10,9.73,11.32,12.96,14.59,16.23,17.80,19.46,21.05,22.31,23.16,23.94,24.64,25.29,25.83,26.54
32.85,1.66,3.28,4.97,6.60,8.20,9.84,11.48,13.15,16.42,16.40,18.04,19.75,21.34,22.38,23.25,24.06,24.78,25.30,26.09,26.66
32.10,1.62,3.20,4.85,6.40,8.02,9.60,11.20,12.81,14.41,15.98,18.16,19.22,20.85,22.08,23.06,24.22,24.56,25.17,23.92,26.42
33.75,1.71,3.39,5.07,6.76,8.44,10.88,11.83,13.56,15.22,16.88,18.54,20.22,21.60,22.81,23.71,24.43,25.17,25.82,26.42,27.12
33.15,1.68,3.32,4.99,6.65,8.30,10.66,11.62,13.26,14.97,16.84,18.28,19.93,21.63,22.72,23.48,24.30,24.04,25.54,26.25,26.96
32.46,1.64,3.24,4.87,6.49,8.11,9.74,11.35,12.98,14.63,15.68,17.82,19.45,21.05,21.21,23.16,23.93,24.67,25.32,25.82,26.54
32.45,1.64,3.24,4.86,6.48,8.11,9.72,12.50,12.99,14.56,16.25,17.83,19.46,21.11,20.03,23.16,23.91,24.67,25.44,25.96,26.55
33.42,1.69,3.34,5.01,6.68,8.35,10.01,11.71,13.34,15.05,16.71,18.32,21.11,21.71,22.71,23.48,24.31,24.95,25.43,26.30,26.81
31.07,1.57,3.10,4.65,6.20,7.75,9.30,10.86,12.40,13.93,15.51,17.07,18.66,20.67,20.48,22.61,23.37,24.17,24.79,25.56,25.18
32.99,1.67,3.30,5.01,6.61,8.25,9.89,11.57,13.21,14.86,16.51,18.18,19.82,21.50,22.53,23.46,24.18,24.76,25.56,26.10,26.80
33.02,1.67,3.30,4.95,6.60,8.25,9.91,11.56,13.22,14.83,16.55,18.11,19.83,21.51,22.49,23.41,24.07,24.80,25.46,26.26,26.70
31.37,1.58,3.14,4.71,6.29,7.86,9.41,10.99,12.59,14.15,15.72,17.23,18.79,20.42,21.95,24.80,23.57,22.78,24.79,23.93,26.23
33.68,1.70,3.36,5.05,6.72,8.39,10.10,11.77,13.48,15.14,16.86,18.52,20.34,21.85,22.72,26.65,22.12,25.04,25.70,31.60,26.95
33.82,1.71,3.38,5.07,6.76,8.45,10.14,11.83,13.52,15.23,16.91,18.64,19.83,21.93,22.92,23.59,24.42,25.18,25.85,26.54,26.96
30.90,1.57,3.10,4.65,6.20,8.41,9.30,10.85,12.42,13.97,15.51,17.07,18.59,20.13,21.69,22.63,21.88,24.06,24.77,25.44,26.11
32.44,1.64,3.24,4.86,6.48,8.11,9.72,11.36,13.00,16.27,16.18,17.89,19.48,21.05,22.32,23.16,23.95,24.66,25.42,25.97,26.54
32.16,1.63,3.22,4.83,6.44,8.05,9.67,11.28,12.90,14.50,16.10,17.71,19.35,20.89,22.18,23.02,23.93,27.16,25.32,25.96,26.39
32.39,1.64,3.25,4.86,6.48,8.10,9.74,11.36,12.93,14.40,16.15,17.80,19.45,21.13,22.31,23.16,23.94,24.67,25.30,25.84,26.46
32.89,1.66,3.27,4.92,6.56,8.20,9.84,11.47,13.12,14.72,19.65,18.03,19.63,20.65,22.48,23.25,21.59,24.83,25.42,26.10,26.70
31.42,1.59,3.14,4.71,6.28,7.86,9.43,10.99,12.57,14.12,15.71,17.91,18.90,20.55,20.61,22.81,23.60,24.30,24.92,25.41,26.12
33.69,1.70,3.36,5.04,6.74,8.39,10.07,11.75,13.45,15.13,16.84,18.52,20.12,21.86,22.81,23.61,24.32,25.02,33.87,26.41,26.97
31.61,1.59,3.16,4.74,6.32,7.90,9.49,11.05,12.65,14.24,15.77,17.43,18.96,20.55,22.07,22.81,23.60,24.25,25.08,25.69,26.39
32.79,1.66,3.28,4.92,6.57,8.20,9.84,11.50,13.13,14.73,16.45,18.03,19.64,21.34,22.51,23.37,23.56,24.79,25.45,26.17,26.70
31.34,1.59,3.16,4.71,6.29,7.85,9.41,10.99,12.58,14.14,15.72,17.31,18.95,20.39,22.01,22.79,23.59,24.31,27.42,25.57,28.98
31.90,1.61,3.18,4.77,6.36,7.95,9.56,11.13,12.68,14.32,15.95,17.51,19.17,20.70,22.09,22.84,23.63,24.55,25.69,25.70,26.40
32.05,1.62,3.20,4.80,6.41,8.00,9.61,11.20,12.81,14.41,15.96,17.58,19.21,20.77,22.16,23.05,23.81,24.53,25.17,25.83,26.37
32.14,1.63,3.22,4.83,6.44,8.62,9.66,12.44,12.88,16.28,16.10,19.61,19.28,22.17,22.31,25.73,26.30,25.03,25.32,25.96,26.54
32.35,1.64,3.24,4.86,6.49,8.10,9.73,11.32,12.94,14.61,16.22,17.83,19.41,21.03,22.28,23.16,23.94,24.66,25.32,26.11,29.45
33.04,1.67,3.30,4.95,6.60,8.25,9.92,11.57,13.20,14.85,16.49,18.16,19.87,21.42,22.50,23.38,24.08,24.80,25.55,26.10,24.61
32.91,1.67,3.30,4.95,6.60,8.71,9.90,12.92,13.20,14.83,16.48,18.17,19.89,24.83,22.51,25.87,24.15,24.81,25.56,26.68,26.67
33.33,1.69,3.35,5.01,6.67,8.35,9.92,11.72,13.61,15.07,16.74,18.40,20.07,20.26,22.61,23.53,24.31,24.91,25.71,26.39,26.85
34.03,1.72,3.40,5.10,6.80,8.50,10.22,11.91,13.63,15.31,17.00,21.01,20.32,21.99,22.94,23.72,24.40,25.29,25.98,26.53,27.15
30.94,1.56,3.13,4.70,6.20,7.75,9.29,10.85,12.40,13.96,15.51,17.06,18.67,20.11,21.68,22.59,23.39,24.06,24.76,25.43,25.98
31.00,1.56,3.10,4.65,6.20,7.75,9.30,10.86,12.43,14.00,15.51,17.07,18.62,20.18,21.72,22.60,22.75,24.04,24.77,25.43,25.98
32.18,1.63,3.22,4.83,6.43,8.06,9.67,11.28,12.91,14.54,16.08,17.70,19.34,20.98,22.33,21.79,23.93,24.56,25.29,25.84,26.53
32.77,1.66,3.28,4.97,6.56,8.20,9.84,11.49,13.13,14.77,16.36,18.05,19.66,21.46,22.44,23.33,24.14,24.41,25.46,26.10,26.70
32.45,1.64,3.24,4.86,6.48,8.10,9.71,11.36,12.95,14.58,16.21,17.87,19.43,21.08,25.83,23.15,25.17,24.54,25.41,25.97,26.67
30.99,1.56,3.10,4.65,6.20,7.75,9.29,10.84,12.41,13.95,15.51,17.06,18.58,20.10,21.69,22.60,21.88,24.07,24.79,25.43,26.11
32.05,1.62,3.20,4.80,6.40,8.00,9.60,11.20,12.79,14.44,16.03,17.68,19.22,20.82,21.54,23.04,23.81,24.51,25.20,25.83,30.32
32.51,1.65,3.26,4.89,6.52,8.15,9.79,11.41,13.13,14.68,16.35,17.99,19.61,21.18,22.35,23.28,23.94,28.57,25.43,26.10,26.70
32.61,1.65,3.25,4.89,6.52,8.15,9.80,11.42,13.05,14.71,16.22,17.90,19.50,20.65,22.41,23.25,23.94,23.61,25.41,28.26,26.52
33.21,1.68,3.32,4.99,6.64,8.42,9.96,11.62,13.26,14.96,16.66,18.21,19.59,20.48,22.62,23.44,24.05,24.86,25.68,26.23,27.04
30.96,1.57,3.10,4.65,6.20,7.76,9.29,10.87,12.42,13.95,15.51,17.08,18.65,20.15,21.70,22.59,21.90,24.07,24.78,25.44,25.99
31.09,1.56,3.10,4.65,6.21,7.75,9.30,10.85,12.43,14.00,15.50,17.09,18.60,20.11,21.68,25.54,23.40,24.19,24.78,25.42,26.13
34.23,1.73,3.42,5.13,6.84,8.55,10.26,11.98,13.71,15.40,17.10,18.83,19.89,22.09,22.93,23.82,24.55,25.31,25.95,26.71,27.16
32.13,1.63,3.22,4.83,6.44,8.04,9.67,11.27,12.86,14.54,16.06,17.70,19.34,20.88,22.21,25.99,24.56,24.71,25.18,25.83,26.55
32.97,1.67,3.30,4.95,6.59,8.25,9.92,11.56,13.21,14.88,16.51,18.17,18.93,21.42,22.49,23.38,24.09,24.82,25.59,26.10,29.76
32.35,1.64,3.24,4.86,6.48,8.10,9.73,11.34,12.60,15.21,18.17,17.82,21.63,21.02,22.28,23.63,23.95,26.82,25.30,25.17,26.66
33.36,1.69,3.38,5.02,6.68,8.35,10.03,11.72,13.34,15.05,16.77,18.41,20.00,21.72,22.63,23.53,24.30,29.12,25.55,26.39,26.83
27.81,1.42,2.78,4.17,5.56,6.95,8.35,9.61,10.68,11.57,12.59,13.52,14.40,15.20,15.99,16.70,17.40,18.12,18.80,19.32,19.94
30.57,1.56,3.06,4.59,6.13,7.66,9.16,10.36,11.47,12.56,13.49,14.48,15.29,16.22,17.05,17.79,18.52,19.18,19.79,20.46,21.07
26.11,1.33,2.62,3.93,5.24,6.54,7.87,9.15,10.02,11.16,12.05,12.99,13.80,14.53,15.34,16.09,16.81,17.41,18.23,18.72,19.25
26.73,1.37,2.68,4.02,5.36,6.71,8.04,9.33,10.38,11.35,13.17,13.20,14.03,14.84,15.63,16.37,16.99,17.66,18.26,18.95,19.48
27.49,1.40,2.76,4.11,5.48,6.85,8.40,9.50,10.50,11.55,12.49,13.38,14.24,15.06,15.83,16.59,17.29,17.98,19.34,19.24,19.80
27.08,1.38,2.70,4.15,5.40,6.76,8.11,9.37,10.42,11.51,12.36,13.36,14.11,14.87,15.80,16.41,17.10,17.78,18.46,19.03,19.25
22.14,1.13,2.22,3.33,4.52,5.55,6.67,7.76,8.89,10.36,10.65,11.46,12.22,12.95,13.71,14.15,14.54,15.64,16.30,16.82,17.40
27.80,1.42,2.78,4.17,5.56,6.95,8.35,9.61,10.67,11.66,12.59,13.53,14.14,15.20,15.99,16.76,17.47,18.12,20.64,19.32,21.06
28.33,1.45,2.84,4.26,5.68,7.11,8.67,9.76,10.84,11.81,12.73,13.76,14.61,16.03,17.70,17.05,16.97,18.26,22.14,19.64,20.14
28.19,1.44,2.82,4.23,5.64,7.04,8.45,9.56,10.79,11.80,14.34,13.68,14.57,15.39,16.13,16.93,17.63,18.32,18.90,19.57,20.13
26.40,1.34,2.64,3.96,5.28,6.60,7.93,9.21,10.25,11.25,12.15,13.02,13.86,14.66,15.48,16.21,16.92,17.55,18.19,18.76,19.32
27.67,1.41,2.76,4.14,5.51,6.89,8.28,9.56,10.61,11.61,11.70,13.87,14.32,15.11,15.83,16.76,17.33,18.05,18.60,19.17,20.00
26.95,1.38,2.70,4.16,5.40,6.75,8.11,9.39,10.42,11.39,12.44,13.23,14.07,14.92,15.68,17.80,17.10,18.13,18.40,20.76,19.65
28.26,1.44,2.82,4.23,5.64,7.06,8.47,9.72,10.76,11.80,12.75,13.67,14.52,14.46,16.16,16.87,17.59,18.31,18.89,19.55,20.11
26.74,1.36,2.68,4.02,5.31,6.71,8.04,9.30,10.04,11.34,12.27,13.16,14.02,14.83,15.58,16.31,17.04,17.73,18.70,18.96,19.47
27.18,1.39,2.72,4.09,5.44,6.80,8.16,9.42,10.49,11.44,12.43,13.31,14.20,14.67,15.74,16.53,17.02,17.85,18.52,19.19,19.90
27.28,1.39,2.72,4.08,5.44,7.11,8.16,9.43,10.47,11.50,12.39,13.14,14.14,14.97,15.78,16.53,17.97,17.84,18.53,19.18,19.73
27.49,1.40,2.74,4.22,5.46,6.86,8.23,9.50,10.56,11.55,12.53,13.82,14.27,15.07,15.83,16.53,17.23,17.91,17.94,19.25,19.80
27.45,1.40,2.74,4.11,5.49,6.85,8.23,9.48,10.56,11.56,13.77,13.38,16.10,14.97,15.75,16.59,17.21,17.90,18.60,19.17,19.80
26.43,1.34,2.64,3.96,5.28,6.60,7.93,9.06,10.25,12.22,12.13,13.03,13.84,14.65,15.19,16.20,16.88,17.46,18.11,18.80,21.64
27.86,1.42,2.78,4.20,5.56,6.92,8.35,9.59,10.67,11.69,12.62,13.49,13.12,15.18,15.95,16.76,17.47,17.94,18.74,19.32,19.28
28.39,1.45,2.84,4.28,5.68,7.11,8.70,9.74,10.79,11.86,12.82,13.56,14.61,17.58,15.66,16.96,17.72,18.40,18.96,19.64,20.21
23.58,1.20,2.36,3.54,4.72,5.90,7.08,8.26,9.37,10.29,11.19,12.02,12.82,14.13,14.32,15.01,15.69,18.21,16.93,17.47,17.84
27.80,1.42,2.78,4.17,5.56,6.95,8.35,9.60,10.67,11.69,12.46,13.52,13.94,15.20,15.99,17.50,17.16,18.05,18.73,18.72,21.27
26.59,1.35,2.66,3.99,5.32,6.65,7.95,9.24,10.28,11.26,12.23,13.12,13.95,14.74,15.52,16.73,16.92,17.59,18.25,22.71,19.40
27.09,1.38,2.71,4.07,5.40,6.75,8.09,9.37,10.38,11.40,12.34,13.27,14.10,14.92,15.69,16.42,17.10,17.78,18.46,19.03,19.64
28.06,1.43,2.80,4.20,5.60,6.99,8.40,9.64,10.74,11.48,12.68,13.60,14.39,15.25,18.44,16.75,17.47,17.67,17.83,19.49,20.05
27.97,1.43,2.80,4.20,5.60,7.00,8.39,9.63,10.72,11.75,12.37,13.60,14.40,15.28,16.06,16.82,17.49,18.19,18.73,19.47,20.05
30.11,1.54,3.02,4.54,6.04,7.54,9.07,10.27,11.37,12.79,13.41,14.91,15.25,16.06,16.77,17.66,18.39,19.11,19.72,20.46,20.81
29.33,1.50,2.94,4.41,5.88,7.34,8.80,10.02,11.11,12.18,13.39,14.02,14.97,15.73,16.59,17.35,18.28,18.73,20.25,19.96,20.59
28.70,1.47,2.88,4.32,5.97,7.21,8.64,10.10,10.94,11.98,12.95,14.00,14.79,15.59,16.36,19.65,20.61,21.79,19.18,19.80,20.28
27.34,1.40,2.74,4.21,5.48,6.85,8.21,9.49,10.54,11.98,12.46,13.62,14.27,15.06,15.82,16.49,17.22,17.86,18.52,19.17,19.79
28.87,1.47,2.90,4.32,5.76,7.19,8.64,9.86,10.96,11.97,12.96,13.86,14.74,15.55,16.32,17.63,17.86,18.53,19.18,22.21,20.38
27.23,1.39,2.72,4.08,5.44,6.80,8.82,9.44,10.49,11.50,12.43,13.30,14.15,14.95,15.74,16.47,17.76,17.91,18.53,19.10,19.71
28.92,1.48,2.90,4.35,5.80,7.25,8.71,9.94,11.01,12.07,12.84,13.95,14.74,15.58,16.38,17.24,17.92,18.60,19.24,19.87,20.45
26.56,1.36,2.66,3.99,5.32,6.66,7.98,9.26,10.29,11.29,12.26,13.09,13.95,14.75,15.54,16.26,16.93,17.59,18.25,18.80,19.47
27.65,1.41,2.76,4.14,5.52,6.90,8.30,9.55,10.60,11.61,12.55,13.41,14.33,15.08,15.84,16.53,17.15,17.97,18.65,19.31,19.86
27.23,1.39,2.72,4.08,5.44,6.80,8.16,9.43,10.41,11.47,12.39,13.31,14.16,14.92,15.69,16.48,17.11,17.62,18.46,19.04,19.63
28.74,1.47,2.88,4.36,5.76,7.21,8.64,9.86,10.98,12.00,12.92,13.84,14.69,15.58,16.35,17.11,17.85,18.48,20.27,20.31,20.36
28.17,1.44,2.82,4.23,5.64,7.06,8.44,9.70,10.79,11.77,13.13,13.64,14.49,15.33,16.15,16.87,17.60,18.23,18.89,23.09,20.13
27.72,1.42,2.78,4.17,5.56,6.96,8.35,9.61,10.67,11.69,12.62,13.56,14.39,16.72,15.99,16.69,17.35,18.06,18.63,19.33,20.28
28.65,1.46,2.86,4.29,5.93,7.14,8.58,9.72,11.79,11.95,12.89,13.80,14.67,15.54,16.24,16.99,17.80,18.32,18.95,23.40,20.28
26.52,1.35,2.66,3.99,5.43,6.93,7.97,9.07,10.29,11.29,12.15,13.06,13.86,14.74,15.54,16.20,16.98,17.60,18.18,18.83,19.41
24.56,1.26,2.46,3.69,4.92,6.15,7.38,8.61,9.62,10.60,11.53,12.34,13.13,13.95,14.22,15.34,15.97,16.76,17.35,17.92,18.59
26.90,1.38,2.72,4.05,5.39,6.75,8.11,9.39,10.42,12.21,12.37,13.24,14.10,14.92,15.68,16.42,17.14,17.51,18.39,19.56,19.64
25.84,1.31,2.58,3.87,5.17,6.45,7.75,9.03,10.06,11.01,11.95,13.75,14.85,14.39,15.20,17.70,16.63,17.27,17.90,18.53,19.19
26.35,1.34,2.64,3.96,5.28,6.60,7.91,9.20,10.23,11.06,12.12,13.03,13.87,14.64,15.48,16.21,16.80,17.53,17.84,18.81,19.32
27.80,1.42,2.82,4.17,5.56,6.75,8.35,9.61,11.43,11.64,12.65,13.53,14.40,15.20,15.99,16.69,17.47,18.11,18.73,19.40,19.97
27.66,1.41,2.76,4.14,5.53,6.90,8.28,9.55,10.63,11.61,13.43,13.42,14.61,15.06,15.96,16.59,18.20,17.99,18.62,19.18,21.17
27.17,1.39,2.72,4.08,5.44,6.80,8.18,9.44,10.49,11.50,12.43,13.57,14.17,14.98,15.78,16.48,17.22,18.56,18.46,18.79,19.72
27.61,1.41,2.76,4.28,5.53,6.90,8.28,9.53,10.58,11.60,12.53,13.41,14.31,15.10,15.94,16.63,17.36,18.05,18.69,19.33,19.86
26.86,1.37,2.68,4.02,5.36,6.70,8.04,9.33,10.36,11.36,12.89,13.19,14.03,14.83,16.55,16.20,16.99,17.64,18.32,20.26,19.48
27.71,1.42,2.78,4.17,5.56,6.96,8.35,9.59,10.65,11.68,12.59,13.52,14.34,15.20,15.98,15.99,17.41,18.12,18.82,19.32,19.96
30.40,1.55,3.04,4.56,6.08,7.59,9.09,10.25,11.42,12.46,13.16,14.39,15.30,16.16,16.99,17.74,18.47,19.10,19.80,19.36,21.06
26.27,1.33,2.62,3.93,5.25,6.55,7.87,9.16,10.19,11.15,12.09,12.95,13.83,14.61,15.34,16.04,16.76,17.47,18.05,18.65,18.58
26.32,1.35,2.64,3.96,5.27,6.59,7.93,9.19,10.23,11.21,12.12,12.99,13.83,14.62,14.43,16.20,16.87,17.23,18.18,18.77,19.28
28.30,1.44,2.82,4.23,5.64,7.06,8.45,9.72,10.79,11.80,12.75,13.55,16.47,17.68,16.78,16.68,17.58,18.24,18.95,19.64,20.03
26.50,1.35,2.66,3.99,5.32,6.65,8.23,9.26,10.31,11.28,12.25,13.12,13.95,14.75,15.53,16.25,16.98,17.66,18.25,18.89,19.48
27.66,1.41,2.76,4.14,5.52,6.90,8.30,9.53,10.60,11.58,12.56,13.45,14.31,15.11,15.89,16.63,17.04,17.98,18.66,18.92,19.87
27.51,1.41,2.76,4.20,5.52,7.24,8.28,9.55,10.53,11.57,13.25,13.38,14.36,15.10,15.55,16.59,17.29,17.99,18.61,19.25,20.77
25.70,1.31,2.58,3.87,5.16,6.45,7.75,9.03,10.06,11.01,11.92,12.80,13.64,14.48,15.20,15.89,16.64,18.03,17.80,18.52,19.11
27.16,1.39,2.74,4.08,5.44,6.80,8.25,9.44,10.42,11.73,12.41,13.31,14.06,14.96,15.68,16.95,17.10,17.91,18.46,19.09,19.73
27.66,1.41,2.76,4.14,5.52,6.90,8.23,9.55,10.60,11.61,12.55,13.45,14.32,15.10,15.46,16.64,17.29,18.72,20.79,22.74,19.86
28.06,1.43,2.80,4.20,5.60,7.05,8.40,9.65,10.69,11.75,12.72,13.10,14.48,15.29,16.04,16.70,17.47,18.18,18.81,21.63,19.58
27.54,1.41,2.76,4.26,5.52,7.24,8.28,9.53,10.58,11.58,12.53,15.01,14.14,15.10,15.56,16.64,17.29,20.72,18.46,19.32,20.32
27.69,1.41,2.76,4.14,5.52,6.90,8.28,9.53,10.58,11.60,12.56,13.31,14.31,15.91,15.88,16.63,17.41,21.17,18.66,23.56,19.84
26.49,1.34,2.64,3.96,5.28,6.60,7.91,9.20,10.82,11.19,12.15,12.64,13.84,14.70,15.43,16.21,16.80,17.60,18.17,18.76,19.26
27.65,1.41,2.76,4.14,5.52,6.91,8.27,9.52,10.61,11.63,12.41,13.48,14.68,14.55,15.88,16.64,17.36,18.14,18.66,19.32,19.88
26.51,1.35,2.66,3.99,5.32,6.65,7.97,9.27,10.31,11.29,12.25,13.07,13.92,14.71,15.49,16.20,16.93,17.68,18.25,18.88,19.49
26.64,1.35,2.66,3.99,5.32,6.64,7.97,9.25,10.21,11.29,12.24,13.12,13.99,14.72,16.23,16.24,16.87,17.76,18.25,18.88,19.41
26.84,1.37,2.68,4.05,5.36,6.70,8.06,9.32,10.36,11.37,12.31,13.20,14.04,14.83,15.91,16.37,17.06,17.72,18.32,18.43,19.56
28.64,1.46,2.86,4.29,5.73,7.16,8.58,9.82,10.91,11.92,12.89,13.79,14.70,15.54,16.25,19.75,17.80,18.45,19.12,19.63,20.21
27.60,1.41,2.76,4.14,5.52,6.90,8.28,9.55,10.60,11.61,12.55,13.45,14.42,15.10,15.93,16.64,19.30,18.12,18.85,19.24,23.77
27.72,1.42,2.78,4.22,5.56,6.96,8.34,9.58,10.68,11.69,12.59,13.52,14.39,15.21,15.99,16.71,17.41,18.13,18.80,19.41,19.95
27.24,1.39,2.72,4.08,5.44,6.80,8.16,9.42,10.47,11.44,12.19,13.27,14.14,15.01,15.74,16.54,17.16,17.92,18.52,21.34,19.71
28.50,1.45,2.84,4.26,5.68,7.10,8.53,9.78,10.84,11.89,12.85,13.71,14.61,15.33,16.15,16.98,17.65,18.38,19.03,19.64,20.20
25.67,1.30,2.56,3.98,5.12,6.40,7.69,9.81,10.00,10.98,11.89,12.75,13.61,14.35,15.11,15.84,16.53,17.16,18.01,18.39,19.02
28.33,1.45,2.84,4.26,5.68,7.46,8.52,9.74,10.84,11.83,12.78,13.71,14.61,15.39,16.20,16.98,19.93,18.21,19.03,19.62,20.20
27.08,1.38,2.70,4.05,5.41,6.77,8.11,9.39,10.43,11.21,12.33,13.27,14.11,14.92,16.33,16.42,18.91,17.79,18.46,19.03,19.63
27.56,1.41,2.76,4.14,5.52,6.91,8.28,9.55,10.61,11.61,12.50,13.49,14.32,15.10,15.79,16.65,17.35,18.06,18.68,19.26,19.86
28.05,1.43,2.80,4.20,5.60,6.99,8.42,9.66,10.72,11.74,12.69,13.59,14.43,15.28,16.05,16.80,17.47,18.18,18.88,19.47,20.03
27.97,1.43,2.80,4.20,5.60,6.94,8.40,9.67,10.75,12.21,12.72,13.64,14.47,15.43,16.00,16.77,17.53,18.19,20.85,22.38,19.96
27.97,1.43,2.80,4.20,5.61,7.01,8.39,9.65,10.72,11.75,13.27,13.61,14.48,15.28,16.23,16.84,17.56,18.11,18.80,19.48,20.13
27.97,1.43,2.80,4.20,5.60,7.01,8.56,9.65,10.74,12.02,12.69,13.64,14.48,15.29,16.11,16.81,17.47,18.18,18.89,19.48,20.05
27.83,1.42,2.78,4.17,5.56,6.94,8.35,9.61,10.67,11.68,12.62,13.53,14.32,15.20,15.99,16.75,17.47,18.12,18.74,19.40,19.96
27.73,1.42,2.78,4.17,5.56,6.95,8.34,8.91,10.99,11.66,12.60,13.53,14.40,15.20,15.99,16.76,17.40,18.05,18.82,19.34,19.95
27.85,1.42,2.78,4.17,5.57,6.94,8.27,9.61,10.67,11.69,12.55,13.78,14.32,15.15,15.94,16.41,17.50,18.06,18.67,19.28,19.89
28.14,1.44,2.82,4.23,5.64,7.04,8.46,9.72,10.79,11.80,12.79,13.64,14.50,15.29,16.10,16.88,17.56,18.18,18.87,19.55,20.09
27.86,1.42,2.78,4.17,5.56,6.95,8.34,9.61,10.67,11.69,12.66,13.56,14.40,15.19,15.99,16.69,17.41,18.11,18.74,19.36,19.97
26.41,1.34,2.64,4.03,5.28,6.60,7.92,9.19,10.23,11.24,12.16,12.78,13.90,14.69,15.36,16.88,16.87,17.68,18.11,18.73,19.26
27.96,1.43,2.80,4.23,5.56,7.00,8.40,9.63,10.74,11.74,12.72,13.64,14.44,15.28,16.04,16.81,17.53,18.26,18.80,19.42,20.07
28.60,1.46,2.86,4.29,5.72,7.16,8.58,9.82,10.91,11.94,12.89,13.79,14.61,16.88,16.32,16.99,17.65,18.47,19.03,19.72,19.91
29.76,1.52,2.98,4.47,5.97,7.46,8.96,10.14,11.23,12.28,13.23,14.18,15.23,15.95,16.84,17.48,17.91,18.89,19.47,20.81,20.70
26.20,1.33,2.62,3.93,5.24,6.55,7.87,9.16,10.18,11.19,12.09,12.92,15.21,14.61,16.53,16.05,19.00,19.09,18.11,18.62,19.13
27.15,1.39,2.72,4.08,5.44,6.80,8.16,9.42,10.47,11.50,12.40,13.30,14.15,14.97,15.74,19.30,18.03,17.84,18.52,19.10,19.70
27.54,1.41,2.76,4.14,5.52,6.90,8.29,9.55,10.61,11.61,12.53,14.01,14.32,15.16,15.93,16.60,17.41,18.05,18.67,19.32,19.87
28.97,1.48,2.90,4.35,5.81,7.25,8.69,9.92,11.03,11.95,13.28,14.50,14.84,15.63,16.41,17.22,21.16,18.62,19.08,19.86,24.67
27.09,1.38,2.70,4.16,5.40,6.74,8.11,9.39,10.42,11.42,12.34,13.58,13.91,14.72,15.69,16.41,17.16,17.78,18.38,19.05,19.64
28.43,1.45,2.84,4.26,5.68,7.10,8.53,9.76,10.86,11.83,12.82,13.75,14.61,15.44,16.20,18.69,17.66,18.32,18.95,19.63,20.67
27.88,1.42,2.78,4.17,5.57,6.95,8.33,9.61,10.65,11.64,12.62,14.99,14.31,15.19,15.99,16.69,17.13,18.05,18.69,19.23,19.89
